Wavelength,Reflectance-0,Reflectance-5,Reflectance-10,Reflectance-15,Reflectance-20,Reflectance-25,Reflectance-30,Reflectance-35,Reflectance-40,Reflectance-45,Reflectance-50,Reflectance-55,Reflectance-60
300.0,3.7129873657226504,3.71289592742919,3.7140880584716798,3.7204800415039,3.73840270996093,3.7791159057617105,3.8601252746582,4.009067287445061,4.2693177795410095,4.70884155273437,5.43518188476562,6.620064239501949,8.53951702833175
301.0,3.70707977294921,3.7070219039916896,3.70827545166015,3.7149964141845704,3.7324288940429597,3.7733938598632797,3.8542731475829997,4.003041467666621,4.26321914672851,4.7026594543457,5.42878921508789,6.61313819885253,8.53248706102371
302.0,3.70158081054687,3.7016831207275303,3.70283966064453,3.7092877197265604,3.7271987915039,3.76742553710937,3.84829216003417,3.9974803256988505,4.25718040466308,4.69633728027343,5.421982879638669,6.606187286376949,8.524252119064329
303.0,3.6956826782226497,3.6957102966308497,3.69735740661621,3.70340850830078,3.72151824951171,3.76178436279296,3.84251777648925,3.9915943813323898,4.25110572814941,4.69021850585937,5.41560852050781,6.59899185180664,8.51726948261261
304.0,3.6898358154296798,3.6899066543579098,3.6916474914550697,3.69821235656738,3.71564453125,3.75658538818359,3.83712265014648,3.9856055259704504,4.2451048278808505,4.6841157531738205,5.4089811706542905,6.592109375000001,8.50916671037674
305.0,3.68448211669921,3.68464069366455,3.68642173767089,3.69262023925781,3.7105114746093704,3.75071472167968,3.83160339355468,3.9797631168365397,4.2392674255371,4.67803115844726,5.40280700683593,6.58560943603515,8.50219598412513
306.0,3.67957275390625,3.6795256805419903,3.6807368469238195,3.6870190429687497,3.7048654174804603,3.7455435180664,3.8259362030029296,3.97433795928955,4.23374107360839,4.6721614074707,5.39650451660156,6.5788069152832005,8.49522847652435
307.0,3.67426635742187,3.67429088592529,3.67559135437011,3.68193756103515,3.69976104736328,3.7399603271484296,3.82077514648437,3.9691767501831,4.22794174194335,4.66613815307617,5.39035171508789,6.57237129211425,8.48763276696205
308.0,3.66846649169921,3.6685445022583,3.67027542114257,3.6763637542724603,3.6942584228515605,3.7349267578124996,3.81512351989746,3.96389080047607,4.222677993774409,4.66013366699218,5.38424758911132,6.565445175170891,8.4808199930191
309.0,3.66409606933593,3.6639877700805603,3.66516075134277,3.6712957763671796,3.6894427490234296,3.7293722534179596,3.81000396728515,3.95813301086425,4.21724021911621,4.65434387207031,5.37819198608398,6.55903686523437,8.473982945680609
310.0,3.6588439941406206,3.65882205963134,3.6601175689697203,3.66629608154296,3.6839688110351503,3.72456390380859,3.80509094238281,3.9528815841674803,4.21151344299316,4.64899749755859,5.372109680175781,6.55252014160156,8.4664432311058
311.0,3.65317016601562,3.6532571029663,3.6549363708496,3.6610791015624997,3.6789019775390597,3.7190856933593697,3.79953659057617,3.94780901908874,4.20621360778808,4.64330825805664,5.3662115478515595,6.54632926940917,8.45964676499366
312.0,3.64883605957031,3.64873146057128,3.64990890502929,3.6560393524169896,3.67418365478515,3.71408996582031,3.7946360015869103,3.94262549400329,4.20103469848632,4.63759826660156,5.36064880371093,6.54000762939453,8.45332162857055
313.0,3.64374420166015,3.6437653350829997,3.64506118774414,3.6513947296142497,3.6692065429687495,3.70937896728515,3.78931350708007,3.93703901290893,4.1958600616455,4.63248794555664,5.35463409423828,6.533897705078121,8.4465596306324
314.0,3.6385171508789,3.6386422538757297,3.64034645080566,3.6464338684081996,3.66404144287109,3.7044076538085897,3.7843072509765605,3.9325192928314197,4.19034797668457,4.62680114746093,5.34936660766601,6.527738037109369,8.44024576544761
315.0,3.6338330078125,3.6343078422546298,3.6350443267822197,3.64127113342285,3.65908935546875,3.6992517089843697,3.77970207214355,3.9274974822998,4.18519927978515,4.62175308227539,5.34354202270507,6.5216960906982395,8.43288071036338
316.0,3.62875457763671,3.62880870819091,3.63049331665039,3.6365917968750003,3.65447357177734,3.69455596923828,3.77491905212402,3.9223611164093,4.18051437377929,4.61615982055664,5.33759460449218,6.515615234375,8.42660313129425
317.0,3.62447479248046,3.62451429367065,3.6255979156494105,3.6319827270507803,3.6498001098632797,3.6896810913085902,3.76999771118164,3.91749822616577,4.17508964538574,4.61118469238281,5.33235397338867,6.50973510742187,8.419986937046051
318.0,3.6194366455078097,3.61947942733764,3.62107322692871,3.62714050292968,3.64519714355468,3.68502410888671,3.76542007446289,3.91243340492248,4.170481643676751,4.60617401123046,5.32660858154296,6.5040859985351505,8.41374380588531
319.0,3.61530334472656,3.61521127700805,3.61636474609375,3.62254425048828,3.6403445434570303,3.68042205810546,3.76021499633789,3.9074592876434298,4.1655377960205,4.60064224243164,5.321318359375,6.49808975219726,8.40760394692421
320.0,3.6102804565429603,3.6103227043151804,3.6119133758544897,3.6179669189453096,3.63576629638671,3.6758428955078104,3.75571090698242,3.9031634235382002,4.16044486999511,4.59586730957031,5.31614456176757,6.49229484558105,8.40148863077163
321.0,3.60614929199218,3.60606119155883,3.60728088378906,3.6134096527099597,3.6314593505859296,3.67126678466796,3.75103622436523,3.89821785926818,4.15561462402343,4.59093994140625,5.31042526245117,6.48714431762695,8.39538443088531
322.0,3.6012777709960897,3.60133623123168,3.60285247802734,3.6090970611572204,3.62690673828125,3.66671264648437,3.7465542602539004,3.89393499374389,4.1506993865966795,4.585639343261709,5.30571334838867,6.4815399932861295,8.389281572103501
323.0,3.59715667724609,3.5971140098571697,3.5983431243896398,3.60461952209472,3.62241119384765,3.66221557617187,3.74190612792968,3.88904649734497,4.14634742736816,4.5807702636718695,5.30060852050781,6.475829467773429,8.38318189263343
324.0,3.592734375,3.59280979156494,3.59398971557617,3.60054870605468,3.6178842163085903,3.65793395996093,3.73795333862304,3.8848000812530503,4.141347656250001,4.57608291625976,5.29509399414062,6.47012229919433,8.377120164632789
325.0,3.58864929199218,3.58862779617309,3.58994445800781,3.5960961914062497,3.6134146118164,3.6534619140625004,3.73338554382324,3.8799680233001697,4.1370156860351495,4.57145141601562,5.29044738769531,6.46474510192871,8.371150113344191
326.0,3.5838024902343704,3.58396192550659,3.5857063293457,3.5918853759765597,3.60921783447265,3.64939849853515,3.72914184570312,3.87573205947876,4.13219650268554,4.566609802246091,5.28536697387695,6.459694061279291,8.36510022997856
327.0,3.5797283935546798,3.57978666305542,3.5813801574707,3.5873748779296797,3.60521331787109,3.64519866943359,3.724585647583,3.87154150009155,4.1280345153808495,4.56203674316406,5.27991088867187,6.454381103515621,8.35951493144035
328.0,3.5757894897460902,3.5757480621337803,3.57698318481445,3.58325813293457,3.6010418701171796,3.6407537841796804,3.72021766662597,3.86682671546936,4.12323982238769,4.55743072509765,5.2754684448242095,6.44876449584961,8.35359527111053
329.0,3.5714315795898397,3.57154338836669,3.57320983886718,3.5792920684814398,3.5966064453125,3.63658050537109,3.71604858398437,3.8626594734191797,4.1189924621582,4.55287536621093,5.27040893554687,6.44410202026367,8.34873010873794
330.0,3.56750396728515,3.5675119781494096,3.56890914916992,3.57513366699218,3.5924621582031198,3.63261322021484,3.71205245971679,3.8583945369720403,4.11467864990234,4.54828125,5.26558547973632,6.43887168884277,8.34328186392784
331.0,3.5635760498046802,3.56353168487548,3.5647563171386696,3.57097679138183,3.58875823974609,3.62851470947265,3.7078874969482403,3.8543628787994297,4.11060607910156,4.54374450683593,5.261207275390619,6.4334228515625,8.33739916205406
332.0,3.5592379760742103,3.55948051452636,3.5610776519775302,3.56710510253906,3.58441772460937,3.62437347412109,3.70374603271484,3.8502092933654697,4.10638053894042,4.53938415527343,5.256345367431639,6.4288417053222595,8.33149032115936
333.0,3.5553152465820297,3.5553746414184504,3.5569602203369097,3.5629611206054603,3.5807244873046797,3.62048034667968,3.6998439788818303,3.8460915851593,4.10168151855468,4.53490661621093,5.251982421875,6.4236396789550705,8.32608817338943
334.0,3.5519754028320296,3.55193752288818,3.55323051452636,3.5593531036376898,3.57666229248046,3.6163604736328097,3.6957097625732396,3.84212943077087,4.09810554504394,4.53037887573242,5.247185668945311,6.41863571166992,8.32138224124908
335.0,3.54809417724609,3.54798557281494,3.5491920471191403,3.55529808044433,3.5726272583007797,3.6127426147460904,3.69216659545898,3.83812742233276,4.09358421325683,4.5260858154296795,5.24282791137695,6.413913345336909,8.31599190354347
336.0,3.5439175415039,3.5440097427368102,3.54515029907226,3.5512511444091697,3.56902374267578,3.6087033081054596,3.68796745300293,3.8339644336700403,4.08944511413574,4.522273559570309,5.23804992675781,6.40877899169921,8.31012864351272
337.0,3.54004028320312,3.5400663757324202,3.5414585876464804,3.54766868591308,3.56499450683593,3.60466735839843,3.68390647888183,3.82998446464538,4.08541778564453,4.51800384521484,5.23374572753906,6.4044264221191405,8.3047732925415
338.0,3.53672393798828,3.5366780090331997,3.5379762268066397,3.54409210205078,3.5614010620117096,3.6010748291015604,3.68039306640625,3.82655087471008,4.08140174865722,4.51355148315429,5.22940490722656,6.3995132446289,8.30055604457855
339.0,3.53288146972656,3.53278993606567,3.5339634704589797,3.54007194519042,3.5578091430664,3.59748748779296,3.6763500213622997,3.82262097358703,4.07743705749511,4.50933135986328,5.224685058593749,6.39456047058105,8.29473702430725
340.0,3.52873046875,3.52897661209106,3.53055992126464,3.53658500671386,3.5538766479492097,3.59347900390625,3.67271903991699,3.81862217903137,4.07380233764648,4.50555633544921,5.22054931640625,6.390273132324211,8.28950830936431
341.0,3.5250021362304604,3.5250921058654696,3.5267105102539,3.53282974243164,3.5505825805663997,3.5899829101562504,3.66921546936035,3.81470508575439,4.0698461151123,4.50134323120117,5.216396484375,6.3853855895996094,8.28533040761947
342.0,3.5217282104492096,3.52173564910888,3.52312950134277,3.52935089111328,3.5466592407226503,3.5862515258789003,3.6652629089355395,3.81131713867187,4.06592086791992,4.4971839904785105,5.21231018066406,6.381132278442379,8.27964228987693
343.0,3.5184521484375,3.5184280586242602,3.51970146179199,3.5258073425292897,3.54309783935546,3.58276306152343,3.66197761535644,3.8074473857879596,4.06198547363281,4.493599090576169,5.20804260253906,6.37625297546386,8.27547617554664
344.0,3.51473602294921,3.51469247817993,3.51593002319335,3.5221315765380803,3.5396231079101503,3.57927062988281,3.6580332946777303,3.8036136627197203,4.05854270935058,4.4892430114746,5.20354614257812,6.372063293457029,8.27026430726051
345.0,3.51146484375,3.5113606071472097,3.51257362365722,3.5186785125732403,3.53598724365234,3.5755761718750003,3.6545709991454998,3.79977164268493,4.05477584838867,4.48573684692382,5.19989013671875,6.36780769348144,8.26506291389465
346.0,3.50751708984375,3.50764596939086,3.50922256469726,3.51548614501953,3.53251983642578,3.57210815429687,3.65123268127441,3.79639666557312,4.05088554382324,4.48160217285156,5.19540466308593,6.3630236053466795,8.26093002200126
347.0,3.50425811767578,3.50435428619384,3.5060319519042897,3.51203956604003,3.52932983398437,3.5689019775390602,3.6473143005371003,3.79308709144592,4.04703239440918,4.478098754882811,5.191340942382809,6.358984909057611,8.25576176524162
348.0,3.5005895996093703,3.5006796646118103,3.5022892761230398,3.5083975219726495,3.52586456298828,3.56545684814453,3.6439311981201103,3.7893783092498703,4.0436035156250005,4.47398117065429,5.187704467773431,6.35455825805664,8.25172670364379
349.0,3.49736724853515,3.4974093818664502,3.49895957946777,3.5049721527099598,3.52228118896484,3.56184509277343,3.6407465362548805,3.7860731601715,4.04023872375488,4.47071716308593,5.18369201660156,6.3505944824218705,8.24656532764434
350.0,3.4942593383789,3.49426494598388,3.49567024230957,3.50186408996582,3.51910125732421,3.5584591674804598,3.6375629425048803,3.78233729362487,4.036559371948241,4.46660705566406,5.17979141235351,6.346437759399411,8.2425627887249
351.0,3.4911538696288997,3.4911417007446195,3.49250831604003,3.498701171875,3.5157308959960902,3.55529724121093,3.63420524597168,3.7790448379516604,4.03321136474609,4.46318542480468,5.17578720092773,6.3418715667724594,8.23741866707801
352.0,3.48793579101562,3.4879153823852502,3.4892630004882803,3.49535789489746,3.5125735473632798,3.55213623046875,3.63056121826171,3.77538041114807,4.02953208923339,4.45972763061523,5.17235656738281,6.33809921264648,8.2334486413002
353.0,3.4848403930663996,3.484829788208,3.48610893249511,3.492202835083,3.50948699951171,3.54877471923828,3.62740203857421,3.7722217559814397,4.02619224548339,4.4556761169433505,5.16836532592773,6.333595504760741,8.22830956220626
354.0,3.4812136840820305,3.4817152023315403,3.4824690246582004,3.48866844177246,3.5063372802734296,3.54562438964843,3.62411903381347,3.7689545822143495,4.0225966644287094,4.452493438720699,5.164537200927731,6.3296605682372995,8.22443857312202
355.0,3.4781475830078104,3.4780928993224998,3.47933822631835,3.48553680419921,3.5029931640624996,3.5425399780273397,3.6209668731689395,3.7658612060546797,4.01926246643066,4.44910598754882,5.160598144531249,6.32595344543457,8.2193338394165
356.0,3.47505615234375,3.47501605987548,3.47627838134765,3.48246063232421,3.4999194335937496,3.5390567016601504,3.6177797698974596,3.76272838592529,4.0161116027832,4.44524169921875,5.15718643188476,6.322026519775389,8.21534765124321
357.0,3.4720025634765603,3.47195751190185,3.47320693969726,3.47940231323242,3.49686065673828,3.5359814453125,3.61465263366699,3.7595151805877602,4.012962722778321,4.44185653686523,5.1534051513671795,6.31756660461425,8.21151656389236
358.0,3.46894775390625,3.4689043235778803,3.4701506805419897,3.47635025024414,3.49373809814453,3.53292785644531,3.61159385681152,3.75643026351928,4.009697265625,4.43869766235351,5.14963623046875,6.31406440734863,8.20689301848411
359.0,3.4658975219726504,3.4658525276184,3.4671041107177696,3.4732991027831996,3.4906857299804597,3.5298074340820302,3.6085244750976497,3.75332390785217,4.00655410766601,4.43537322998046,5.14627807617187,6.3102141571044905,8.20306513667106
360.0,3.46288146972656,3.4628065109252897,3.46407218933105,3.47025382995605,3.48770477294921,3.52682556152343,3.6054730224609295,3.75024785995483,4.00299972534179,4.431586608886709,5.14251510620117,6.306128387451169,8.19912075042724
361.0,3.45983306884765,3.4597789955139095,3.46102882385253,3.4672268676757803,3.4846606445312496,3.52378051757812,3.6024223327636697,3.74719298362731,3.99986259460449,4.4284332275390605,5.13916183471679,6.302288131713859,8.1941617333889
362.0,3.4567938232421804,3.4573005676269504,3.45807441711425,3.46425483703613,3.4816345214843696,3.52075073242187,3.59939041137695,3.7441408252716,3.99678749084472,4.4251318359375,5.135822906494139,6.298822631835931,8.190724079608911
363.0,3.4543212890625,3.4543116188049297,3.4555988311767503,3.46168128967285,3.47889007568359,3.51812805175781,3.5963475036621095,3.7410895347595203,3.9937279510497996,4.42199676513671,5.13211318969726,6.29535095214843,8.18577130794525
364.0,3.45132141113281,3.45129217147827,3.45265190124511,3.4586625671386697,3.47592407226562,3.5151040649414003,3.5933900451660103,3.7380449295043903,3.9905073547363203,4.41891784667968,5.12896621704101,6.291528091430661,8.18195721626281
365.0,3.4484197998046797,3.44841611862182,3.44979545593261,3.45571624755859,3.4729071044921804,3.51215423583984,3.59044029235839,3.73501867294311,3.9874539947509704,4.41578857421875,5.12563293457031,6.28753227233886,8.17853076338768
366.0,3.4454302978515603,3.44543510437011,3.4468524932861304,3.45295745849609,3.46996124267578,3.50941497802734,3.5874877166748,3.73202192306518,3.98440292358398,4.412507934570311,5.12209869384765,6.28391311645507,8.174748547077169
367.0,3.4424005126953103,3.4424598503112698,3.4439902496337798,3.4500140380859303,3.4672460937500005,3.50646911621093,3.5844691467285097,3.72913000106811,3.9815196228027303,4.40943572998046,5.1188182067870995,6.28051940917968,8.17028860330581
368.0,3.4395474243164,3.43960525512695,3.4410688781738195,3.44709342956542,3.46430847167968,3.50352447509765,3.5817159271240198,3.72611424446105,3.9784893798828103,4.4063784790039,5.11569076538085,6.277144012451171,8.1665083527565
369.0,3.4365624999999995,3.4372052955627397,3.4382912445068303,3.4444131469726496,3.4617691040039,3.50081146240234,3.57924964904785,3.72314204216003,3.97550682067871,4.403270568847651,5.11200485229492,6.27359100341796,8.16321461200714
370.0,3.43413818359375,3.43425191879272,3.4359423828124998,3.4418718719482397,3.45913208007812,3.4982836914062503,3.5763208007812497,3.72012976646423,3.9724822998046796,4.4002740478515605,5.10892990112304,6.27016365051269,8.159443647861481
371.0,3.43129943847656,3.4314455795288,3.43311897277832,3.4392156982421795,3.4561489868164,3.4953674316406196,3.5735804748535096,3.71729369163513,3.96994819641113,4.397223815917959,5.10566711425781,6.26639762878418,8.1550285243988
372.0,3.4290908813476504,3.4290005493164,3.4302092742919896,3.43628814697265,3.45351654052734,3.4927294921875,3.5705906677245998,3.71434949874877,3.9669885253906196,4.3941909790039,5.10255844116211,6.26303245544433,8.15126073718071
373.0,3.42625457763671,3.42619968414306,3.42745964050293,3.43363464355468,3.45100036621093,3.48981658935546,3.5678657531738196,3.71191584587097,3.9641389465332,4.391145629882811,5.09948898315429,6.259559783935539,8.14800876021385
374.0,3.42385375976562,3.4238248634338304,3.4251937866210898,3.43118949890136,3.44837829589843,3.48718627929687,3.56549835205078,3.70906518936157,3.96118202209472,4.38833770751953,5.09643493652343,6.25621391296386,8.144363172054291
375.0,3.42101959228515,3.42102756500244,3.4224517059326103,3.4285430908203103,3.44554138183593,3.4846853637695303,3.56278076171875,3.70665047645568,3.95822982788085,4.3853536987304595,5.09337905883789,6.2530532836914,8.13998613238334
376.0,3.41818634033203,3.41824445724487,3.4197002410888597,3.42571350097656,3.44292327880859,3.4820574951171803,3.55994415283203,3.7038461208343496,3.9553995513916003,4.38232604980468,5.0903271484375,6.24991035461425,8.136711151599881
377.0,3.41579162597656,3.4159186553955,3.4175308227539003,3.4230875396728497,3.44071502685546,3.47945159912109,3.55729713439941,3.70144086360931,3.95295799255371,4.37936126708984,5.0872785949707,6.24662658691406,8.13299189209938
378.0,3.41300506591796,3.4136390876769998,3.4148811340332,3.42090614318847,3.4378335571289,3.47702331542968,3.5549559020996,3.69864583969116,3.95018081665039,4.37656188964843,5.08422897338867,6.2434869384765594,8.12983726263046
379.0,3.41093841552734,3.41086698532104,3.4120066833496,3.41808471679687,3.43529479980468,3.4744244384765604,3.5522478485107403,3.69576081752777,3.9476523590087798,4.37361022949218,5.08118286132812,6.2400460815429595,8.12660029649734
380.0,3.408583984375,3.4085584640502904,3.4098653411865203,3.4159082031250003,3.43309204101562,3.4718246459960898,3.5495605468749996,3.6929862260818402,3.94489479064941,4.37128051757812,5.0781492614746,6.23696746826171,8.12299657106399
381.0,3.40576538085937,3.4057944679260204,3.4072248840332,3.4133636474609297,3.43028930664062,3.46941802978515,3.54729415893554,3.69072515964508,3.94246322631835,4.3685018920898395,5.07516464233398,6.233849411010739,8.1197627711296
382.0,3.40299255371093,3.4030636787414497,3.40463439941406,3.41076560974121,3.42808868408203,3.46682495117187,3.5446566009521403,3.68833551883697,3.93972045898437,4.36554534912109,5.0723162841796805,6.23077590942382,8.11552958011627
383.0,3.40075164794921,3.40090801239013,3.4025732421875,3.40841239929199,3.4255908203125,3.464306640625,3.5420585632324197,3.6855963087081904,3.9368609619140598,4.36282501220703,5.0693365478515595,6.22752326965332,8.11229894638061
384.0,3.39872528076171,3.3986514282226503,3.3997947692871,3.4058715057373,3.4230813598632803,3.4621841430663998,3.5399285888671796,3.6833622598648,3.9341242980957003,4.360514526367179,5.06687179565429,6.22446975708007,8.10871435880661
385.0,3.3963870239257803,3.39650274276733,3.3977375030517503,3.40372169494628,3.4208865356445304,3.4595996093749997,3.5371250152587805,3.6805112648010203,3.9318700408935503,4.3577993774414,5.0639060974121,6.22141860961914,8.10551557302474
386.0,3.3936120605468703,3.39365343093872,3.3951711273193297,3.40119102478027,3.41839721679687,3.4572177124023398,3.5350706481933503,3.6782969427108703,3.92936614990234,4.35486389160156,5.0610766601562505,6.21856643676757,8.10241571903228
387.0,3.3914205932617096,3.3915132904052703,3.3931164550781197,3.3986754608154297,3.4160070800781197,3.4547225952148404,3.5324650573730403,3.67558640956878,3.9266973876953095,4.3521646118163995,5.0584854125976495,6.21552009582519,8.09931652426719
388.0,3.3893676757812496,3.38929431915283,3.3905100250244096,3.3966043090820297,3.4135073852539,3.45261108398437,3.5304178619384703,3.6733785009384103,3.92446548461914,4.34991607666015,5.05571731567382,6.21248992919921,8.09612766265869
389.0,3.38717956542968,3.3871689605712803,3.38847732543945,3.39409156799316,3.41140838623046,3.4501187133789,3.52783241271972,3.6711730718612596,3.92163307189941,4.34722198486328,5.0527569580078096,6.20950462341308,8.09303102016449
390.0,3.3844168090820297,3.38447721481323,3.38598594665527,3.39202644348144,3.40892944335937,3.4480261230468696,3.52525184631347,3.66846762657165,3.91946685791015,4.344515991210931,5.05036315917968,6.20684028625488,8.089483981132501
391.0,3.38223175048828,3.3823602676391595,3.38396003723144,3.3895205688476504,3.40683074951171,3.44554107666015,3.5232231903076103,3.6661821174621503,3.91713279724121,4.342229309082031,5.0475891113281195,6.20381660461425,8.08641978859901
392.0,3.38024719238281,3.38015665054321,3.3813768005371,3.3874517822265604,3.4043722534179603,3.44345001220703,3.5206933593750005,3.6639959526062,3.91448867797851,4.33959777832031,5.04464660644531,6.2008528137207,8.08333305954933
393.0,3.37807464599609,3.37819013595581,3.3794303131103502,3.3853897857666,3.40227935791015,3.44097198486328,3.5186749267578104,3.66184651851654,3.9123297119140603,4.33691223144531,5.041886596679681,6.198029861450189,8.08027079463005
394.0,3.37546112060546,3.3755036544799797,3.37693809509277,3.3829091644287104,3.40009735107421,3.4389028930664,3.51665451049804,3.65916661262512,3.9096879577636705,4.33468353271484,5.03969299316406,6.19506889343261,8.07721590876579
395.0,3.37329162597656,3.37344932556152,3.3750994873046802,3.38091964721679,3.3980239868164,3.43670776367187,3.5141281890869096,3.6570231342315602,3.90748886108398,4.33205535888671,5.037120208740229,6.19211242675781,8.074162893295279
396.0,3.3713061523437498,3.37124904632568,3.3725252532958905,3.37869689941406,3.39564666748046,3.43464447021484,3.51213150024414,3.65484369277954,3.90523246765136,4.33,5.03437713623046,6.18931076049804,8.07111176252365
397.0,3.3691403198242096,3.3691494941711397,3.3705902099609304,3.3766593170165997,3.39355682373046,3.43224334716796,3.50963249206542,3.65283688545227,3.90309700012207,4.32739105224609,5.03205261230468,6.18672004699707,8.06806129097938
398.0,3.3669760131835904,3.3671036529541003,3.36869354248046,3.3742552185058496,3.3915609741210897,3.4301763916015604,3.5076399230956996,3.65018285751342,3.9004643249511703,4.324769897460929,5.02930282592773,6.1839797210693295,8.0650181877613
399.0,3.36499694824218,3.36504703521728,3.36619972229003,3.3722197723388603,3.3891207885742096,3.42811553955078,3.5053250885009697,3.64809381484985,3.89833602905273,4.32273010253906,5.02661376953125,6.18104568481445,8.062000156641
400.0,3.36298126220703,3.3630043792724598,3.36437309265136,3.37025657653808,3.3873425292968697,3.42573913574218,3.50339126586914,3.6459322261810296,3.89614433288574,4.320125122070309,5.02443740844726,6.1786896514892495,8.05896019101142
401.0,3.3602755737304597,3.36093114852905,3.3619769287109302,3.3680447387695303,3.38497619628906,3.42396453857421,3.5014061737060502,3.64380648612976,3.89401878356933,4.31814544677734,5.02193038940429,6.17595573425292,8.05639940500259
402.0,3.358876953125,3.35878553390502,3.3600127410888603,3.3660870361328104,3.38298370361328,3.4215911865234303,3.49896850585937,3.6417394781112598,3.89140914916992,4.31553192138671,5.01975845336914,6.173587341308591,8.053390665054321
403.0,3.3568649291992103,3.3568604087829503,3.3581086730956997,3.3641272735595704,3.38121154785156,3.41960388183593,3.4971828460693297,3.63958314895629,3.88965980529785,4.31356781005859,5.0170881652832,6.170660324096669,8.05047535538673
404.0,3.35417175292968,3.3548241996765102,3.3558670043945296,3.3619397735595697,3.3788671875,3.4178347778320304,3.49473007202148,3.6376128482818597,3.8876155090332003,4.31097015380859,5.01440475463867,6.167944564819329,8.04746975421905
405.0,3.3527746582031197,3.35268211364746,3.35391105651855,3.3599851226806603,3.3768804931640597,3.41548706054687,3.4927850341796804,3.6355546998977597,3.8850115203857403,4.30899658203125,5.01225036621093,6.16544250488281,8.04443490266799
406.0,3.3507745361328096,3.35080183029174,3.3521702575683503,3.35804901123046,3.3751287841796795,3.4135055541992103,3.49107261657714,3.6334426689147903,3.88307586669921,4.3064572143554605,5.00994079589843,6.16273155212402,8.04143975973129
407.0,3.3486578369140605,3.3487546730041498,3.3497956085204996,3.3559203338623,3.3731466674804604,3.41175720214843,3.48862724304199,3.63148153305053,3.8809059906005796,4.3044985961914,5.0078369140625005,6.1605860900878895,8.0385288965702
408.0,3.3468310546874998,3.34675720214843,3.34791564941406,3.3539178466796797,3.3711010742187497,3.4097933959960898,3.4867530059814396,3.62890676498413,3.8788079833984304,4.3025259399413995,5.00497909545898,6.15810089111328,8.03601296782493
409.0,3.3447268676757798,3.34473569869995,3.34618476867675,3.3522397613525303,3.3691384887695297,3.4077197265624997,3.48500007629394,3.62733728408813,3.87677505493164,4.29995361328125,5.00287689208984,6.15539726257324,8.03314064025878
410.0,3.34262390136718,3.34287900924682,3.3443920135497995,3.3503104400634696,3.3671725463867097,3.4057620239257798,3.48310165405273,3.62539796829223,3.87471290588378,4.29805297851562,5.00058044433593,6.1527536773681595,8.03014933228492
411.0,3.3407974243164005,3.3413240814208898,3.3420970916747996,3.3482078552246,3.36513488769531,3.4038052368164,3.4808796691894504,3.62335338115692,3.87268234252929,4.29569549560546,4.9984846496582,6.15041885375976,8.02825761556625
412.0,3.3386962890625,3.3388850021362297,3.3403052520751904,3.3462816619873,3.3631750488281202,3.4017578125000005,3.4790045166015604,3.6212670278549104,3.87065567016601,4.29379638671875,4.9958251953124995,6.14816360473632,8.025388453006741
413.0,3.33745330810546,3.33734502792358,3.3386138916015597,3.34461486816406,3.3615087890625,3.3998019409179596,3.4773278045654297,3.6193764686584395,3.86860939025878,4.291843872070309,4.99392761230468,6.14583038330078,8.02288677334785
414.0,3.33550170898437,3.33549777984619,3.3367525482177705,3.3427619934081996,3.35954895019531,3.3981329345703104,3.4754753112792898,3.6173575258255,3.8665850830078097,4.28933288574218,4.9916438293457,6.143194503784169,8.02001891493797
415.0,3.3334130859375,3.3335387802124,3.3351196289062504,3.3406677246093697,3.35787994384765,3.3964697265625,3.47323913574218,3.6153893947601303,3.8647447967529196,4.28761260986328,4.98960037231445,6.14057380676269,8.01715414285659
416.0,3.33162200927734,3.33156396865844,3.33283432006835,3.3387619018554604,3.35587188720703,3.3945327758789,3.47138984680175,3.61337363243103,3.86259742736816,4.2851177978515596,4.98695922851562,6.1383031463623,8.014661123752589
417.0,3.3295367431640597,3.3295747566223097,3.3310646820068297,3.3370989990234303,3.35391845703125,3.39249633789062,3.46973587036132,3.61151073932647,3.8605925750732397,4.2831704711914,4.98523132324218,6.13625381469726,8.01182756185531
418.0,3.32829437255859,3.32818614959716,3.3294399261474603,3.3354541015625,3.3523284912109297,3.3906195068359297,3.46787322998046,3.60996599197387,3.85874473571777,4.28150787353515,4.98320251464843,6.13400329589843,8.00994710087776
419.0,3.32635711669921,3.3263824653625402,3.32776176452636,3.33361320495605,3.35068481445312,3.3889767456054596,3.4657283020019496,3.60755280971527,3.8571036529540996,4.279019470214839,4.9805664062499995,6.1313304901123,8.00757870793342
420.0,3.32430419921875,3.32441736221313,3.3259975433349602,3.33154228210449,3.34875061035156,3.387333984375,3.4638854980468703,3.60614290237426,3.85476676940918,4.27713104248046,4.9786892700195295,6.12908164978027,8.0047483074665
421.0,3.3230712890625,3.3230298805236798,3.32380821228027,3.3298999786376897,3.3468084716796795,3.3854586791992105,3.4622328948974603,3.6041543912887497,3.8531401062011703,4.2754843139648395,4.97646072387695,6.12709648132324,8.00189597725868
422.0,3.32055145263671,3.32064720153808,3.32218376159667,3.32807945251464,3.34517120361328,3.38345062255859,3.4606585693359304,3.6023313760757403,3.85131225585937,4.27355682373046,4.9743896484375005,6.12484962463378,7.99944040417671
423.0,3.31920867919921,3.3192633628845196,3.3204296875,3.32642478942871,3.3433120727539,3.38181457519531,3.45882431030273,3.6008100175857503,3.84932159423828,4.27130065917968,4.97256454467773,6.1222582244873,7.99768158793449
424.0,3.3172784423828103,3.31733989715576,3.3188193511962805,3.32486206054687,3.3416754150390604,3.3799594116210896,3.45718963623046,3.5989448165893503,3.8478514099121,4.26943084716796,4.97033920288085,6.1200169372558495,7.99486781954765
425.0,3.31538665771484,3.3159563446044897,3.31723091125488,3.3232260894775303,3.34011260986328,3.3783248901367102,3.45504234313964,3.5970202350616396,3.8455348205566398,4.26779022216796,4.96828186035156,6.11834068298339,7.99250757098198
426.0,3.31419036865234,3.3141827964782697,3.31556686401367,3.3214261627197197,3.33847869873046,3.37676300048828,3.45341209411621,3.5950836420059202,3.8439608001708896,4.26592132568359,4.96646194458007,6.11575248718261,7.9896895968914
427.0,3.31226379394531,3.31239093780517,3.3138935089111303,3.31979209899902,3.33662872314453,3.3751333618164,3.4516527557373,3.5937011098861595,3.84215705871582,4.26367218017578,4.9642489624023405,6.1135871124267505,7.98724640846252
428.0,3.3109219360351503,3.31090198516845,3.31223609924316,3.31781089782714,3.3350131225585904,3.37328399658203,3.4500396728515597,3.59189118862152,3.8403424835205002,4.2618081665039,4.96223373413085,6.11175300598144,7.98552682638168
429.0,3.30900817871093,3.3091364860534602,3.31070480346679,3.31625549316406,3.3331036376953103,3.37172393798828,3.4484790802001895,3.59005495548248,3.83878524780273,4.26022674560546,4.9603823852539,6.10958930969238,7.98319967985153
430.0,3.3078112792968697,3.3077707862854,3.30855064392089,3.31464164733886,3.3315454101562505,3.3701141357421798,3.44685234069824,3.5885827827453602,3.8364801025390602,4.25837677001953,4.95873229980468,6.1070073699951095,7.980393431186671
431.0,3.3053454589843696,3.3060074424743604,3.30702323913574,3.31308715820312,3.32993682861328,3.36819396972656,3.44529457092285,3.5867655801773,3.83502655029296,4.25613494873046,4.95635665893554,6.10535285949707,7.97804620623588
432.0,3.30414947509765,3.30409254074096,3.3053885650634696,3.3112960052490203,3.3283837890625003,3.3666400146484303,3.44354400634765,3.58488973140716,3.83312789916992,4.254501953125,4.9547094726562495,6.10339569091796,7.976327372789379
433.0,3.3022412109375003,3.3023316001892,3.30386169433593,3.3097441864013604,3.32655578613281,3.36503265380859,3.4419377136230405,3.5831031179428097,3.83167785644531,4.25271087646484,4.95290908813476,6.10087562561035,7.974011949300761
434.0,3.301044921875,3.3009747123718203,3.3021476745605396,3.30814056396484,3.32500732421875,3.36348114013671,3.44038513183593,3.5817280817031802,3.82994941711425,4.25109313964843,4.95091430664062,6.09922584533691,7.97123818039894
435.0,3.2991732788085897,3.29923219680786,3.3006201934814396,3.30660758972167,3.32340118408203,3.3619470214843696,3.43828506469726,3.5798252296447703,3.82816162109375,4.24946472167968,4.94891387939453,6.09708572387695,7.968925876617431
436.0,3.2978393554687497,3.2978950309753405,3.2990683746337797,3.3050612640380796,3.3218682861328097,3.3601284790039,3.43675086975097,3.57849496364593,3.82660896301269,4.24767486572265,4.94691955566406,6.09477157592773,7.96721509933471
437.0,3.2959713745117103,3.2961563873291,3.2975586700439403,3.3035296630859303,3.3203402709960903,3.3585958862304603,3.43520050048828,3.57669043540954,3.82488357543945,4.2460614013671805,4.94517547607421,6.0931372833251904,7.96502554059028
438.0,3.29478332519531,3.29483522415161,3.29600952148437,3.30200218200683,3.3187954711914,3.3570501708984297,3.4336014556884704,3.57536465167999,3.8234536743164003,4.2438430786132795,4.94353149414062,6.09118873596191,7.96223297834396
439.0,3.2929171752929602,3.29310316085815,3.29443153381347,3.30047630310058,3.31726837158203,3.3555191040039,3.4320690917968704,3.57360757350921,3.8212233734130803,4.24205841064453,4.9411895751953105,6.08869255065918,7.959953142404549
440.0,3.29173034667968,3.29178255081176,3.2929581451416,3.29895042419433,3.31574249267578,3.35399291992187,3.4305416107177704,3.5718505287170403,3.81984092712402,4.24050415039062,4.93974365234375,6.0871079254150295,7.95824554562568
441.0,3.28986572265625,3.29005315780639,3.2914530944824203,3.2974249267578104,3.31421783447265,3.3524673461914,3.4290152740478503,3.5705264616012498,3.81807571411132,4.238893127441401,4.93776779174804,6.08517616271972,7.95594440221786
442.0,3.28868103027343,3.2887369728088296,3.28990882873535,3.2959008026123,3.3127108764648403,3.35094635009765,3.42747177124023,3.56877408027648,3.81669403076171,4.237342529296869,4.93602783203125,6.08304908752441,7.95366832375526
443.0,3.2869662475585897,3.28702558517456,3.2884086608886696,3.2943814086914,3.3111871337890597,3.34942199707031,3.42596382141113,3.56746698856353,3.81499320983886,4.23574645996093,4.9345947265625005,6.08125701904296,7.95208348989486
444.0,3.28578094482421,3.2857099533081,3.28688468933105,3.2928765106201103,3.30966796875,3.34791564941406,3.42443962097167,3.5657206916809,3.8134642791747995,4.23396789550781,4.93262344360351,6.07913146972656,7.949816012382501
445.0,3.28392944335937,3.2840223121643004,3.28554382324218,3.2913579559326096,3.3082183837890597,3.346396484375,3.42291885375976,3.56441491603851,3.8117661285400297,4.23241882324218,4.93068008422851,6.07720664978027,7.94751926422119
446.0,3.28278045654296,3.28272262573242,3.2840080261230398,3.2899138641357397,3.3067184448242104,3.3451651000976503,3.4214664459228503,3.56267031192779,3.81038932800293,4.23082763671875,4.9289060974121,6.07569953918457,7.945841745138161
447.0,3.28092346191406,3.2810038757324205,3.28252632141113,3.2884152221679597,3.30520141601562,3.34364776611328,3.4199474334716697,3.56136598587036,3.8086961364746097,4.22928009033203,4.9273274230957,6.07341606140136,7.943675671815869
448.0,3.27974609375,3.2802838706970197,3.28106636047363,3.28715476989746,3.3039797973632803,3.34214904785156,3.4184423828124997,3.5596288013458195,3.8073311614990204,4.2271450805664,4.92555709838867,6.07186447143554,7.94092124700546
449.0,3.27849517822265,3.27858364105224,3.2795849609374996,3.28565681457519,3.30248229980468,3.34070434570312,3.41692474365234,3.55834119319915,3.8056401824951096,4.22561340332031,4.92383956909179,6.0699457550048805,7.93973697662353
450.0,3.27734588623046,3.27732158660888,3.2786494445800702,3.2842162322997996,3.3010583496093697,3.33920745849609,3.41596946716308,3.55660599708557,3.8042826843261697,4.22406799316406,4.9224104309082,6.06802932739257,7.937574644088739
451.0,3.2755038452148404,3.2757566833496004,3.2772427368164,3.2831380462646402,3.29988586425781,3.33804718017578,3.41446998596191,3.55530557632446,3.80259399414062,4.22248260498046,4.92069213867187,6.06648193359375,7.93531345963478
452.0,3.27446594238281,3.27446300506591,3.2757364654541004,3.2816421508789,3.29839294433593,3.33662200927734,3.41302497863769,3.55401929378509,3.8012487792968703,4.22095520019531,4.919116821289061,6.06426239013671,7.93364526510238
453.0,3.2726602172851496,3.27280405044555,3.27441490173339,3.28020675659179,3.29697082519531,3.33512969970703,3.41172248840332,3.5523315191268905,3.7995652770996,4.2194253540039,4.917364807128901,6.0629159545898395,7.93151475548744
454.0,3.2714846801757798,3.2714939117431596,3.27296653747558,3.27897186279296,3.2957574462890595,3.3339263916015596,3.41022521972656,3.55104887962341,3.7983715057373004,4.21789855957031,4.91598587036132,6.06081939697265,7.9292567062377906
455.0,3.27030822753906,3.27023641586303,3.2714867401123,3.27755126953125,3.29433715820312,3.3324899291992103,3.40878639221191,3.54946083545684,3.79669052124023,4.21637298583984,4.91372253417968,6.05898094177246,7.92771126747131
456.0,3.26850616455078,3.26869724273681,3.2700851440429597,3.27606224060058,3.2928469848632798,3.3309954833984303,3.40728996276855,3.54817974090576,3.79534934997558,4.21484710693359,4.91234634399414,6.05762420654296,7.92546181321144
457.0,3.26747863769531,3.2674358177185003,3.2687417602539,3.27457336425781,3.29135803222656,3.32957794189453,3.40586944580078,3.5465124797820997,3.7937337493896397,4.21332275390625,4.910599975585931,6.0555867004394495,7.923336292505261
458.0,3.2656787109375003,3.2663470649719204,3.26733978271484,3.27315940856933,3.28994323730468,3.3283819580078102,3.40437889099121,3.54576959133148,3.7923929595947206,4.21180206298828,4.90922470092773,6.05424598693847,7.92216202259063
459.0,3.26509948730468,3.26509469985961,3.2664389038085897,3.2720016479492102,3.2888256835937497,3.32696624755859,3.4030838012695295,3.54410588264465,3.79122993469238,4.21033508300781,4.907526245117181,6.05204986572265,7.919544606208801
460.0,3.2633016967773396,3.2635603141784597,3.26504165649414,3.2709315490722597,3.2876754760742104,3.32582885742187,3.40166526794433,3.5428305196762,3.7898901367187503,4.2088150024414,4.90596725463867,6.05071319580078,7.9183716070652
461.0,3.2623110961913997,3.26232007980346,3.26370407104492,3.26952293395996,3.28626251220703,3.32441467285156,3.4007347869873,3.5412661552429197,3.7882935333251897,4.20730682373046,4.90427291870117,6.04868194580078,7.91625594735145
462.0,3.2611349487304597,3.26103078842163,3.26232131958007,3.2683112335205005,3.2850775146484303,3.3232241821288997,3.3993176269531205,3.5400313425064,3.7871088409423797,4.20638427734375,4.902910003662099,6.0473567199707,7.9140115296840605
463.0,3.2593478393554602,3.25953578948974,3.260849609375,3.266904296875,3.2836837768554603,3.32181060791015,3.3980243682861304,3.53875599861145,3.78551452636718,4.2048794555664,4.90121688842773,6.04553047180175,7.91296067714691
464.0,3.25832153320312,3.2582831954956,3.2595886230468696,3.2654931640625002,3.28220245361328,3.3203424072265597,3.3966082763671803,3.5371015024185097,3.7841791534423805,4.20336059570312,4.89985733032226,6.04370254516601,7.91035497784614
465.0,3.2571286010742098,3.2572202682495095,3.2582099914550704,3.2642695617675703,3.28109313964843,3.31922790527343,3.3951968383789,3.53596766471862,3.7828426361083896,4.201914672851561,4.89816589355468,6.0423819732666,7.909213230609891
466.0,3.2559967041015603,3.2561176490783597,3.2573217773437504,3.26288215637207,3.2797015380859302,3.3178198242187498,3.39392349243164,3.53431672096252,3.78125106811523,4.20062866210937,4.89680923461914,6.04055870056152,7.9071031820774005
467.0,3.2543554687499996,3.25449840545654,3.2560845947265595,3.26188819885253,3.27862976074218,3.3167016601562502,3.39251281738281,3.5336378097534102,3.7800821685790997,4.19912963867187,4.89511901855468,6.03909858703613,7.90498522281646
468.0,3.2531881713867103,3.25324708938598,3.25469192504882,3.26068389892578,3.27746673583984,3.31558929443359,3.39165939331054,3.5320866250991805,3.77849540710449,4.1976708984375,4.893959350585931,6.0372760772705005,7.903850870132439
469.0,3.2521987915038997,3.2521241378784103,3.2532957458496,3.25928436279296,3.2760623168945298,3.3142013549804603,3.39038795471191,3.53087364196777,3.7776765441894495,4.19616882324218,4.89227340698242,6.0359571838378905,7.9012489557266194
470.0,3.25041900634765,3.2510920333862297,3.25207603454589,3.25789947509765,3.2746765136718703,3.3127954101562502,3.3889788818359303,3.52960530281066,3.7760955047607405,4.194670410156251,4.89092636108398,6.03413948059082,7.900208029747
471.0,3.24988159179687,3.2498607635498002,3.2512124633788995,3.2567533111572198,3.27357177734375,3.31162933349609,3.38758811950683,3.5280998897552402,3.7749920654296796,4.19323028564453,4.8892918395996,6.0328814697265605,7.89800776600837
472.0,3.24825408935546,3.2483804321289,3.24997924804687,3.25578269958496,3.27244873046875,3.3105746459960903,3.38637580871582,3.52688845157623,3.7736564636230403,4.191962585449209,4.88794769287109,6.03071617126464,7.89696139216423
473.0,3.24708557128906,3.24714582443237,3.2486013031005805,3.2545852661132804,3.27136322021484,3.30918853759765,3.385474319458,3.52580202102661,3.77207801818847,4.19052368164062,4.88682678222656,6.02945907592773,7.894893007278441
474.0,3.24609710693359,3.2460277366638097,3.24721847534179,3.2532025146484305,3.26996551513671,3.3080978393554603,3.38426361083984,3.52468889713287,3.77092933654785,4.1896206665039,4.8854833984375,6.02765892028808,7.89278802394867
475.0,3.2449249267578097,3.24501663208007,3.24599960327148,3.2520617675781196,3.26888092041015,3.30669921875,3.38287376403808,3.5234642982482898,3.76986694335937,4.18818237304687,4.88385101318359,6.0264059448242095,7.89165626764297
476.0,3.24394409179687,3.24393632888793,3.24520240783691,3.2510938262939404,3.2675027465820303,3.3056097412109295,3.3814897918701097,3.5218480443954396,3.76861587524414,4.1869223022460895,4.88251098632812,6.02460708618164,7.889553769826881
477.0,3.2428140258789,3.2426894760131804,3.2439881896972595,3.2499723052978498,3.26645111083984,3.30457336425781,3.38029800415039,3.52076287269592,3.7671434020996,4.18548522949218,4.88102951049804,6.02335502624511,7.888545348644251
478.0,3.2410421752929603,3.24123508453369,3.24261093139648,3.24859642028808,3.2653732299804603,3.30341644287109,3.37945205688476,3.51969959259033,3.7658769989013603,4.1840478515625,4.87973709106445,6.0215570831298795,7.885979636907569
479.0,3.24006225585937,3.2406073570251404,3.24139183044433,3.24722045898437,3.2639956665039,3.30203674316406,3.3782614898681596,3.5185909509658804,3.76462623596191,4.1827896118164,4.87807189941406,6.02030899047851,7.8849498951435
480.0,3.2388949584960898,3.23915475845336,3.2406214141845697,3.2461011505126898,3.26291839599609,3.30095458984375,3.37687866210937,3.5173846817016603,3.76323616027832,4.18136810302734,4.87673278808593,6.01887687683105,7.882877992391581
481.0,3.2379147338867096,3.2379240989684996,3.23940864562988,3.24539398193359,3.26187103271484,3.2999142456054598,3.3756211853027303,3.5158959293365397,3.76248916625976,4.18046966552734,4.87544067382812,6.01762863159179,7.881755522489541
482.0,3.23693481445312,3.23686021804809,3.23803581237793,3.2440191650390604,3.2607955932617103,3.29883666992187,3.3747940826416003,3.51524952411651,3.7610395050048804,4.1792709350585895,4.87397705078125,6.01584838867187,7.87968671560287
483.0,3.2357696533203097,3.2358635520935,3.23682212829589,3.24290145874023,3.2594247436523403,3.29745971679687,3.3736093902587796,3.5137756490707397,3.7597739410400304,4.17785034179687,4.87268783569335,6.01466117858886,7.87865888833999
484.0,3.2347921752929603,3.2347879219055105,3.23607101440429,3.2419442749023397,3.25835021972656,3.2963796997070296,3.37222862243652,3.51257399082183,3.75869079589843,4.17641876220703,4.87158813476562,6.0128861236572195,7.8765913438796895
485.0,3.23366973876953,3.23359481811523,3.2348614501953104,3.24084480285644,3.25760223388671,3.29541748046875,3.3711166381835898,3.51151205539703,3.75766105651855,4.175177917480459,4.870299682617181,6.01163909912109,7.8755928504467
486.0,3.23205596923828,3.23215215682983,3.233648147583,3.23947685241699,3.25623321533203,3.2943423461914,3.3702912139892502,3.5104614162445,3.7564147186279295,4.1743380737304605,4.86884170532226,6.01006698608398,7.8735345005989
487.0,3.23156616210937,3.2315422439575103,3.2328849029541002,3.2384353637695296,3.25517822265625,3.29298583984375,3.36911163330078,3.50940016746521,3.75503074645996,4.17292205810546,4.867553253173821,6.00888092041015,7.87147556304931
488.0,3.2299548339843698,3.2301021003723096,3.2316909790038997,3.23747940063476,3.25413635253906,3.2919119262695298,3.3677508544921797,3.50820084571838,3.75378463745117,4.17172943115234,4.86626495361328,6.00710830688476,7.8704789602756495
489.0,3.22883422851562,3.22902717590332,3.23039947509765,3.23638671875,3.25313842773437,3.2911730957031198,3.36657310485839,3.5067394065856896,3.7527057647705004,4.170256347656251,4.864808959960929,6.00586570739746,7.86841517210006
490.0,3.2284582519531204,3.22841829299926,3.2291930389404295,3.2352721405029197,3.2517892456054605,3.2898040771484305,3.3659442138671802,3.5060966444015498,3.75168075561523,4.16907623291015,4.86353271484375,6.00469612121582,7.8674192225933
491.0,3.22685791015625,3.22701705932617,3.22844871520996,3.23433418273925,3.25104736328125,3.28874969482421,3.36457153320312,3.50465172767639,3.75060249328613,4.16823974609375,4.86248992919921,6.00292816162109,7.86536401748657
492.0,3.22576507568359,3.2258079147338803,3.2272427368164,3.2332996368408202,3.2499810791015595,3.28778869628906,3.3634127044677697,3.50345677375793,3.7493571472167897,4.1670599365234295,4.86135559082031,6.00190025329589,7.86436749219894
493.0,3.22479553222656,3.22533859252929,3.22605583190917,3.2319536590576097,3.24863372802734,3.28673583984375,3.3626609802246,3.5024403953552197,3.74798042297363,4.16564971923828,4.85976318359375,6.00019409179687,7.86232087135315
494.0,3.22379302978515,3.22391910552978,3.22536849975585,3.2312538146972605,3.2476434326171804,3.28566528320312,3.3615024566650304,3.50141969680786,3.74725936889648,4.16424041748046,4.85847885131836,5.999317016601561,7.861326819658269
495.0,3.22267425537109,3.22273208618164,3.22418235778808,3.23016456604003,3.24691986083984,3.28465270996093,3.3603271484375004,3.50036538124084,3.7461814117431604,4.16306518554687,4.85735702514648,5.99761161804199,7.8592729127407
496.0,3.22173156738281,3.2216780281066804,3.22299713134765,3.2288803100585897,3.2455746459960904,3.28366119384765,3.35952583312988,3.49930932998657,3.7448107910156203,4.16224395751953,4.85631652832031,5.99658790588378,7.85827767848968
497.0,3.22074127197265,3.22085119247436,3.2223148345947203,3.2277919769287102,3.24458984375,3.28231384277343,3.3584235382079997,3.49828824996948,3.74410301208496,4.16106994628906,4.85504455566406,5.994885406494141,7.85729100584983
498.0,3.21962005615234,3.21968011856079,3.2211301422119103,3.22711151123046,3.24356658935546,3.2815982055664,3.35707176208496,3.49727781772613,3.74273368835449,4.15966156005859,4.85365600585937,5.99366020202636,7.85524081587791
499.0,3.2186795043945304,3.21862543106079,3.21994567871093,3.22582908630371,3.2425228881835904,3.28060424804687,3.35645324707031,3.49610157489776,3.74155456542968,4.15848815917968,4.85237228393554,5.99251106262207,7.854277368783951
500.0,3.2176916503906203,3.21781803131103,3.2192646789550703,3.22514961242675,3.24153930664062,3.27926208496093,3.35529792785644,3.49520914077758,3.7404962158203103,4.1576675415038995,4.85125396728515,5.99095344543457,7.85223515152931
501.0,3.21657165527343,3.21663560867309,3.2180810546875,3.2240665435791,3.24081787109375,3.2785464477539,3.35401878356933,3.49417631149292,3.73948417663574,4.15649475097656,4.850228576660149,5.98978996276855,7.8513651251792895
502.0,3.21564056396484,3.21618457794189,3.21697761535644,3.2228002166748,3.23947814941406,3.2775592041015598,3.3534012603759695,3.49302762031555,3.7384100341796804,4.1553262329101495,4.84914855957031,5.988452835083001,7.84932354927063
503.0,3.21465515136718,3.21481460571289,3.2162409973144497,3.2221256256103503,3.238515625,3.2765112304687505,3.35231941223144,3.4921551322937,3.73735237121582,4.15450531005859,4.8478799438476505,5.9874493408203096,7.84836139082908
504.0,3.2135723876953097,3.21361040115356,3.21506256103515,3.22110137939453,3.23779418945312,3.2755776977539,3.35097373962402,3.49111978530883,3.73640769958496,4.15334869384765,4.8464952087402295,5.9857534027099595,7.8468178987503
505.0,3.21320159912109,3.2131651687622,3.2139566802978496,3.22001968383789,3.23653076171875,3.27453552246093,3.3503701782226503,3.48997503757476,3.73534980773925,4.15200469970703,4.84578872680664,5.9845947265624995,7.845833804607389
506.0,3.21165100097656,3.2117973327636697,3.21337928771972,3.21916595458984,3.23579498291015,3.2734927368164004,3.3492767333984297,3.48910650253295,3.73427688598632,4.15083770751953,4.84440780639648,5.98358856201171,7.843825252056121
507.0,3.21068176269531,3.21074472427368,3.21211944580078,3.2180810546875,3.23483428955078,3.27255554199218,3.34812767028808,3.4880753040313697,3.73335014343261,4.1500320434570295,4.84314010620117,5.98225791931152,7.84295776844024
508.0,3.2102066040038997,3.2101856613159097,3.21154220581054,3.21708145141601,3.2337994384765603,3.2715145874023404,3.3474019622802698,3.4869480180740298,3.73229331970214,4.14886535644531,4.84207290649414,5.9811146545410105,7.8409498631954095
509.0,3.20923675537109,3.2091334152221602,3.21044189453125,3.2164081573486296,3.23285583496093,3.2705484008788996,3.34625457763671,3.4860821437835603,3.73122398376464,4.14771423339843,4.8410540771484305,5.97962265014648,7.83996644616127
510.0,3.20769714355468,3.20776861190795,3.2092704772949197,3.21514854431152,3.23183990478515,3.2698394775390596,3.34518020629882,3.48507875919342,3.73029945373535,4.146897277832029,4.8399884033203096,5.97842254638671,7.838982428312299
511.0,3.20733642578125,3.2073620986938405,3.20861129760742,3.2144764709472597,3.2308813476562506,3.26857971191406,3.3445822906494103,3.4840486526489203,3.72924629211425,4.1457907104492095,4.83872314453125,5.97746726989746,7.8369770133495305
512.0,3.20625396728515,3.20630950927734,3.2075118255615203,3.213491897583,3.2301651000976497,3.2678717041015597,3.3433123779296805,3.48309366226196,3.72818992614746,4.14464050292968,4.837357788085931,5.97615341186523,7.83611754417419
513.0,3.20527862548828,3.2054095077514595,3.20693603515625,3.21241874694824,3.22891052246093,3.2669070434570298,3.34271911621093,3.4820634651184,3.72725608825683,4.14383819580078,4.83665283203125,5.9750152587890595,7.83411276221275
514.0,3.20434692382812,3.2043726158142003,3.2058423614501903,3.21156692504882,3.2282684326171798,3.26594329833984,3.34164672851562,3.4810772991180396,3.72620277404785,4.14273315429687,4.83527893066406,5.97354087829589,7.8336586022377
515.0,3.20341644287109,3.20336235046386,3.20468757629394,3.21056549072265,3.2272412109375,3.26523895263671,3.34051887512207,3.48022196769714,3.72521133422851,4.14135192871093,4.8340649414062495,5.97238853454589,7.8317484581470405
516.0,3.2024526977539,3.20261219024658,3.20403350830078,3.2098983764648397,3.2263040161132803,3.2639956665039,3.33979911804199,3.47909749031066,3.72439758300781,4.140771179199209,4.83301132202148,5.97144927978515,7.830797500610349
517.0,3.20137023925781,3.20156534194946,3.2029364013671797,3.2089160919189395,3.22559204101562,3.26329193115234,3.33865783691406,3.4786287260055495,3.7232431793212797,4.13968170166015,4.8319998168945295,5.9701416015625,7.82982213973999
518.0,3.20104949951171,3.2010243606567297,3.20238426208496,3.2079198455810496,3.22463714599609,3.2623297119140604,3.3381346130371,3.4772755861282296,3.7221897125244094,4.13830139160156,4.8309375,5.96914581298828,7.82782109856605
519.0,3.20008850097656,3.20001375198364,3.2012921142578104,3.2072541046142504,3.22369934082031,3.26137329101562,3.33706787109375,3.4762516593933097,3.72137870788574,4.13773559570312,4.829884948730459,5.96800827026367,7.826993473768231
520.0,3.19915802001953,3.1992341995239197,3.20019653320312,3.20602165222168,3.2226919555664,3.26068389892578,3.33594184875488,3.47568857192993,3.72039138793945,4.1366354370117095,4.82892532348632,5.96654052734375,7.82546121835708
521.0,3.1982275390625,3.1982403564453104,3.1996457672119103,3.20542701721191,3.2220523071289002,3.25972717285156,3.3352280426025303,3.4747039222717198,3.7197615051269497,4.13549194335937,4.8278755187988205,5.96576782226562,7.82451826691627
522.0,3.1972674560546803,3.1972301864624,3.1985545349121,3.20437492370605,3.2211212158203097,3.25879974365234,3.3341622161865203,3.47385903358459,3.7187093353271403,4.13474945068359,4.82681396484375,5.96430046081543,7.82264362454414
523.0,3.19633972167968,3.1964696502685497,3.19792083740234,3.20378532409668,3.22017303466796,3.25778839111328,3.33358421325683,3.47289258003234,3.71744445800781,4.13360656738281,4.8258169555664,5.9631655883789,7.82166835665702
524.0,3.1952658081054603,3.1954554939269997,3.19683097839355,3.20281036376953,3.21948120117187,3.2571594238281203,3.33251976013183,3.47186774730682,3.71691772460937,4.13252319335937,4.82480850219726,5.96229202270507,7.82084263682365
525.0,3.1949456787109303,3.19492538452148,3.19628036499023,3.2018172454833898,3.21853363037109,3.2562234497070297,3.331455078125,3.47106944084167,3.71577987670898,4.1317251586914,4.82355773925781,5.96098899841308,7.818853900432581
526.0,3.1939855957031202,3.19391532897949,3.1951910400390604,3.20117065429687,3.2176138305664,3.25526947021484,3.3308831787109296,3.4699638462066598,3.7149764251708897,4.13058380126953,4.82276412963867,5.9600592803955,7.81840235352516
527.0,3.19306091308593,3.19315828323364,3.1941217803955,3.2001786041259703,3.2166671752929603,3.2545852661132804,3.32981819152832,3.46954618453979,3.7139898681640604,4.12950103759765,4.82175674438476,5.95893844604492,7.81650642633438
528.0,3.1921389770507798,3.1921483230590795,3.1936334228515597,3.1993570709228503,3.2159762573242103,3.2536328125,3.32912300109863,3.4685229825973503,3.7130064392089803,4.12899871826171,4.82070846557617,5.9574781036376905,7.81556418538093
529.0,3.19121673583984,3.19176628112793,3.1924885559082004,3.1983657073974605,3.2150341796875,3.2527233886718703,3.32806053161621,3.4671835374832103,3.7122190856933504,4.12785766601562,4.81971725463867,5.9569097900390595,7.81474036455154
530.0,3.1902957153320295,3.19044269561767,3.1920144653320297,3.19779556274414,3.21410858154296,3.2517892456054605,3.3274886322021398,3.46676773548126,3.7110691833496,4.12711975097656,4.818719024658201,5.95577835083007,7.8132515776157305
531.0,3.18937408447265,3.1894335556030198,3.19092742919921,3.1967473602294896,3.2134918212890597,3.2511621093749996,3.32644371032714,3.46576202869415,3.7106121826171803,4.12598266601562,4.81766143798828,5.95433418273925,7.812310601472849
532.0,3.18902557373046,3.18905282974243,3.19030006408691,3.1961637878417903,3.21255218505859,3.25015930175781,3.32592796325683,3.4649696540832498,3.70957633972168,4.1249017333984295,4.81671936035156,5.9536249542236295,7.810447083711621
533.0,3.1880960083007803,3.18802610397338,3.1892324066162105,3.1951922607421803,3.21193695068359,3.2495495605468703,3.32488777160644,3.4638681364059396,3.70884468078613,4.12435607910156,4.81567428588867,5.95218223571777,7.80949941992759
534.0,3.18718505859375,3.1873126220703103,3.18874534606933,3.19422561645507,3.21094116210937,3.248603515625,3.3238267517089803,3.4634707450866697,3.7078778076171797,4.12304290771484,4.81462936401367,5.95125389099121,7.808683601617809
535.0,3.1861117553710896,3.1863075447082503,3.18767822265625,3.1936569213867103,3.21032562255859,3.24799499511718,3.3233292388916,3.4624931526183995,3.7068950653076103,4.1225411987304605,4.81369110107421,5.95050270080566,7.807196710109709
536.0,3.18580413818359,3.1859272193908597,3.1872102355956997,3.19267181396484,3.2093872070312504,3.24706787109375,3.32221656799316,3.46168097496032,3.70611602783203,4.121406250000001,4.8126463317871,5.94910781860351,7.806380915641779
537.0,3.18488128662109,3.18493862152099,3.1860717010498,3.1921076202392498,3.2087716674804603,3.2461370849609303,3.3217194366454996,3.4607042932510304,3.70513374328613,4.12034149169921,4.81165237426757,5.9479931640625,7.805440626144409
538.0,3.18396575927734,3.1840799331664997,3.18560028076171,3.1911384582519497,3.2075497436523404,3.2455157470703098,3.3206645202636698,3.4603084611892703,3.70452690124511,4.119843749999999,4.81086822509765,5.94743301391601,7.80358146190643
539.0,3.1830450439453104,3.1830914115905697,3.18453857421875,3.19057464599609,3.20693878173828,3.24458984375,3.32016731262207,3.45897849559783,3.70354530334472,4.11871002197265,4.80967163085937,5.94599288940429,7.8031410729885105
540.0,3.18273742675781,3.1827122306823696,3.1840528869628897,3.18953422546386,3.20601684570312,3.2439825439453096,3.31893371582031,3.4580190229415804,3.70277168273925,4.1179898071289,4.80924026489257,5.9449401092529195,7.801284381151199
541.0,3.18181427001953,3.1817243766784604,3.1829925537109305,3.18897010803222,3.2054067993164,3.2430572509765603,3.3184412384033197,3.45761034965515,3.7017901611328097,4.11691223144531,4.8081965637207,5.9443773651123,7.80034413337707
542.0,3.18091094970703,3.18102054595947,3.18252502441406,3.18800643920898,3.20448913574218,3.24237915039062,3.31740104675293,3.4566517210006698,3.7013513946533196,4.11637084960937,4.806904296875,5.94294204711914,7.79953635454177
543.0,3.179990234375,3.18003286361694,3.1814653778076103,3.18744384765625,3.2038790893554605,3.2414544677734303,3.31690849304199,3.45584645271301,3.7001146697997997,4.115296936035151,4.80642288208007,5.94189018249511,7.7980544507503495
544.0,3.1796829223632797,3.17965864181518,3.1809989929199203,3.18648040771484,3.20296295166015,3.24085174560546,3.3158728027343702,3.4548906898498504,3.6991368865966696,4.1142382812500005,4.80523941040039,5.94133117675781,7.79724058508873
545.0,3.1787612915039003,3.17867015838623,3.1799395751953097,3.18591796875,3.20235290527343,3.23992889404296,3.31536346435546,3.45449740886688,3.69869888305664,4.1137411499023395,4.80446014404296,5.939957809448241,7.796426131725311
546.0,3.17786041259765,3.17797126770019,3.17947441101074,3.18495498657226,3.20143737792968,3.23932586669921,3.31432823181152,3.45354173183441,3.69767135620117,4.11262390136718,4.80346740722656,5.93904716491699,7.79495463490486
547.0,3.1769412231445298,3.1769829559326097,3.1784154510498,3.1843936920166,3.2008285522460898,3.2384033203125004,3.31383712768554,3.45276662826538,3.6969644927978504,4.1121304321289,4.80247802734375,5.938301849365231,7.794140807390209
548.0,3.17663452148437,3.1766138267517,3.17796852111816,3.18350791931152,3.19991333007812,3.23780151367187,3.3128024291992104,3.45181128978729,3.69598648071289,4.11083618164062,4.80171005249023,5.93692985534667,7.793232393264771
549.0,3.17572204589843,3.17562618255615,3.1769110107421796,3.18294677734375,3.1993078613281196,3.2368792724609294,3.31231163024902,3.45142285823822,3.69555305480957,4.11035400390625,4.80072021484375,5.93602401733398,7.79138617873191
550.0,3.1748239135742105,3.1750823020935,3.1764498138427704,3.1819892883300698,3.1983944702148404,3.2363519287109304,3.3112954711914,3.45046842575073,3.69458793640136,4.10928253173828,4.8000903320312505,5.935337066650391,7.790948365926741
551.0,3.17390411376953,3.1740947151184002,3.17546936035156,3.18142822265625,3.19808990478515,3.2354315185546803,3.31080459594726,3.44971326828002,3.69388725280761,4.10874481201171,4.7990625,5.93443092346191,7.79013580679893
552.0,3.17359710693359,3.1737269210815398,3.1750048828125004,3.18048553466796,3.1971768188476504,3.23483306884765,3.3097714233398396,3.44875974655151,3.6927592468261703,4.10768859863281,4.79833435058593,5.93306091308593,7.78829085230827
553.0,3.1728286743163996,3.1727554893493597,3.1739525604248002,3.17992927551269,3.1965728759765604,3.23393188476562,3.30928520202636,3.44837120532989,3.69232559204101,4.10719635009765,4.79735717773437,5.93252235412597,7.7878848075866705
554.0,3.17193542480468,3.17206533432006,3.17350601196289,3.1793685150146396,3.19567932128906,3.233330078125,3.3082528686523403,3.44741827011108,3.69136428833007,4.10614044189453,4.79636825561523,5.93147567749023,7.7860398697852995
555.0,3.17102294921875,3.17111585617065,3.17245445251464,3.1784130859375,3.1950750732421795,3.2324151611328102,3.3079584503173804,3.44668340682983,3.69066680908203,4.10508819580078,4.79560623168945,5.93040946960449,7.7852352964878
556.0,3.1707183837890596,3.1707492065429603,3.1721500396728497,3.17787139892578,3.19423950195312,3.23181365966796,3.3069306945800703,3.44573081493377,3.6897056579589798,4.10460723876953,4.79461730957031,5.92956596374511,7.784829891920079
557.0,3.169833984375,3.1697772789001397,3.1710990905761705,3.1769164276123,3.19363525390625,3.23121612548828,3.30645965576171,3.44534742355346,3.6892733764648398,4.1035415649414,4.79400085449218,5.92872261047363,7.782988044023511
558.0,3.16895233154296,3.16909103393554,3.1706583404541,3.1764334869384703,3.1927429199218698,3.23031646728515,3.30543243408203,3.4443943595886197,3.6883121490478503,4.10306427001953,4.79301193237304,5.92766006469726,7.78217556476593
559.0,3.1680325317382803,3.16872371673584,3.1696797180175698,3.1754790496826097,3.1921389770507798,3.2297943115234298,3.30501678466796,3.4436884355545,3.6876170349121002,4.102010192871091,4.792253723144531,5.92662994384765,7.781777522563931
560.0,3.16772827148437,3.1677532005309996,3.1692212677001903,3.1749422454833898,3.19153564453125,3.2288806152343703,3.30398979187011,3.44274034500122,3.6866558074951103,4.10153259277343,4.79126586914062,5.92609245300293,7.7799369287490805
561.0,3.167431640625,3.1674244117736796,3.1681900024413996,3.1742403411865197,3.1906488037109297,3.22829856872558,3.30351898193359,3.44237184524536,3.6863910675048803,4.10042358398437,4.79085220336914,5.92525001525878,7.779131803512571
562.0,3.16654876708984,3.1664413261413498,3.1677269744873,3.17370361328125,3.1901171875000003,3.22768753051757,3.3024933624267496,3.44142327785491,3.6854303741455,4.09994659423828,4.78958114624023,5.92388717651367,7.7787289083004
563.0,3.1656607055664,3.1657751083374,3.16728782653808,3.17282760620117,3.1892306518554596,3.22709144592285,3.30200439453125,3.4410374355316105,3.68474052429199,4.098896484375,4.78859619140625,5.92336303710937,7.77792441606521
564.0,3.1647497558593702,3.1649454498291,3.16631492614746,3.17227294921875,3.18862731933593,3.2261974334716697,3.3015381622314397,3.44029609203338,3.6837963867187495,4.09841979980468,4.78818252563476,5.92232131958007,7.7761155962944
565.0,3.16459930419921,3.16459573745727,3.1658756256103504,3.17133972167968,3.18802947998046,3.2256723785400303,3.30051300048828,3.4393623781204195,3.6833657073974604,4.09737060546875,4.78715957641601,5.9213230895996,7.7756895434856395
566.0,3.1636877441406197,3.1636510658264103,3.16498626708984,3.1707843017578097,3.18744415283203,3.2247797393798803,3.30010353088378,3.43898134708404,3.68240867614746,4.09689483642578,4.78645309448242,5.92043548583984,7.77488630533218
567.0,3.16284057617187,3.16298753738403,3.1645474243164005,3.1702490997314396,3.1866174316406197,3.2241839599609303,3.2990959930419903,3.4380768823623598,3.68178382873535,4.09584594726562,4.7854685974121,5.91996131896972,7.77307690501213
568.0,3.1619290161132803,3.1626215171813903,3.1635762023925698,3.1693740081787105,3.1860333251953104,3.2236058807373,3.29880897521972,3.43735230445861,3.6808272552490204,4.09542907714843,4.78505569458007,5.91861587524414,7.772776007652279
569.0,3.1616250610351497,3.1616549873352002,3.1631372833251903,3.16883972167968,3.18543090820312,3.2227706146240203,3.2977986907958905,3.4365456342697103,3.68041320800781,4.094380798339841,4.784083404541009,5.91777793884277,7.7718794107437095
570.0,3.1613311767578103,3.16132762908935,3.1626795196533197,3.16814422607421,3.18454711914062,3.22219467163086,3.29738929748535,3.43616637706756,3.6794562530517503,4.09390502929687,4.783176879882809,5.91725776672363,7.77054368376731
571.0,3.16045745849609,3.16036190032959,3.1616521453857396,3.16768592834472,3.18402038574218,3.2215863800048803,3.2963838195800697,3.43523668289184,3.6790296173095696,4.09286071777343,4.78220520019531,5.91642036437988,7.769772226810449
572.0,3.15972839355468,3.15985506057739,3.16127609252929,3.16675399780273,3.1834439086914004,3.22100952148437,3.2959008026123,3.4345455074310296,3.67835762023925,4.09239959716796,4.78179321289062,5.91523765563964,7.76897087693214
573.0,3.1588168334960898,3.15891128540039,3.1602492523193297,3.166201171875,3.1828607177734303,3.2201797485351498,3.29544059753418,3.4336145353317202,3.6774015045166,4.09135284423828,4.78082092285156,5.91440147399902,7.767541786432259
574.0,3.1585537719726497,3.1585669517516997,3.15996955871582,3.1656710052490196,3.1820401000976504,3.21960388183593,3.29449089050292,3.43323604106903,3.67704116821289,4.09088073730468,4.78011962890625,5.91388481140136,7.766739847660061
575.0,3.15764129638671,3.15820245742797,3.15900085449218,3.1647982025146395,3.18145690917968,3.2190272521972605,3.29402725219726,3.43287505626678,3.67609718322753,4.0904052734375,4.77914855957031,5.91304763793945,7.766470756530761
576.0,3.15734771728515,3.15727363586425,3.15856727600097,3.16452056884765,3.18087280273437,3.2181942749023396,3.29320053100586,3.4319715976715,3.6755825805663997,4.08936157226562,4.77873977661132,5.91170539855957,7.76466755032539
577.0,3.15650756835937,3.1566208076476996,3.15813003540039,3.16359397888183,3.18004913330078,3.21762260437011,3.29281013488769,3.4312577152252097,3.67464210510253,4.08890167236328,4.7777684020996,5.91124855041503,7.7638656353950495
578.0,3.15574981689453,3.1557929801940903,3.1571618652343703,3.1631372833251903,3.17947082519531,3.21701629638671,3.29180671691894,3.43045276165008,3.67428306579589,4.08785919189453,4.77706848144531,5.9104149627685505,7.76347938537597
579.0,3.1554583740234303,3.15548370361328,3.15672943115234,3.1625894165039,3.17889709472656,3.2165167236328096,3.29132957458496,3.4301365852355903,3.67334312438964,4.087443237304679,4.77609725952148,5.90943778991699,7.762678102254859
580.0,3.1545840454101497,3.15452163696289,3.1558627319335897,3.16173698425292,3.1783761596679603,3.2156322479248005,3.2909391021728496,3.42920800685882,3.67291816711425,4.086416015625001,4.77568923950195,5.90855918884277,7.76137786269187
581.0,3.15428283691406,3.15417400360107,3.1554883575439403,3.1612080383300696,3.17779296875,3.2150560760498,3.28993644714355,3.4288341331481895,3.6722547912597605,4.08594482421875,4.7747209167480404,5.90810241699218,7.760607727766029
582.0,3.1534527587890597,3.15354610443115,3.1550511932373,3.16053482055664,3.17691772460937,3.2145422363281195,3.2896555328369095,3.4281228446960403,3.6713646697998,4.08514221191406,4.77402282714843,5.90727005004882,7.75981501579284
583.0,3.1525424194335896,3.15273918151855,3.15410789489746,3.1600641632079998,3.1764111328124995,3.2139569854736303,3.28872695922851,3.4272377300262398,3.67095634460449,4.08468200683593,4.773256225585929,5.9062937927245995,7.758515418767919
584.0,3.1524038696289,3.15243015289306,3.15367561340332,3.15953186035156,3.17582489013671,3.21338630676269,3.28826843261718,3.42700780391693,3.6701676177978504,4.08370056152343,4.77284851074218,5.905274963378901,7.75762812256813
585.0,3.15152160644531,3.1514688110351496,3.15281089782714,3.15860801696777,3.1753228759765597,3.21257408142089,3.2878054809570303,3.4260793161392202,3.66951019287109,4.08322937011718,4.7718812561035095,5.90482215881347,7.757331042289731
586.0,3.1512301635742097,3.15112590789794,3.1524560546875,3.1581562805175696,3.17473937988281,3.2120037078857395,3.2868637084960897,3.4254145240783602,3.66862113952636,4.08220397949218,4.77119583129882,5.9040030670166,7.75656156182289
587.0,3.15040313720703,3.1505139350891103,3.15200462341308,3.15748497009277,3.17386657714843,3.21149032592773,3.2865969848632797,3.4250428438186598,3.66821327209472,4.08173309326171,4.77022888183593,5.90303100585937,7.75476883172988
588.0,3.1496469116210903,3.1497066116333,3.1510634613037105,3.1570337677001903,3.1733645629882803,3.21090583801269,3.2856736755371,3.42415882587432,3.66780578613281,4.0812759399414,4.769871826171871,5.90220024108886,7.75450351834297
589.0,3.14935577392578,3.14938697814941,3.1507868194579998,3.15648735046386,3.17279510498046,3.21041137695312,3.28521667480468,3.4238050174713095,3.6669189453125,4.08029602050781,4.7689045715332,5.90174758911132,7.753710867166511
590.0,3.1484832763671795,3.1490446281433098,3.1498446655273398,3.1556414031982403,3.1722943115234297,3.20952972412109,3.2847537994384703,3.42301922798156,3.6662605285644503,4.0798406982421795,4.76822128295898,5.90093208312988,7.752414381504059
591.0,3.14819152832031,3.1481214141845704,3.1494138336181603,3.1553701782226504,3.1717153930664,3.20895957946777,3.2838314056396403,3.4223610353469796,3.6654885864257802,4.07904052734375,4.76725509643554,5.89996200561523,7.7515277576446495
592.0,3.14736938476562,3.1476283836364702,3.14898300170898,3.1545207977294902,3.17090148925781,3.20846641540527,3.28355194091796,3.4219901084899895,3.66513557434082,4.07858428955078,4.76684753417968,5.89914672851562,7.751262477636329
593.0,3.1466110229492097,3.1467055130004797,3.1480426025390598,3.15399375915527,3.1706314086914005,3.20788276672363,3.2826297760009697,3.42110737323761,3.6647287750244097,4.07761993408203,4.766455230712889,5.8986951446533205,7.750469859838479
594.0,3.14635833740234,3.14636445999145,3.14777107238769,3.15354393005371,3.1698370361328103,3.20738960266113,3.28217277526855,3.4208965730667096,3.66379295349121,4.077149963378901,4.765488586425779,5.89788009643554,7.749183177947989
595.0,3.14606750488281,3.14606159210205,3.14683006286621,3.1528784942626897,3.1692596435546805,3.2068197631835904,3.2817855072021405,3.41997223854064,3.66320304870605,4.076693725585931,4.76484832763671,5.89691215515136,7.74841438174247
596.0,3.1451940917968697,3.14525491714477,3.14640045166015,3.15242889404296,3.1687585449218703,3.20601493835449,3.28098663330078,3.4193179368972695,3.6624179077148398,4.07571960449218,4.7638916015624995,5.89609733581543,7.74765475392341
597.0,3.14449066162109,3.14465238571167,3.14604743957519,3.1519019317626897,3.1681961059570303,3.20574829101562,3.28060302734375,3.41896191120147,3.6620778656005797,4.07550262451171,4.7636926269531195,5.89566078186035,7.74636870145797
598.0,3.14361999511718,3.14431158065795,3.1451895904540996,3.1510583496093703,3.1676950073242103,3.20494361877441,3.2801462554931597,3.41808233737945,3.66167533874511,4.07448028564453,4.762738189697259,5.8948469543457,7.7455999314785
599.0,3.14332916259765,3.1433929252624497,3.14483665466308,3.1507922363281198,3.1671176147460898,3.20437492370605,3.2792259979248,3.4178733491897497,3.6607402801513604,4.07407257080078,4.7620994567871096,5.89388275146484,7.74531335115432
600.0,3.14307708740234,3.1432071685791,3.1444836425781197,3.14994911193847,3.16634338378906,3.2038833618164,3.2789654541015603,3.4169770526885896,3.6601525115966695,4.07361755371093,4.76113327026367,5.89306854248046,7.7445525252819
601.0,3.1423587036132803,3.1422847366333,3.14362701416015,3.14942344665527,3.16607391357421,3.2033055877685497,3.27804656982421,3.41662533283233,3.65938407897949,4.07259887695312,4.760741729736321,5.89282165527343,7.74326163053512
602.0,3.14206756591796,3.14196002960205,3.1432788848876902,3.1489933013915996,3.1652822875976496,3.20281745910644,3.27758995056152,3.4159739303588803,3.6590325927734297,4.0722036743164,4.76033813476562,5.892010192871091,7.74250265359878
603.0,3.1412509155273405,3.1413617324829097,3.14284965515136,3.14833023071289,3.1647091674804604,3.20224998474121,3.2772074890136698,3.4151943588256803,3.6586311340332003,4.07141021728515,4.75943588256835,5.8910597229003905,7.742246007919309
604.0,3.14049591064453,3.1405592918395895,3.1419304656982403,3.1478857421875,3.1642092895507803,3.20144645690917,3.2764144134521405,3.4148873138427702,3.6577613830566404,4.07101470947265,4.758759765625,5.89024978637695,7.74136071205139
605.0,3.14025390625,3.14025840759277,3.14166023254394,3.14736015319824,3.16372619628906,3.2012564086913997,3.27603340148925,3.41453599929809,3.65727714538574,4.06999694824218,4.75799972534179,5.88986175537109,7.740078994035721
606.0,3.13996307373046,3.13995653152465,3.1407269287109303,3.1467739868164,3.1631494140625,3.20069366455078,3.27557678222656,3.4136576700210504,3.6564085388183503,4.06954223632812,4.75760864257812,5.88905143737793,7.73931822180748
607.0,3.13909118652343,3.13915475845336,3.1403753662109297,3.14632575988769,3.16265411376953,3.1998915863037105,3.2746765136718703,3.4131249380111597,3.6560076141357403,4.06913604736328,4.7566966247558495,5.88810256958007,7.73906344175338
608.0,3.13843231201171,3.1385588264465305,3.14010559082031,3.14580513000488,3.16211364746093,3.19964447021484,3.2744171905517496,3.41224637031555,3.65567184448242,4.06835876464843,4.75602233886718,5.887293014526359,7.7382971894741
609.0,3.1381442260742096,3.1382360458374006,3.1391734313964803,3.1449838256835903,3.16161865234375,3.1988426208495997,3.27350425720214,3.41189736366272,3.65490371704101,4.06796356201171,4.755631256103509,5.88684692382812,7.73701611518859
610.0,3.1372702026367096,3.13731775283813,3.1387639617919896,3.14471801757812,3.16104187011718,3.1982802581787104,3.2731222534179603,3.41159488201141,3.65432495117187,4.06694732666015,4.75471740722656,5.886413345336909,7.736257209777831
611.0,3.13714477539062,3.13717266082763,3.1384163665771405,3.14427032470703,3.1605609130859302,3.19809120178222,3.2728632354736304,3.4108163213729803,3.6539249420166002,4.0664959716796805,4.754329986572261,5.88566574096679,7.73600306153297
612.0,3.13627258300781,3.13683803558349,3.1376403808593705,3.1434347534179596,3.16006591796875,3.19729362487792,3.2719505310058503,3.4105097913742,3.6530564880371097,4.0661050415039,4.75358200073242,5.88470581054687,7.7352441656589495
613.0,3.13602111816406,3.13593120574951,3.1372161865234305,3.14318481445312,3.1595083618164,3.19674560546875,3.2715129852294895,3.40986520767211,3.65282241821289,4.06532562255859,4.752950134277341,5.88391227722168,7.7339643478393505
614.0,3.1353378295898398,3.13545942306518,3.1368843078613198,3.1423509216308503,3.1587237548828098,3.1962593078613195,3.2711368560791003,3.40908951759338,3.6519575500488197,4.064934082031249,4.75256057739257,5.88366645812988,7.73320607185363
615.0,3.13446594238281,3.13516395568847,3.13603492736816,3.1419030761718703,3.15853790283203,3.19576187133789,3.2704164886474603,3.40880248069763,3.6515576171875,4.06448364257812,4.75160812377929,5.88287353515625,7.73295195817947
616.0,3.13421417236328,3.1342571830749497,3.1356884765625,3.1416388702392504,3.1579800415039,3.1951995849609305,3.2699660491943296,3.4084540510177597,3.6509972381591695,4.06352813720703,4.751259155273431,5.881976470947261,7.7322004199028
617.0,3.13408203125,3.1340793418884196,3.13535697937011,3.1408233642578103,3.15719635009765,3.19472801208496,3.26960380554199,3.4075808048248204,3.65022926330566,4.06330261230468,4.75051498413085,5.88118331909179,7.73092245101928
618.0,3.13321899414062,3.1337788581848103,3.13450866699218,3.1403759765625,3.15700653076171,3.1942345428466696,3.2688138580322197,3.4070811128616296,3.6499000549316403,4.06234771728515,4.7498945617675705,5.88073905944824,7.73016543030738
619.0,3.13296722412109,3.13287656784057,3.13416259765625,3.1401129150390603,3.1564538574218703,3.19367218017578,3.2684344482421803,3.4067371416091903,3.6495002746582004,4.06189727783203,4.7489453125,5.88030967712402,7.7299119567871095
620.0,3.13227752685546,3.13240871429443,3.13383224487304,3.1392980194091797,3.1556704711914,3.19320167541503,3.26805877685546,3.4058774232864297,3.6487983703613196,4.06152160644531,4.7485559082031195,5.87956336975097,7.7292788529396
621.0,3.13141448974609,3.13211317062377,3.1330613708496,3.1388518524169897,3.15548126220703,3.1927085876464796,3.2672875213622996,3.40567672729492,3.64822463989257,4.0607470703125,4.74822021484375,5.87862045288085,7.728001526594159
622.0,3.13116333007812,3.1312077140808103,3.1326385498046805,3.13860694885253,3.1549279785156203,3.1921465301513603,3.2669073486328104,3.4053726625442504,3.6478288269042896,4.060356445312499,4.74746353149414,5.87801971435546,7.72724514484405
623.0,3.13104095458984,3.1310675048828096,3.1323119354248004,3.1377741241455004,3.15445617675781,3.19167625427246,3.26653244018554,3.4044993066787703,3.64697677612304,4.05990692138671,4.74684478759765,5.87759155273437,7.726999629735939
624.0,3.1307916259765602,3.1307512283325103,3.1315380096435503,3.1373329925537097,3.1539620971679603,3.19118469238281,3.2657618713378898,3.4039801931381204,3.6467482757568304,4.05895263671875,4.74645782470703,5.8768455505371,7.726242650747291
625.0,3.12991882324218,3.1298325729370102,3.1311346435546796,3.13708831787109,3.1534091186523403,3.19064170837402,3.26538291931152,3.40367652893066,3.64641578674316,4.05874603271484,4.74556076049804,5.87641700744628,7.7249977004528
626.0,3.12924133300781,3.1294054222106897,3.1309479522704997,3.13664688110351,3.15293762207031,3.19015724182128,3.26502586364746,3.4028048896789502,3.64555130004882,4.05779327392578,4.7451741027832,5.87547569274902,7.724241342544549
627.0,3.12899261474609,3.1290889930725,3.13003913879394,3.1358293914794904,3.1524581909179603,3.18966606140136,3.26423805236816,3.4026223945617597,3.64509651184082,4.05740264892578,4.74443069458007,5.87473503112793,7.723995859622949
628.0,3.12812896728515,3.1283269691467197,3.12961669921875,3.1356439971923797,3.1519641113281196,3.1891232299804604,3.26386260986328,3.40232020378112,3.64423271179199,4.057193298339841,4.74381622314453,5.87450935363769,7.723744889497749
629.0,3.12803588867187,3.12804933547973,3.12943122863769,3.1351448059082,3.1514355468749997,3.1889410400390603,3.26350662231445,3.40146446704864,3.64390113830566,4.05624359130859,4.74342681884765,5.8737213897705,7.722987942695609
630.0,3.1277578735351503,3.12775499343872,3.1285229492187496,3.13456886291503,3.1509405517578104,3.18816253662109,3.26278945922851,3.4009317779540997,3.6436726379394497,4.05580902099609,4.74252990722656,5.87282798767089,7.72172044634819
631.0,3.12704071044921,3.1269702148437504,3.12817863464355,3.1341473388671797,3.15046569824218,3.18767822265625,3.2623590087890597,3.4006327199935895,3.64282073974609,4.05541931152343,4.74234939575195,5.87240074157714,7.7209952509403195
632.0,3.12624847412109,3.12667623519897,3.1279345703125,3.13370635986328,3.14999603271484,3.1874387359619103,3.26218109130859,3.39977459907531,3.64249252319335,4.05465118408203,4.74145202636718,5.87161308288574,7.72074430465698
633.0,3.1259997558593695,3.1261134719848602,3.12760963439941,3.13307243347168,3.1494451904296796,3.18695449829101,3.26129005432128,3.39961899757385,3.64202796936035,4.05426086425781,4.74106628417968,5.87124740600585,7.71999531626701
634.0,3.12525360107421,3.12535106658935,3.1268415069580002,3.1326318359375,3.14926086425781,3.18618125915527,3.2609160614013604,3.39929500102996,3.6411807250976502,4.05387481689453,4.74045578002929,5.87064781188964,7.71884747385978
635.0,3.1250048828125,3.1250360107421797,3.1265167236328097,3.1322151184082,3.1485009765625,3.1860040283203097,3.26068206787109,3.39856670856475,3.64084831237793,4.05311859130859,4.73971359252929,5.86977127075195,7.71809911131858
636.0,3.1249218749999996,3.12489816665649,3.1261734008788995,3.1316400909423803,3.14801177978515,3.1854623413085896,3.26030799865722,3.3979369211196904,3.6406379699707,4.05273284912109,4.73937927246093,5.86934761047363,7.7178793191909705
637.0,3.1240576171875,3.1246206665039002,3.1253472137451097,3.13114196777343,3.14776977539062,3.18497261047363,3.25941833496093,3.39761364459991,3.6397740173339796,4.05234313964843,4.73899307250976,5.86856018066406,7.717130966186519
638.0,3.1238092041015597,3.12371921539306,3.1250079345703097,3.1309573364257797,3.1472766113281203,3.18450866699218,3.2592417144775303,3.3968851613998403,3.6394458770751896,4.05157623291015,4.73830245971679,5.86819549560546,7.71688066959381
639.0,3.12313903808593,3.12329885482788,3.12468399047851,3.13053604125976,3.14651733398437,3.18402481079101,3.25881164550781,3.39660569667816,3.6389965057372997,4.05120239257812,4.7376904296875,5.86759605407714,7.7156168889999295
640.0,3.12289093017578,3.12298767089843,3.1239363098144497,3.12972618103027,3.1463531494140597,3.1835546112060498,3.2581046295165996,3.3963084220886204,3.6386695098876904,4.05075622558593,4.73730773925781,5.86672386169433,7.7148923599720005
641.0,3.12218292236328,3.1222261238098103,3.12359336853027,3.12954627990722,3.14586029052734,3.1830142211914,3.25774940490722,3.3955539894104,3.6378215789794903,4.05005004882812,4.73641174316406,5.8662979888916,7.714648796319961
642.0,3.12194427490234,3.12194885253906,3.1233544921875,3.1290483856201097,3.14533905029296,3.1828372955322197,3.2573767089843697,3.3952568006515498,3.6376618194579997,4.049675292968749,4.73624450683593,5.86557373046875,7.714019497632981
643.0,3.12169799804687,3.12167766571044,3.12301200866699,3.1284936523437503,3.14484619140625,3.1820661163330004,3.25668418884277,3.39479131221771,3.6372844696044897,4.04923034667968,4.73534790039062,5.86535346984863,7.712756351232521
644.0,3.1209506225585897,3.12091556549072,3.1222644042968697,3.12805419921875,3.1446829223632804,3.1816015625,3.2562542724609305,3.39393729686737,3.63642051696777,4.04852447509765,4.7349658203125,5.86456710815429,7.71203367710113
645.0,3.12071228027343,3.12063846588134,3.12194580078125,3.1276391601562503,3.14392944335937,3.18142127990722,3.25607795715332,3.39364178180694,3.6360273742675697,4.04815063476562,4.73456115722656,5.86369682312011,7.71179135799408
646.0,3.12007415771484,3.12020439147949,3.12160316467285,3.1270848846435504,3.14343658447265,3.1808847808837797,3.25519416809082,3.3934624433517397,3.63565048217773,4.0477651977538995,4.73366806030273,5.86327362060546,7.711549044847479
647.0,3.1198355102538997,3.11991212844848,3.12085731506347,3.126650390625,3.1432733154296804,3.18041641235351,3.2548403930664,3.39317031860351,3.6349536895751897,4.04700012207031,4.73328308105468,5.86255004882812,7.710824556350699
648.0,3.1189712524414,3.11916683197021,3.12045959472656,3.12640869140625,3.14272583007812,3.1799340057373,3.2546640014648403,3.3923171329498203,3.63464393615722,4.04662933349609,4.73296203613281,5.86233093261718,7.7095651006698604
649.0,3.11888153076171,3.11889587402343,3.12029571533203,3.1259889984130798,3.1422802734374997,3.1794750213623,3.2542389678955,3.39185419082641,3.6343336486816398,4.046244506835929,4.7322233581542905,5.861607131958,7.70893523216247
650.0,3.11864288330078,3.11861886978149,3.1199575805664,3.12542152404785,3.1417919921875,3.17900611877441,3.25354827880859,3.39155941486358,3.6336368560790997,4.04549133300781,4.73189010620117,5.8611848449707,7.708724679946891
651.0,3.11789764404296,3.11786130905151,3.11921234130859,3.12500205993652,3.1413183593749996,3.1785286712646403,3.2531761932373,3.3908090543746896,3.6332604980468695,4.045106506347651,4.73128372192382,5.86031585693359,7.70797824263572
652.0,3.11765930175781,3.11758583068847,3.11889404296875,3.12458709716796,3.1408734130859304,3.1783673858642505,3.25282676696777,3.39051406383514,3.63287361145019,4.04473571777343,4.7305584716796805,5.85973342895507,7.707735959291449
653.0,3.11702423095703,3.1171544265746998,3.11857101440429,3.12403488159179,3.14038513183593,3.1778321075439404,3.25213569641113,3.39038090229034,3.6320262908935503,4.0440319824218705,4.73022506713867,5.85937438964843,7.706501560211181
654.0,3.11678588867187,3.1168798828125,3.1178116607665998,3.12360069274902,3.14022216796875,3.17736473083496,3.2517681121826096,3.3895305871963504,3.6317009735107404,4.04360229492187,4.72989440917968,5.85895248413085,7.70587965488433
655.0,3.11592315673828,3.11612270355224,3.1174886322021402,3.12343727111816,3.13975341796875,3.17688720703125,3.2516104888916,3.38925377368927,3.6315582275390597,4.0434585571289,4.7291665649414,5.858432312011709,7.70563922047615
656.0,3.1158435058593703,3.11584711074829,3.1172525024414,3.12294448852539,3.1392361450195296,3.1767263793945304,3.2511865997314398,3.3887769126892002,3.63118247985839,4.042529296875,4.72883636474609,5.85756515502929,7.70492272377014
657.0,3.11560485839843,3.11557596206665,3.11692955017089,3.1223974609375,3.1387628173828097,3.1759619140625,3.2504968261718696,3.3884602355957,3.6304894256591695,4.04214416503906,4.72823120117187,5.85714302062988,7.704675587415689
658.0,3.11488830566406,3.1148348999023403,3.11617034912109,3.1219781494140597,3.13858642578125,3.1754988861083904,3.2501296234130796,3.38775129795074,3.62995079040527,4.0419555664062505,4.72750366210937,5.85642356872558,7.7034479260444595
659.0,3.11465057373046,3.11456058502197,3.11585266113281,3.12180114746093,3.1381127929687502,3.17532470703125,3.2499723052978498,3.38745979309082,3.6296411132812496,4.04157135009765,4.72717346191406,5.8562060546875,7.70282787919044
660.0,3.11402770996093,3.11415452957153,3.11568977355957,3.1213816833496,3.13767395019531,3.1748617553710905,3.2490912628173803,3.38732711791992,3.62894920349121,4.04064239501953,4.726843414306639,5.85549880981445,7.702588087320319
661.0,3.11375244140625,3.1138837814331,3.1147914123535103,3.1208354187011698,3.1372052001953104,3.17439987182617,3.24873893737793,3.3864783096313396,3.6285736083984297,4.04050262451171,4.726119079589839,5.85508094787597,7.70187099814415
662.0,3.1130441284179597,3.1131392288208,3.11447380065917,3.1204221343994103,3.13673248291015,3.17386596679687,3.2485678863525296,3.3862016296386703,3.62843215942382,4.040072631835931,4.72578887939453,5.85421432495117,7.70163182735443
663.0,3.11280792236328,3.11286861419677,3.1143112945556597,3.12000747680664,3.13629425048828,3.1737054443359303,3.2482192230224602,3.3857333612442004,3.6281101989746,4.03937133789062,4.72519546508789,5.85369567871093,7.70039931058883
664.0,3.11271911621093,3.1127167510986298,3.11399353027343,3.11945777893066,3.1358071899414,3.17324729919433,3.24753021240234,3.38545707702636,3.62743049621582,4.03900177001953,4.7245098876953096,5.8532778930664,7.69977928757667
665.0,3.11248291015625,3.11244619369506,3.11323631286621,3.11904350280761,3.1356494140625,3.1727676391601496,3.24710784912109,3.3847083759307797,3.6268980407714797,4.03863250732421,4.72414108276367,5.8529347229003905,7.69956943035125
666.0,3.11177429199218,3.11170108795166,3.1129186248779197,3.11886688232421,3.1351770019531195,3.1723097991943296,3.24695526123046,3.38443649768829,3.62657279968261,4.0379345703125,4.72401748657226,5.85235778808593,7.699330887794489
667.0,3.11153839111328,3.1114306831359797,3.11276100158691,3.11845275878906,3.1347399902343698,3.17215026855468,3.2466032409667904,3.3843042612075798,3.62589347839355,4.03750549316406,4.72313812255859,5.85199958801269,7.698615666627879
668.0,3.11091827392578,3.11102842330932,3.11243965148925,3.11790794372558,3.1341943359375,3.17169258117675,3.24591934204101,3.38401588439941,3.6255222320556597,4.03737731933593,4.72275726318359,5.85113739013671,7.697486937046049
669.0,3.1100552368164,3.11075912475585,3.11170143127441,3.1174901580810497,3.13403778076171,3.1709304046630797,3.2455532836914,3.38330694198608,3.625380859375,4.03699340820312,4.72236190795898,5.850572357177731,7.696772334575649
670.0,3.10981964111328,3.11001819610595,3.11138481140136,3.1173319244384703,3.1335690307617097,3.17077575683593,3.2454010772705004,3.3830351114273003,3.62507659912109,4.0360693359374995,4.72148300170898,5.85021797180175,7.69653381466865
671.0,3.1097399902343703,3.10974891662597,3.11114929199218,3.11691886901855,3.13313354492187,3.17031761169433,3.24504913330078,3.3824430227279603,3.6243843078613196,4.03594207763671,4.72115356445312,5.849859848022461,7.6962940776348105
672.0,3.10950439453125,3.10963146209716,3.11083259582519,3.11629669189453,3.1326611328125,3.16985359191894,3.24436584472656,3.38173852920532,3.62407623291015,4.0355581665038995,4.7210432434082,5.84928367614746,7.69570644497871
673.0,3.10879760742187,3.10936235427856,3.11009605407714,3.1158837890625,3.13250457763671,3.1693968963623,3.24401878356933,3.3814640045166002,3.6235466003417898,4.03481658935546,4.72067504882812,5.84843460083007,7.69448313355445
674.0,3.1085595703125,3.10862194061279,3.10977867126464,3.11572662353515,3.1320358276367104,3.1692425537109297,3.24367134094238,3.3813366127014097,3.6228671264648398,4.03444702148437,4.71998977661132,5.8480802154541,7.69424463510513
675.0,3.1079425048828098,3.10835254669189,3.10962135314941,3.1153137969970697,3.13160095214843,3.168784866333,3.2429882049560503,3.3810486364364603,3.6225632476806604,4.03430877685546,4.719402770996091,5.8475046539306605,7.69353006482124
676.0,3.1077069091796803,3.10796995162963,3.10930526733398,3.1147703552246,3.1311334228515597,3.16832572937011,3.24264099121093,3.38034420013427,3.62240966796875,4.03393981933593,4.71907318115234,5.84716560363769,7.69341791629791
677.0,3.10700012207031,3.10770090103149,3.10856887817382,3.11435752868652,3.1309768676757797,3.16786926269531,3.242490234375,3.38007419586181,3.62210250854492,4.03301727294921,4.71835266113281,5.846808090209961,7.69270335555076
678.0,3.10676452636718,3.10696067810058,3.10825279235839,3.11420051574707,3.1305090332031202,3.1677149200439403,3.242138671875,3.37962434291839,3.62142669677734,4.03289031982421,4.71802413940429,5.84623191833496,7.69246609210968
679.0,3.10668548583984,3.10669166564941,3.10809547424316,3.11378776550292,3.13007537841796,3.16725845336914,3.24145698547363,3.3793532943725504,3.6210563659667896,4.03251007080078,4.71791397094726,5.84538841247558,7.69124464511871
680.0,3.1064523315429597,3.1065796470642,3.10777923583984,3.11324462890625,3.1296075439453097,3.16679977416992,3.2411099243164,3.3786499595642,3.62069519042968,4.03182647705078,4.71703552246093,5.84503433227539,7.69063324689865
681.0,3.10574493408203,3.10631034851074,3.1070446014404203,3.11283203125,3.1294512939453103,3.16634338378906,3.2409591674804603,3.37833636760711,3.6203885650634695,4.03140106201171,4.71670959472656,5.84447105407714,7.690425906181329
682.0,3.1055090332031203,3.10557441711425,3.10672874450683,3.11275367736816,3.12898468017578,3.16618934631347,3.2406122589111295,3.37821107864379,3.6197126770019503,4.03127502441406,4.716278533935539,5.8441170501708894,7.69018927454948
683.0,3.10489532470703,3.10530559539794,3.10665008544921,3.11234100341796,3.12855163574218,3.16573303222656,3.23993095397949,3.37794122219085,3.61939331054687,4.03089477539062,4.71596221923828,5.843779296875,7.68947473883628
684.0,3.10466003417968,3.1049267578125,3.10633430480957,3.11179832458496,3.12808837890625,3.1652758026123005,3.23958435058593,3.3772379302978504,3.6192578125,4.0302114868164,4.7152781677246,5.84320350646972,7.6883814895153
685.0,3.10458129882812,3.10465793609619,3.1055997467041,3.11138671875,3.1279327392578096,3.16481986999511,3.2394336700439395,3.3769683361053398,3.61895401000976,4.02984680175781,4.714964599609369,5.84285079956054,7.68814487218856
686.0,3.10387390136718,3.1039338874816798,3.10528381347656,3.11123512268066,3.1274658203125,3.16467041015625,3.23909141540527,3.3765257549285796,3.61827903747558,4.02948211669921,4.71464859008789,5.84200775146484,7.687438287734979
687.0,3.10363891601562,3.10366630554199,3.10513160705566,3.1108226776123,3.12703338623046,3.16421409606933,3.2384109497070304,3.3762565612792903,3.61797218322753,4.0287991333007795,4.7139646911621,5.84149528503417,7.68732680082321
688.0,3.1035626220703096,3.1035544013977,3.10481712341308,3.11028167724609,3.12664306640625,3.16375740051269,3.23806396484375,3.3755534362792896,3.6176142883300697,4.02843444824218,4.71360046386718,5.84109550476074,7.686614122390741
689.0,3.10332763671875,3.1032905006408598,3.1041015625000004,3.10988853454589,3.1264886474609304,3.1633013153076104,3.2379145050048805,3.3752839040756197,3.61731094360351,4.0282974243164,4.7132225036621,5.8409464263916,7.686407427787779
690.0,3.1026293945312498,3.10255056381225,3.1037857055663998,3.10973327636718,3.12602569580078,3.1631475830078104,3.23776428222656,3.37515935897827,3.6166357421875004,4.02793212890625,4.71289718627929,5.84024536132812,7.685284909009931
691.0,3.1023941040039,3.10232088088989,3.1036301422119097,3.10932563781738,3.1255950927734295,3.16299446105957,3.2374176788330002,3.37493408679962,3.61633338928222,4.027250671386709,4.71222534179687,5.8398923492431605,7.68457834601402
692.0,3.10178497314453,3.10194473266601,3.10331924438476,3.10878494262695,3.125126953125,3.16254333496093,3.2367382049560502,3.3742307233810402,3.6161981201171796,4.02688598632812,4.7119123840332,5.8391921234130795,7.68434237360954
693.0,3.10154968261718,3.10168088912963,3.1031639099121,3.10862869262695,3.12499206542968,3.16208702087402,3.23639640808105,3.3739615726470897,3.6158956146240198,4.02670349121093,4.71159683227539,5.83885505676269,7.68426265001297
694.0,3.1008813476562502,3.10094131469726,3.10243049621582,3.10821746826171,3.12452880859375,3.16165031433105,3.2362470245361297,3.37352292537689,3.6152201843261698,4.02633911132812,4.7109159851074205,5.83834274291992,7.6835499989986396
695.0,3.10064636230468,3.1006901741027804,3.10211975097656,3.10806610107421,3.12409881591796,3.16149749755859,3.2359004974365204,3.3732585191726603,3.61491798400878,4.02566101074218,4.710601196289059,5.83800628662109,7.68332136154174
696.0,3.10057006835937,3.1005835533142,3.10196418762207,3.10767448425292,3.12394348144531,3.1610466003417903,3.23523933410644,3.37255554199218,3.61456222534179,4.02529327392578,4.71017593383789,5.8376539611816405,7.682229995727539
697.0,3.1003445434570303,3.10031595230102,3.1016690826416,3.10713409423828,3.1234765625,3.1605906677246,3.23489402770996,3.37228806018829,3.61425979614257,4.02517120361328,4.7098606872558495,5.83709808349609,7.6815179669857
698.0,3.09963684082031,3.10020599365234,3.10093994140625,3.10672691345214,3.12332702636718,3.16021301269531,3.23474945068359,3.3721813392639097,3.61358543395996,4.02480651855468,4.70919296264648,5.83674629211425,7.681289947032919
699.0,3.09940399169921,3.0994696617126403,3.10070404052734,3.10665016174316,3.12287872314453,3.1600641632079998,3.2344784545898397,3.3719139099120996,3.6132834625244103,4.02412963867187,4.70886764526367,5.83610946655273,7.68121025204658
700.0,3.09932586669921,3.09921857833862,3.10054878234863,3.1062393951416,3.12245422363281,3.1596093749999996,3.2338000488281198,3.3712147283553997,3.61314819335937,4.02376556396484,4.708759765625,5.8354098510742105,7.68049762845039
701.0,3.09871978759765,3.09884998321533,3.10023918151855,3.1057041931152303,3.1219873046875,3.1591729736328102,3.23345848083496,3.37094741821289,3.61285011291503,4.02362884521484,4.70788482666015,5.83506126403808,7.68026962041854
702.0,3.09849456787109,3.0985827255249,3.0995262145996,3.10531280517578,3.12191131591796,3.1587233734130797,3.23332801818847,3.3708234977722102,3.61217559814453,4.023264770507811,4.70757202148437,5.83486610412597,7.679179503917689
703.0,3.0977890014648404,3.0978821563720698,3.09921569824218,3.1051615142822198,3.12144897460937,3.1585699462890604,3.2329829406738204,3.37038739681243,3.6118733978271402,4.022588195800781,4.70719787597656,5.83452995300292,7.67847482442855
704.0,3.09755401611328,3.09761936187744,3.09906066894531,3.10500679016113,3.1210403442382804,3.1584220123291,3.23230934143066,3.37012343883514,3.61153602600097,4.02222442626953,4.70688537597656,5.83402229309082,7.67827124476432
705.0,3.09751556396484,3.0975259208679202,3.0989102935791,3.10460083007812,3.12057708740234,3.1579866790771396,3.2321595001220698,3.36942164897918,3.61123497009277,4.02210266113281,4.70620590209961,5.83318313598632,7.67816227793693
706.0,3.09728271484375,3.09726360321044,3.09861572265625,3.10408088684082,3.12042297363281,3.15753181457519,3.23181884765625,3.36917263031005,3.61056396484375,4.021738891601561,4.7058934020996,5.832846527099609,7.677457612752909
707.0,3.0965841674804597,3.0971538925170803,3.09788841247558,3.10367515563964,3.12027374267578,3.15708213806152,3.2316888427734303,3.3690533447265603,3.6102629089355402,4.02106292724609,4.70578567504882,5.8323390960693295,7.677253437042229
708.0,3.0963513183593703,3.09641828536987,3.0976528930664,3.10359870910644,3.1198263549804603,3.15700691223144,3.2313436889648397,3.36883027553558,3.61019546508789,4.02071380615234,4.70547317504882,5.8320034790039,7.676141979694361
709.0,3.09627380371093,3.09616743087768,3.09750251770019,3.10319282531738,3.11940338134765,3.1565573120117105,3.2306707763671803,3.36812814712524,3.6098944854736303,4.02059265136718,4.70475494384765,5.83180885314941,7.67593659639358
710.0,3.09567993164062,3.09580183029174,3.09720809936523,3.1026732635498,3.11901458740234,3.1561218261718698,3.2304013061523396,3.3678657579422,3.6092228698730398,4.02022827148437,4.7044424438476495,5.83146133422851,7.67523255109787
711.0,3.09544738769531,3.0955740737915,3.0964823150634704,3.10226860046386,3.11886627197265,3.15567222595214,3.23025703430175,3.3674487829208304,3.60892196655273,4.0195538330078096,4.70407241821289,5.83096588134765,7.675155346393581
712.0,3.09477844238281,3.09485509872436,3.09632759094238,3.10211395263671,3.11841888427734,3.15552490234375,3.2299308776855398,3.36718631744384,3.6085866546630796,4.01918975830078,4.70375747680664,5.8301316833496,7.674927999973289
713.0,3.0945462036132803,3.09459300994873,3.09601829528808,3.10196418762207,3.1179968261718702,3.15539192199707,3.22925827026367,3.36706480026245,3.60829032897949,4.019072265625,4.70309127807617,5.82979606628418,7.67434298753738
714.0,3.09447845458984,3.09448457717895,3.0958875274658197,3.10157798767089,3.11784790039062,3.15494247436523,3.2291096496582004,3.3663669395446703,3.60761528015136,4.01870880126953,4.70277877807617,5.82928909301757,7.673136948347089
715.0,3.09440338134765,3.0943796730041497,3.0956524658203097,3.1011181640625,3.1174005126953097,3.15456550598144,3.22878814697265,3.36611837387084,3.6074809265136696,4.01803405761718,4.702674560546869,5.82895355224609,7.67293341994285
716.0,3.09417053222656,3.09413375854492,3.09492706298828,3.10071342468261,3.1172525024414,3.1541170501708895,3.2286441040039,3.36600088119506,3.6071843719482395,4.01773071289062,4.70236282348632,5.828825759887691,7.67232644438743
717.0,3.09347198486328,3.09343254089355,3.09463768005371,3.1005783843994097,3.1168637084960897,3.153984375,3.228374710083,3.3657782554626396,3.60706748962402,4.01761047363281,4.70169647216796,5.82843132019042,7.67212292194366
718.0,3.09323944091796,3.09317098617553,3.09448303222656,3.1004288482666,3.11646179199218,3.15383697509765,3.2277025604247997,3.3650807476043703,3.60676681518554,4.01725006103515,4.70138473510742,5.82793640136718,7.67192672252655
719.0,3.09267761230468,3.09282484054565,3.09433387756347,3.1000242614746,3.11599975585937,3.1533875274658203,3.2273776245117096,3.36483217716217,3.6060960388183503,4.01657653808593,4.70101593017578,5.82759010314941,7.6713417375087705
720.0,3.09245300292968,3.09271572113037,3.0940446472167897,3.0995106506347603,3.11584716796875,3.15295433044433,3.2272336578369103,3.36440570831298,3.6058627319335903,4.01622772216796,4.70070449829101,5.82695671081543,7.671146160364151
721.0,3.0923779296875,3.09245464324951,3.0933937072753896,3.09917877197265,3.11571746826171,3.15258209228515,3.22708984375,3.3642856073379503,3.60551719665527,4.01610748291015,4.70003829956054,5.82662567138671,7.67003719210624
722.0,3.09167236328125,3.09173559188842,3.09308494567871,3.09903045654296,3.1152566528320302,3.15243598937988,3.2267650604248,3.36402363300323,3.60523323059082,4.0157470703125,4.6997265624999995,5.82593101501464,7.669833687543861
723.0,3.09144927978515,3.09150897979736,3.0929544830322198,3.09864440917968,3.11491424560546,3.1520011901855405,3.22609352111816,3.36334001541137,3.6045626068115197,4.01562713623046,4.699622802734369,5.82580329895019,7.66913092017173
724.0,3.09141174316406,3.0914210891723597,3.09280120849609,3.0984912109375,3.1144677734375,3.15185417175293,3.22582878112793,3.36312208175659,3.6044294738769502,4.01495361328125,4.69931106567382,5.82546836853027,7.669054979085919
725.0,3.09118865966796,3.0911600112915,3.09251167297363,3.09797798156738,3.11431915283203,3.1514069366454995,3.2257003784179603,3.3630050659179602,3.6041330718994096,4.01459381103515,4.6986457824707,5.82496238708496,7.6688594245910595
726.0,3.09048217773437,3.09105585098266,3.09186614990234,3.09757354736328,3.11417114257812,3.15097679138183,3.225556640625,3.36275810241699,3.60401626586914,4.01448852539062,4.698334045410149,5.82463088989257,7.66825065851211
727.0,3.09040740966796,3.0903371810913,3.0915585327148403,3.09750396728515,3.11372863769531,3.15090362548828,3.2252166748046798,3.36206035137176,3.6037207794189405,4.01412567138671,4.6979696655273395,5.82399955749511,7.6680496072769095
728.0,3.0901824951171797,3.09011064529418,3.09142852783203,3.09711807250976,3.11338348388671,3.15047340393066,3.2245605468750003,3.36194403171539,3.6031133270263602,4.013456726074209,4.69765838623046,5.82366928100585,7.666973019838331
729.0,3.08962432861328,3.08976749420166,3.0912751007079997,3.09696517944335,3.11294067382812,3.15032775878906,3.2242962646484297,3.36169678211212,3.6028171539306597,4.013154296875,4.69699279785156,5.82317863464355,7.66626905202865
730.0,3.08940124511718,3.08950647354126,3.09098709106445,3.09645217895507,3.11279327392578,3.14988067626953,3.22417266845703,3.36131715297699,3.60249099731445,4.0130371093749995,4.6967333984375,5.8227855682373,7.6660680103302
731.0,3.0886950683593697,3.08940357208251,3.0903409576416,3.09612663269042,3.11264556884765,3.14945091247558,3.22383377075195,3.36105561733245,3.60235786437988,4.0126889038085904,4.696629638671871,5.82265785217285,7.665999430418011
732.0,3.08862060546875,3.0886841392517,3.09003318786621,3.09597846984863,3.11220275878906,3.14937751770019,3.2236902618408196,3.3603731870651203,3.6020616912841703,4.01202056884765,4.69631896972656,5.82232734680175,7.6657745957374495
733.0,3.08839782714843,3.08846256256103,3.08990417480468,3.0955938720703102,3.1118630981445303,3.14894882202148,3.22303474426269,3.3602566957473696,3.60140434265136,4.0119009399414,4.69565567016601,5.82183364868164,7.6651975929737
734.0,3.08836273193359,3.088371219635,3.08975593566894,3.0954446411132803,3.11141662597656,3.1488021087646403,3.2227703857421797,3.3599965238571103,3.6011760711669902,4.01154144287109,4.6953450012207,5.82150344848632,7.664994742870331
735.0,3.08813781738281,3.08826833724975,3.0894669342041,3.09493324279785,3.11126922607421,3.14837478637695,3.22264678955078,3.35989793300628,3.60104690551757,4.01143676757812,4.6949917602539,5.8208772277832,7.66379427194595
736.0,3.0880636596679603,3.08802412033081,3.08882225036621,3.09460327148437,3.1111413574218703,3.14792686462402,3.2223082733154196,3.35968208789825,3.6007643127441398,4.01107727050781,4.69468109130859,5.82054588317871,7.6632172799110405
737.0,3.0873666381835903,3.08732694625854,3.08853454589843,3.09447479248046,3.11075744628906,3.1478585815429603,3.2221646118164,3.35899944305419,3.6006356048583896,4.01046630859375,4.694018402099609,5.82005638122558,7.663016269207
738.0,3.08717376708984,3.08708303451538,3.08838134765625,3.09432655334472,3.11035949707031,3.14742889404296,3.22151397705078,3.3588829755783,3.5999652862548803,4.01010681152343,4.69370773315429,5.81972595214843,7.66294831633567
739.0,3.0865878295898397,3.0869799041748003,3.0882526397705004,3.0939423370361303,3.11021240234375,3.1472833251953105,3.22125114440918,3.3586232185363696,3.59968208312988,4.010002441406249,4.69360473632812,5.81959991455078,7.66272350668907
740.0,3.0865136718749997,3.08664052963256,3.08802391052246,3.0934905242919903,3.10977081298828,3.14685630798339,3.221123046875,3.3582214307785,3.5994089508056595,4.00964294433593,4.6935041809082,5.81926986694335,7.66214653372764
741.0,3.08629150390625,3.08641941070556,3.08732063293457,3.09310508728027,3.10962341308593,3.1464859008789,3.2209806060790998,3.35800436496734,3.59911407470703,4.00952423095703,4.6931939697265594,5.81878021240234,7.66195346593856
742.0,3.08562408447265,3.0857007217407197,3.08717231750488,3.09295715332031,3.10924072265625,3.14635498046875,3.220659866333,3.3573217344284,3.59845970153808,4.0088568115234295,4.69254150390625,5.81845039367675,7.66087326169014
743.0,3.0854016113281197,3.08559804916381,3.086884765625,3.0928287506103502,3.10884338378906,3.1462094879150295,3.2200666809081997,3.3572070455551097,3.59832786560058,4.0085125732421805,4.69223327636718,5.8178246307373,7.66067898511886
744.0,3.08532745361328,3.08535390853881,3.08681549072265,3.09250366210937,3.1086962890625,3.1457810974121,3.21974723815918,3.3569655466079698,3.5980497741699202,4.0084536743164,4.69192108154296,5.81749481201171,7.659976898431769
745.0,3.08526306152343,3.08529066085815,3.08652801513671,3.09199440002441,3.10825469970703,3.14541275024414,3.21960472106933,3.3568937301635704,3.59798843383789,4.008095092773431,4.69161041259765,5.81700576782226,7.659910800456999
746.0,3.08507080078125,3.08504667282104,3.08637977600097,3.09184661865234,3.10818572998046,3.1449843597412097,3.21948127746582,3.3566517448425195,3.59769332885742,4.007439575195311,4.69094848632812,5.81667602539062,7.65971592068672
747.0,3.08437316894531,3.08494403839111,3.08567657470703,3.09146240234375,3.1080581665038998,3.1448388671875,3.21921867370605,3.3559553098678503,3.59703880310058,4.00732360839843,4.69065063476562,5.81655372619628,7.6591334772109905
748.0,3.0842993164062498,3.08422601699829,3.0854534149169903,3.09139343261718,3.1076162719726503,3.1447174835204996,3.21856880187988,3.3558412408828704,3.5969111633300703,4.006965332031251,4.69055114746093,5.81622398376464,7.658940433263769
749.0,3.08407653808593,3.08400468826293,3.08532501220703,3.09101417541503,3.10727935791015,3.1443474578857398,3.21842681884765,3.35559956073761,3.5966290283203097,4.00686065673828,4.69044876098632,5.81573509216308,7.657867574691769
750.0,3.08352600097656,3.0836682510375897,3.08517677307128,3.09086624145507,3.1068374633788998,3.1439215087890595,3.2181072998046805,3.3552261829376198,3.5963592529296804,4.0065625,4.69014053344726,5.81540542602539,7.65767515301704
751.0,3.08330383300781,3.08357057571411,3.0848903656005797,3.0903563690185503,3.10669158935546,3.14377616882324,3.2180410766601497,3.35498481750488,3.59608055114746,4.00589660644531,4.68948852539062,5.81484367370605,7.657068303823469
752.0,3.0832302856445297,3.08332695007324,3.08424728393554,3.0900326538085903,3.1065640258789,3.14334892272949,3.2177216339111303,3.35487079620361,3.5959529876708896,4.00555236816406,4.68918106079101,5.8145148468017505,7.656875884532919
753.0,3.08253265380859,3.08263172149658,3.08411880493164,3.0899045562744103,3.10618591308593,3.14328125,3.2175794219970704,3.3541927719116202,3.59528221130371,4.00543395996093,4.68887069702148,5.81402954101562,7.65680859088897
754.0,3.0823498535156197,3.08238811492919,3.08383171081543,3.0897763824462796,3.10579040527343,3.14315521240234,3.2169310760497996,3.3539771270751904,3.5950042724609297,4.00533325195312,4.68856323242187,5.81369987487793,7.656616184711449
755.0,3.08227569580078,3.08230213165283,3.08376373291015,3.08945182800292,3.10564453125,3.14272666931152,3.21666893005371,3.35388108730316,3.59494453430175,4.00497467041015,4.68791137695312,5.81357482910156,7.65603314757347
756.0,3.0822119140625,3.08223943710327,3.08348114013671,3.08894317626953,3.10520294189453,3.1423606872558496,3.21655029296875,3.35376740455627,3.59466560363769,4.00436950683593,4.68760421752929,5.81326080322265,7.65584074378013
757.0,3.082021484375,3.08199644088745,3.08333343505859,3.08880043029785,3.10515411376953,3.1419326019287097,3.2164081573486296,3.35352587223053,3.5945384979248,4.00402648925781,4.6875048828125,5.81277236938476,7.65477096319198
758.0,3.0813235473632803,3.08189914703369,3.08263236999511,3.08841667175292,3.10500823974609,3.1417919921875,3.2160888671874996,3.3528918123245197,3.59388450622558,4.003907775878901,4.6874153137207,5.81244735717773,7.65457673430442
759.0,3.08125030517578,3.08118070602417,3.0824240112304597,3.08834907531738,3.10456634521484,3.14166625976562,3.21549812316894,3.3527776145935,3.5936573791503896,4.00380737304687,4.68710815429687,5.81232215881347,7.654001646041871
760.0,3.0810668945312503,3.08095962524414,3.08227745056152,3.08822090148925,3.1042355346679598,3.1412976074218704,3.21537506103515,3.3525363159179604,3.59333877563476,4.00350982666015,4.68649597167968,5.81169914245605,7.65380986213684
761.0,3.08048767089843,3.08087417602539,3.0821491241455004,3.08783828735351,3.10379486083984,3.1411715698242104,3.2150558471679602,3.3521673822402898,3.59321136474609,4.00284484863281,4.68618850708007,5.81137374877929,7.653743818998331
762.0,3.08041595458984,3.08054182052612,3.08192611694335,3.0873931121826104,3.1036676025390597,3.14074760437011,3.21499061584472,3.35192646503448,3.59293365478515,4.00250091552734,4.68584289550781,5.81090110778808,7.653552039861671
763.0,3.08019409179687,3.0803256416320797,3.0812254333496,3.08701072692871,3.1036001586914,3.14038269042968,3.21467628479003,3.3518170595169,3.59233093261718,4.00238647460937,4.68574142456054,5.81057250976562,7.65297696709632
764.0,3.07953582763671,3.07960756301879,3.0810974884033198,3.08688285827636,3.1031634521484297,3.1402569580078104,3.2145344543457,3.3511391353607105,3.5920531463623,4.00228698730468,4.685434417724601,5.81045173645019,7.6527851939201295
765.0,3.07946258544921,3.07952215194702,3.0808708953857398,3.08681526184082,3.103017578125,3.1401129150390603,3.21388694763183,3.3509252882003704,3.59192611694335,4.00198577880859,4.68478576660156,5.8101853179931595,7.651716043949119
766.0,3.07924255371093,3.07930233001708,3.08074890136718,3.08643638610839,3.10270202636718,3.13976264953613,3.2136437988281195,3.35082971572876,3.59181640625,4.0013363647460904,4.6845280456542895,5.8097009277343705,7.65152427911758
767.0,3.07920867919921,3.07922302246093,3.0806207275390602,3.08628997802734,3.1022616577148403,3.1393390655517504,3.21350303649902,3.35073417186737,3.5915895843505803,4.00122192382812,4.68444152832031,5.80937232971191,7.65094921827316
768.0,3.07914459228515,3.07913757324218,3.08039405822753,3.08586059570312,3.10211975097656,3.1391987609863197,3.2133847045898403,3.3505208921432397,3.5909354400634705,4.00087799072265,4.68413513183593,5.80876579284668,7.65075746178627
769.0,3.0789224243164,3.07891780853271,3.0796977996826103,3.08547790527343,3.1019937133789,3.1388497161865203,3.21312370300293,3.3498424863815304,3.5908250427246,4.00082427978515,4.68403625488281,5.80844139099121,7.650692046880719
770.0,3.07825653076171,3.0782029724121003,3.07955131530761,3.0853365325927697,3.10163146972656,3.13872505187988,3.21300079345703,3.34973346710205,3.5905986785888597,4.00048065185546,4.68338500976562,5.80831748962402,7.65050029635429
771.0,3.07819274902343,3.07811882019042,3.07934448242187,3.08528755187988,3.10148956298828,3.1385846710205003,3.2123541259765602,3.34949395179748,3.59028312683105,4.000366516113281,4.6831298828125,5.80783340454101,7.6499258506298
772.0,3.07797058105468,3.07789905548095,3.07922149658203,3.0849052429199197,3.10109741210937,3.1381580352783196,3.21209678649902,3.3491441965103097,3.5901560974120996,3.9997177124023398,4.6827729797363205,5.80752044677734,7.64973349571228
773.0,3.07742584228515,3.07757274627685,3.07907501220703,3.0847638702392497,3.10073547363281,3.1378127288818303,3.2119748687744103,3.3490321493148802,3.5898825073242104,3.9994204711914,4.68247909545898,5.80739990234375,7.648665592670439
774.0,3.07736206054687,3.07748889923095,3.07886825561523,3.08433486938476,3.10059356689453,3.1376724243163996,3.2118533325195298,3.34879580497741,3.58927947998046,3.9993209838867103,4.6823779296875,5.80713455200195,7.64847568154335
775.0,3.07714263916015,3.07726930618286,3.0781721496582,3.08395713806152,3.10046783447265,3.13724601745605,3.21159606933593,3.34814500331878,3.5890032196044896,3.9992068481445298,4.68172958374023,5.80665008544921,7.647900639772411
776.0,3.07647430419921,3.0765555953979398,3.0780454254150302,3.0838110351562498,3.10010559082031,3.1371990966796797,3.21094955444336,3.3480504465103103,3.58889282226562,3.9988635253906204,4.68147506713867,5.80633743286132,7.64770951151847
777.0,3.0764111328125,3.0764706993103,3.07782432556152,3.08376350402832,3.09996398925781,3.13705909729003,3.21082664489746,3.3478110694885204,3.5888344573974598,3.99826110839843,4.68137649536132,5.80572044372558,7.64765267014503
778.0,3.07619140625,3.07625587463378,3.0776975250244103,3.08338493347167,3.09965087890625,3.13671005249023,3.2105706024169898,3.3477463197708097,3.58855712890625,3.99791870117187,4.68108291625976,5.80559654235839,7.64746093511581
779.0,3.0761669921875,3.07617219924926,3.07757080078125,3.0832583618164,3.09921508789062,3.1362873840331997,3.2104489898681603,3.3476528596877997,3.5884343719482406,3.9978045654296803,4.68098449707031,5.805288085937501,7.64688590764999
780.0,3.07609619140625,3.07608793258667,3.07734832763671,3.08281593322753,3.09907012939453,3.13614845275878,3.2103274536132798,3.34741355895996,3.5877810668945296,3.99770538330078,4.6803367614746,5.80480392456054,7.646696010828009
781.0,3.07591369628906,3.07587327957153,3.07722175598144,3.08243377685546,3.09902252197265,3.13579856872558,3.2100703430175703,3.34676550865173,3.5875711822509695,3.99741149902343,4.680079193115231,5.80453857421875,7.64562934756278
782.0,3.07521545410156,3.07578918457031,3.07652725219726,3.08230743408203,3.09858673095703,3.13567909240722,3.20994888305664,3.34652621746063,3.58744537353515,3.99676391601562,4.67973648071289,5.8044190216064395,7.64546936631202
783.0,3.07514465332031,3.07507535934448,3.07632080078125,3.08224517822265,3.09845977783203,3.13555458068847,3.20930267333984,3.34643287658691,3.58713523864746,3.9966503906249997,4.679638824462891,5.80411041259765,7.6448949599266
784.0,3.0749621582031197,3.0748724174499498,3.07617942810058,3.08211883544921,3.0981332397460903,3.13519157409667,3.20904655456543,3.3460720062255795,3.58690994262695,3.99630737304687,4.67934463500976,5.80398681640625,7.64470507383346
785.0,3.07439025878906,3.0747756004333398,3.0761322021484303,3.0817414855957,3.0980075073242097,3.13476898193359,3.2089251708984303,3.3459786748886096,3.58680000305175,3.9962692260742103,4.67873641967773,5.80350364685058,7.64464092969894
786.0,3.07432708740234,3.07448843002319,3.07584640502929,3.08131431579589,3.09757171630859,3.13464500427246,3.20880737304687,3.3457399940490697,3.58614677429199,3.9961550903320298,4.67844284057617,5.8031910705566405,7.64445714950561
787.0,3.0741372680664,3.0742507171630797,3.0757049560546803,3.0811732482910097,3.0975244140625002,3.13428161621093,3.20856575012207,3.3450934219360304,3.58592567443847,3.99581237792968,4.67834518432617,5.80263839721679,7.64388397812843
788.0,3.0740740966796802,3.0741671180725,3.07508552551269,3.08087028503417,3.09738403320312,3.13415733337402,3.2084299468994097,3.3449990844726503,3.58581581115722,3.9952148437500004,4.67825988769531,5.8023146057128905,7.64369287848472
789.0,3.07337799072265,3.0734761428833,3.07496406555175,3.08074890136718,3.09702178955078,3.1340378570556595,3.2078601074218698,3.34476428031921,3.5857067871093697,3.9948718261718703,4.67800537109375,5.80184684753418,7.643629350662231
790.0,3.07319580078125,3.07339376449584,3.07468322753906,3.08062255859375,3.09663696289062,3.1336893463134703,3.2075473022460903,3.34471535205841,3.58548469543457,3.99475860595703,4.677358093261709,5.80172416687011,7.64256515502929
791.0,3.07312530517578,3.073156375885,3.07463600158691,3.08030479431152,3.0965115356445296,3.13355056762695,3.20740715026855,3.34460412979126,3.5853755950927697,3.99472076416015,4.67725997924804,5.80141540527343,7.642382003068921
792.0,3.07310150146484,3.07311218261718,3.0744947052001903,3.0801785278320297,3.09613464355468,3.13320663452148,3.2073617553710903,3.34436958789825,3.5847221374511697,3.99437805175781,4.67696685791015,5.80129638671875,7.64180700659751
793.0,3.07304046630859,3.07301677703857,3.0742887115478497,3.079677734375,3.09600891113281,3.1327850341796797,3.2070487976074205,3.3437366867065403,3.58450088500976,3.99426788330078,4.67666458129882,5.80103515625,7.64161775588989
794.0,3.0728207397460903,3.0728141975402803,3.07359512329101,3.07937469482421,3.09588928222656,3.1326611328125,3.2069276428222597,3.3436297845840404,3.5843914031982402,3.9936218261718697,4.676371459960929,5.80056411743164,7.6415853738784705
795.0,3.07216156005859,3.0727352333068803,3.07346977233886,3.07925346374511,3.09552703857421,3.13260009765625,3.2063627624511697,3.34343377590179,3.5840838623046802,3.9933398437500003,4.67627380371093,5.80044448852539,7.64139612317085
796.0,3.07209106445312,3.07202091217041,3.07324882507324,3.0791915893554602,3.09538696289062,3.1324807739257796,3.2062272644042897,3.3430510473251305,3.5838591766357397,3.99322662353515,4.67562728881835,5.80012130737304,7.640829077959061
797.0,3.07190887451171,3.07181818008422,3.07312278747558,3.07906562805175,3.09507659912109,3.13213226318359,3.2059859466552703,3.342958111763,3.5837504577636703,3.9931314086914,4.6753727722167895,5.79952194213867,7.640639832019799
798.0,3.0713400268554603,3.07172388076782,3.0730804443359303,3.07868942260742,3.0949557495117097,3.1317156982421803,3.20586921691894,3.34274986267089,3.5830998229980398,3.99283508300781,4.6752876281738205,5.79926147460937,7.6405763268470706
799.0,3.071279296875,3.0714396667480397,3.07279991149902,3.07826339721679,3.09451995849609,3.1315929412841697,3.20574829101562,3.34265728473663,3.58289184570312,3.99273620605468,4.6751934814453096,5.798790817260739,7.639513374567029
800.0,3.07109710693359,3.0713610649108802,3.07267478942871,3.07814216613769,3.0944741821289,3.1312297821044903,3.20549255371093,3.34198464870452,3.5827703094482395,3.9920910644531205,4.67489990234375,5.79867240905761,7.639330245256421
801.0,3.0710269165039,3.0711238861083903,3.07204139709472,3.07782470703125,3.09433441162109,3.13110595703125,3.2053726196289,3.3417902898788396,3.58272956848144,3.9917980957031203,4.67429275512695,5.79836364746093,7.63875771284103
802.0,3.0703677368164,3.07044527053833,3.07191986083984,3.07769981384277,3.09397674560546,3.13106452941894,3.20473228454589,3.34168512821197,3.58245338439941,3.9916995239257798,4.6739988708496005,5.79824493408203,7.63859839200973
803.0,3.07030700683593,3.07035024642944,3.07171409606933,3.07757850646972,3.09385162353515,3.13064338684082,3.20449096679687,3.3416367340087803,3.5823320007324204,3.9916015625,4.67391448974609,5.79798507690429,7.638536121845239
804.0,3.07008758544921,3.07015235900878,3.07159362792968,3.07728057861328,3.09346893310546,3.1305204772949202,3.2043743896484305,3.3414023733139,3.58174621582031,3.9913085937500004,4.67361358642578,5.79751777648925,7.638352999687189
805.0,3.07006439208984,3.07007051467895,3.0714724731445298,3.07715476989746,3.0931069946289003,3.13016273498535,3.20431526184082,3.34130979537963,3.58147430419921,3.99121032714843,4.67332107543945,5.79739868164062,7.63778048038482
806.0,3.0700036621093703,3.06999174118042,3.07126655578613,3.0767153930664,3.09298675537109,3.1300434875488197,3.20419525146484,3.34068138599395,3.58136573791503,3.9905691528320295,4.673226623535149,5.797090911865229,7.637717603445051
807.0,3.06981384277343,3.06979387283325,3.07112648010253,3.0765942382812503,3.0929263305664,3.1296965789794897,3.2038826751708904,3.34057500839233,3.58111167907714,3.99027282714843,4.67258056640625,5.79654098510742,7.63752777695655
808.0,3.06975128173828,3.06971172332763,3.07051322937011,3.07629272460937,3.09280120849609,3.1295774078369103,3.2033186340331996,3.3403806686401296,3.58100311279296,3.99017486572265,4.67232604980468,5.79622985839843,7.63647278070449
809.0,3.06909393310546,3.0690201377868602,3.07038841247558,3.0761716461181603,3.09244384765625,3.12945831298828,3.20319770812988,3.34000185489654,3.5807315826416,3.9900799560546796,4.67224182128906,5.79611122131347,7.63631530880928
810.0,3.06887481689453,3.06894174575805,3.07010826110839,3.07605079650878,3.0920620727539,3.1291113281249996,3.2029436492919903,3.3399096727371202,3.5801455688476502,3.9897985839843697,4.672157745361321,5.7956446838378906,7.6357421875
811.0,3.06881408691406,3.06874029159545,3.0700662994384698,3.07574935913085,3.09194152832031,3.1289730072021396,3.20282707214355,3.33971984863281,3.5800244140625,3.9896896362304597,4.67190673828125,5.79538482666015,7.6355596923828095
812.0,3.06828552246093,3.06866220474243,3.06994148254394,3.0756282043457,3.0915805053710903,3.1286351776123005,3.2027822875976497,3.33961382389068,3.57982055664062,3.98904510498046,4.67126052856445,5.79528175354003,7.6354986596107395
813.0,3.06822479248046,3.06834669113159,3.06974052429199,3.07518936157226,3.0914605712890597,3.12851257324218,3.20247077941894,3.33898233890533,3.57971229553222,3.98876373291015,4.67117584228515,5.79516357421875,7.63543641448021
814.0,3.0680355834960897,3.06814882278442,3.06960083007812,3.07506843566894,3.09140045166015,3.12816925048828,3.2023544311523398,3.33874871253967,3.5796076965331998,3.98865478515625,4.67092239379882,5.79485641479492,7.635253925323481
815.0,3.0679751586914,3.06806703567504,3.06898803710937,3.0747671508789,3.09127990722656,3.12805114746093,3.2017874145507803,3.33866071701049,3.5794000244140602,3.9886181640625,4.67058685302734,5.79443664550781,7.63471255779266
816.0,3.0673159790039,3.06739250183105,3.06886322021484,3.07464622497558,3.0909191894531203,3.12793243408203,3.20167137145996,3.33861238002777,3.5792797088623,3.9882788085937504,4.67049041748046,5.79412948608398,7.6345239675045
817.0,3.06725555419921,3.06729879379272,3.06866233825683,3.0745263671875,3.09079895019531,3.1275855255126896,3.20141624450683,3.33850831031799,3.5786937713622997,3.9881811523437496,4.67024993896484,5.79401504516601,7.633469604253761
818.0,3.06703643798828,3.06710109710693,3.0685422515869103,3.07422904968261,3.0904177856445303,3.12746658325195,3.20129638671875,3.33831827163696,3.57858947753906,3.98758666992187,4.66960617065429,5.79341873168945,7.63340797543525
819.0,3.0670153808593703,3.06701936721801,3.06842132568359,3.07410438537597,3.09006042480468,3.12711074829101,3.2012564086913997,3.33822779178619,3.5783177947998,3.98748931884765,4.66950973510742,5.793158721923819,7.63321939706802
820.0,3.066953125,3.0669815826416,3.06822151184082,3.07368438720703,3.0899365234375,3.12699226379394,3.20094497680664,3.3375551080703696,3.5780785369873005,3.98715087890625,4.66926864624023,5.79269233703613,7.63265484452247
821.0,3.06677307128906,3.06690351486206,3.06809677124023,3.07356475830078,3.08989532470703,3.1266452026367104,3.20082878112793,3.33736530303955,3.57795829772949,3.9871142578125,4.66918762207031,5.792575073242181,7.632496178150169
822.0,3.0667129516601497,3.0666674041748,3.0674846649169902,3.0732485961914002,3.08975646972656,3.1265264892578104,3.20026229858398,3.3372748613357497,3.57775535583496,3.9870053100585903,4.66909118652343,5.792268066406249,7.6324424922466205
823.0,3.0660458374023403,3.0659923171997,3.06734489440917,3.07312774658203,3.08939910888671,3.12640869140625,3.20014625549316,3.33694113731384,3.57764686584472,3.98672393798828,4.66885070800781,5.79222816467285,7.63238148450851
824.0,3.06598510742187,3.06591518402099,3.06714538574218,3.07308265686035,3.08928009033203,3.1260668182373,3.19991111755371,3.33683685302734,3.5769976806640598,3.98608489990234,4.66820693969726,5.79211029052734,7.63219292044639
825.0,3.06580352783203,3.06571384429931,3.06702423095703,3.0729630279541,3.08897399902343,3.1259478759765598,3.1997771453857395,3.33664743423461,3.5767901611328097,3.9859878540039,4.6681233215332,5.79180389404296,7.63162776470184
826.0,3.0657434082031196,3.06563598632812,3.06697914123535,3.07266555786132,3.08885375976562,3.12560729980468,3.1997370147704998,3.3365570449829103,3.5766863250732404,3.98569519042968,4.66787002563476,5.7913850402832,7.63146911025047
827.0,3.06521942138671,3.0653629302978502,3.0668592071533203,3.0721680450439397,3.0884976196289,3.12548973083496,3.1996176910400296,3.3359287834167404,3.57663398742675,3.98559783935546,4.66753646850586,5.79108169555664,7.63041781783104
828.0,3.06515960693359,3.06526975631713,3.0666588592529203,3.07204841613769,3.08837860107421,3.12514671325683,3.1993814849853504,3.3356963348388597,3.5765297698974603,3.98556488037109,4.66745223999023,5.79096359252929,7.63035681843757
829.0,3.06494049072265,3.06507335662841,3.0665389633178703,3.07175132751464,3.08825958251953,3.125009765625,3.1992666625976502,3.3356090879440305,3.5763227081298803,3.9852261352538996,4.667201995849609,5.7903685760498,7.63017619729042
830.0,3.06428314208984,3.06499549865722,3.0658488082885698,3.07163169860839,3.08790252685546,3.12497009277343,3.1986288452148397,3.3355630207061697,3.5756732940673803,3.9851290893554605,4.66711883544921,5.79012504577636,7.62960372805595
831.0,3.06422271728515,3.06432119369506,3.06564937591552,3.0715866851806597,3.08778350830078,3.12485145568847,3.19839294433593,3.33547576904296,3.57556907653808,3.98453643798828,4.66647277832031,5.79000785827636,7.629446915388099
832.0,3.06404327392578,3.06423965454101,3.06552856445312,3.07146705627441,3.08747802734375,3.12450965881347,3.19827812194824,3.33526946544647,3.57536239624023,3.9844393920898398,4.66622299194335,5.78954551696777,7.62939324975013
833.0,3.0639810180664,3.06404329299926,3.06548831939697,3.0711698150634703,3.08735900878906,3.12438735961914,3.1982345581054603,3.33518355846405,3.57525856018066,3.9841619873046805,4.66613937377929,5.7892861175537105,7.62933287858963
834.0,3.06396087646484,3.06396545410156,3.06536380767822,3.07105018615722,3.087001953125,3.1240518951416,3.19811866760253,3.33455477714538,3.5750095367431602,3.98406829833984,4.66605850219726,5.7891840362548805,7.62915226578712
835.0,3.06390075683593,3.06392852783203,3.0651645278930597,3.0706325531005803,3.0868829345703097,3.1239332580566397,3.19788375854492,3.3344650459289498,3.57490570068359,3.9839715576171804,4.66581848144531,5.78908210754394,7.62860971450805
836.0,3.06372100830078,3.06385175704956,3.06504467010498,3.07049339294433,3.08682312011718,3.12359153747558,3.19775009155273,3.3342770624160702,3.57469947814941,3.98367889404296,4.665725250244139,5.78882362365722,7.628429108858099
837.0,3.06366088867187,3.06361557006835,3.06443325042724,3.0701974487304597,3.08670440673828,3.1234738922119103,3.19718887329101,3.3341895866394,3.5745955657958897,3.9835855102539,4.66513137817382,5.78836128234863,7.6283681333065
838.0,3.06300323486328,3.0629411315917903,3.0643138504028298,3.0700778198242102,3.08634826660156,3.12335662841796,3.1970731353759696,3.33381617069244,3.57394668579101,3.98300506591796,4.6648420715332,5.78824432373046,7.627318080663679
839.0,3.0629336547851502,3.06286441802978,3.06411430358886,3.07003784179687,3.0862295532226502,3.12301483154296,3.19683837890625,3.33362849712371,3.57374328613281,3.98266662597656,4.664758605957029,5.78800056457519,7.62716189265251
840.0,3.06275421142578,3.06266822814941,3.06399494171142,3.06991737365722,3.08592834472656,3.12289634704589,3.1967236328125,3.3335416316986,3.5736363220214797,3.9825729370117102,4.66446578979492,5.78741020202636,7.626596772670741
841.0,3.06269439697265,3.0625916481018,3.06395481109619,3.06962142944335,3.08580963134765,3.12256134033203,3.1966803741454997,3.3329145479202205,3.57360122680664,3.98253753662109,4.66438262939453,5.78729354858398,7.6265358030796
842.0,3.06217346191406,3.06232038497924,3.06381546020507,3.0695018005371,3.0854537963867097,3.1224437713623003,3.19656555175781,3.33282460212707,3.57349739074707,3.98244415283203,4.664093322753899,5.787049865722651,7.62635581731796
843.0,3.06211364746093,3.0622438240051197,3.06361621856689,3.06908454895019,3.08533477783203,3.12210227966308,3.19633087158203,3.33263667583465,3.57327857971191,3.98215179443359,4.66349975585937,5.78658493041992,7.6263271987438195
844.0,3.06193450927734,3.06204795837402,3.06349670410156,3.0689652252197197,3.0852951049804602,3.12198486328125,3.1962149810791,3.33254982471466,3.57317474365234,3.9820553588867105,4.6634068298339795,5.7864714813232405,7.62614660739898
845.0,3.06187469482421,3.06197137832641,3.06288700103759,3.0686693572998003,3.08517639160156,3.12194580078125,3.19565460205078,3.3325084114074697,3.5725930786132802,3.9814782714843697,4.66316955566406,5.78622802734375,7.62608625888824
846.0,3.06121673583984,3.0612969970703103,3.06276748657226,3.06855010986328,3.0848202514648397,3.1218235015869102,3.1955400848388598,3.3324049329757597,3.57248580932617,3.98114074707031,4.66308639526367,5.78612670898437,7.6255211472511295
847.0,3.0611572265625,3.06122045516967,3.0625682830810503,3.06851013183593,3.08470153808593,3.12148208618164,3.1953051757812503,3.33221726417541,3.5722832489013605,3.9810470581054602,4.66300598144531,5.78601379394531,7.625364978313439
848.0,3.06097778320312,3.06102462768554,3.06244895935058,3.06839088439941,3.08440216064453,3.12136482238769,3.19519065856933,3.33213187694549,3.5721802520751895,3.98101196289062,4.6627655029296795,5.78577018737792,7.6243173849582595
849.0,3.06091796875,3.06094808578491,3.06240905761718,3.0680950927734303,3.0842834472656198,3.1210301208496003,3.19515228271484,3.3315044593811,3.5718822479248,3.9809185791015596,4.66267333984375,5.78530876159667,7.62425704598426
850.0,3.06089782714843,3.0609109306335403,3.06228958129882,3.06797576904296,3.08392761230468,3.1209129333496,3.1950376129150295,3.3314177322387604,3.5716804504394504,3.98062683105468,4.66207962036132,5.78519218444824,7.62407646536827
851.0,3.0608380126953096,3.0608359336852997,3.06211021423339,3.06755912780761,3.08380889892578,3.12057151794433,3.1947266387939397,3.33123042106628,3.5715767669677696,3.9805334472656195,4.661999664306641,5.7849494934082,7.62353638529777
852.0,3.06065856933593,3.0606397628784103,3.06199077606201,3.06743980407714,3.0837692260742102,3.12045433044433,3.19416641235351,3.33114474296569,3.57099548339843,3.9799539184570296,4.66171035766601,5.78436027526855,7.62335580706596
853.0,3.06059906005859,3.06056327819824,3.0613814163208,3.06714408874511,3.08365081787109,3.120419921875,3.1940518951416004,3.3308179283142003,3.570888671875,3.9798608398437496,4.66142929077148,5.78425857543945,7.62330340623855
854.0,3.05995056152343,3.05988845825195,3.06126224517822,3.0670259857177697,3.08329467773437,3.12030250549316,3.19401382446289,3.33073284626007,3.5706865692138603,3.9795843505859305,4.66133651733398,5.78400398254394,7.62327481269836
855.0,3.05989074707031,3.0598119735717697,3.06106307983398,3.06698616027832,3.0831771850585903,3.11996116638183,3.1937792968750003,3.3305408811569204,3.5705840301513603,3.97949157714843,4.66109954833984,5.78390327453613,7.623094239234921
856.0,3.0597113037109303,3.0597754478454497,3.0609450149536097,3.06686714172363,3.08287872314453,3.11984428405761,3.19366477966308,3.33045581340789,3.5705482482910096,3.97939849853515,4.661017150878901,5.7834381866455,7.62303452253341
857.0,3.05965148925781,3.05957933425903,3.06090515136718,3.06657150268554,3.0827603149414,3.11950988769531,3.19362640380859,3.32982882976531,3.57044563293457,3.97911834716796,4.66037460327148,5.78318412780761,7.62247126340866
858.0,3.05913391113281,3.05950302124023,3.0607859802246,3.06647201538085,3.08240417480468,3.11939270019531,3.1935117340087795,3.32974375247955,3.5702436828613204,3.9790258789062496,4.66013732910156,5.78308280944824,7.62231572031974
859.0,3.05907440185546,3.0592370033264102,3.06059158325195,3.0660553741455003,3.0823052978515597,3.1190524291992103,3.1932775878906203,3.3295561933517397,3.5701240539550696,3.97844970703125,4.66005538940429,5.78298530578613,7.62126693487167
860.0,3.05889770507812,3.05916051864624,3.06047233581542,3.0659364318847597,3.0822656250000002,3.118935546875,3.1931630706787097,3.32947116374969,3.5695426177978504,3.97834228515625,4.66001419067382,5.782743148803711,7.621214543580999
861.0,3.058837890625,3.05896488189697,3.05986362457275,3.0656420135498,3.08214721679687,3.1188962554931603,3.1926043701171802,3.32943481445312,3.5694396209716697,3.97806549072265,4.6599346923828096,5.78263053894042,7.62105839848518
862.0,3.05817962646484,3.0588936614990203,3.0597454452514596,3.06552299499511,3.0817919921875,3.11885719299316,3.1924898529052697,3.32934978961944,3.5692381286621098,3.97797271728515,4.65969497680664,5.78222885131835,7.62049576044082
863.0,3.05812072753906,3.0582188987731898,3.05954654693603,3.0654880523681602,3.08167358398437,3.1187403106689398,3.1922555541992104,3.32916227340698,3.5691355133056604,3.9779412841796797,4.65961502075195,5.78192695617675,7.62043604969978
864.0,3.05794128417968,3.05814395904541,3.05950687408447,3.06536926269531,3.08138092041015,3.11840034484863,3.19214111328125,3.32907732963562,3.5689077758789005,3.97784515380859,4.65897338867187,5.78182624816894,7.62028784513473
865.0,3.0579214477538996,3.05794803619384,3.05938777923584,3.0650747680664,3.0812625122070303,3.11828292846679,3.1921076202392498,3.32845000267028,3.5688052368163996,3.97756866455078,4.6587361145019495,5.78128524780273,7.62023546576499
866.0,3.05786163330078,3.05788839340209,3.05934917449951,3.06495574951171,3.08090759277343,3.11794937133789,3.19199340820312,3.32836506366729,3.56860260009765,3.9774755859374995,4.65865417480468,5.781184310913081,7.62017759442329
867.0,3.0578421020507798,3.0578517532348597,3.05923027038574,3.0649161529541,3.08078918457031,3.1178370666503903,3.19176010131836,3.32817918777465,3.56850006103515,3.9769009399414004,4.658376922607419,5.78088302612304,7.61999765396118
868.0,3.05778503417968,3.05777698516845,3.05903587341308,3.06450035095214,3.08074981689453,3.11749603271484,3.1916455841064404,3.32809424877166,3.5679186248779295,3.97656311035156,4.65828491210937,5.78048156738281,7.6194649374485
869.0,3.05760559082031,3.05758584976196,3.05891819000244,3.0643822479248,3.08071044921875,3.1173800659179602,3.1910863494873003,3.3277703189849803,3.56781608581543,3.97647094726562,4.65804794311523,5.780368881225581,7.61940463066101
870.0,3.05754669189453,3.05750959396362,3.05830978393554,3.064091796875,3.08059295654296,3.1173608398437502,3.19099098205566,3.32768538951873,3.56761573791503,3.97643981933593,4.65796554565429,5.78013061523437,7.619226523637771
871.0,3.05688781738281,3.05683530807495,3.05821048736572,3.06397300720214,3.08024169921875,3.11724372863769,3.1907568359375,3.32751657485961,3.5675131988525304,3.97634674072265,4.65737594604492,5.78002990722656,7.61820339441299
872.0,3.05683807373046,3.0567993164062504,3.0580127334594702,3.06393440246582,3.0801235961913997,3.1169036865234303,3.19064353942871,3.3274319076538004,3.56747871398925,3.97607025146484,4.65708724975585,5.779932556152341,7.61815163493156
873.0,3.05665924072265,3.05672306060791,3.05789386749267,3.06383522033691,3.07982757568359,3.1167868041992097,3.1906103515625,3.3268060111999502,3.5673760986328102,3.9759780883789,4.65700744628906,5.77969146728515,7.61797353863716
874.0,3.05660217285156,3.05652868270874,3.0578592300415,3.0635399627685502,3.07972900390625,3.1164584350585898,3.19049598693847,3.3267211294174195,3.5671748352050696,3.97540374755859,4.6569770812988205,5.77957885742187,7.6174335026741
875.0,3.0560867309570297,3.05645690917968,3.05774131774902,3.0634221649169904,3.07937286376953,3.1163424682617102,3.1902627563476496,3.32653430461883,3.5670722961425696,3.9753079223632803,4.65689834594726,5.7791812896728505,7.61738113999366
876.0,3.05602783203125,3.05619417190551,3.05770195007324,3.06301132202148,3.0792559814453098,3.11600128173828,3.1901486206054597,3.3264538145065305,3.5665074157714796,3.97503173828125,4.65666137695312,5.77908065795898,7.617203047275541
877.0,3.05600799560546,3.0561347579955997,3.05750282287597,3.06289352416992,3.07922119140625,3.1159627532958902,3.19011077880859,3.3264134740829396,3.56640487670898,3.9749395751953096,4.65656936645507,5.77877975463867,7.617175104618069
878.0,3.05582916259765,3.0559391784667898,3.05738521575927,3.06285446166992,3.07910400390625,3.1158470916748002,3.18955291748046,3.32632993221282,3.56620361328125,3.97490844726562,4.65598022460937,5.77825187683105,7.61712335824966
879.0,3.05577209472656,3.05586412429809,3.0567821884155197,3.06255920410156,3.07906494140625,3.11581298828125,3.1894387817382794,3.32628994464874,3.56610107421875,3.97481658935546,4.65590072631835,5.77815536499023,7.61694527029991
880.0,3.0551138305664,3.05519407272338,3.0566645812988202,3.06244163513183,3.07871002197265,3.11569709777832,3.1892095184326097,3.3261030864715497,3.56587631225585,3.9745397949218697,4.65566101074218,5.77790122985839,7.61641256928443
881.0,3.0550643920898404,3.05511938095092,3.0564850616454997,3.06240699768066,3.07859191894531,3.11535621643066,3.1890960693359305,3.3260198593139596,3.5657742309570297,3.9744479370117105,4.6555822753906195,5.77780143737792,7.6163528907299
882.0,3.05488555908203,3.05508344650268,3.0563674545288,3.0622891998291,3.07830047607421,3.11525894165039,3.1890772247314403,3.3253921365737895,3.5655768585205,3.97387390136718,4.655306396484369,5.77734085083007,7.6161748075485205
883.0,3.05482849121093,3.05488834381103,3.05633304595947,3.06201393127441,3.0781835937500004,3.11492721557617,3.1889642333984303,3.3253126001358,3.565474319458,3.9737820434570303,4.65522750854492,5.77710289001464,7.61516085028648
884.0,3.05480895996093,3.05481735229492,3.0562152862548797,3.06189636230468,3.07784698486328,3.11481521606445,3.18873023986816,3.3251265335083,3.56489280700683,3.973505859375,4.65493896484375,5.777003097534171,7.61510301113128
885.0,3.0547894287109303,3.0547825050354,3.05617610931396,3.0614859008788997,3.0777301025390598,3.11447540283203,3.18862075805664,3.3250420331954897,3.56479141235351,3.9734136962890596,4.65434982299804,5.77696937561035,7.6149554491043006
886.0,3.05473052978515,3.05472339630126,3.05597824096679,3.0613683319091702,3.07769561767578,3.11443695068359,3.1880635070800705,3.32473865509033,3.56459022521972,3.97338287353515,4.65427047729492,5.7768569946289,7.614392853975289
887.0,3.05455352783203,3.05452877044677,3.0558646774291898,3.06132904052734,3.07757873535156,3.1143212890625,3.18802574157714,3.32465554714202,3.56455612182617,3.97329071044921,4.6540342712402305,5.7766160583496,7.61434111714363
888.0,3.0544943237304603,3.05445749282836,3.05525829315185,3.06103515625,3.07753967285156,3.11428741455078,3.18791244506835,3.32447347640991,3.5644537353515604,3.97301818847656,4.65395553588867,5.77651931762695,7.614185631275169
889.0,3.05384521484375,3.05378316879272,3.05515941619873,3.06092124938964,3.07718444824218,3.11417175292968,3.18768333435058,3.32439065933227,3.56442085266113,3.9729260253906196,4.6539253234863205,5.77605979919433,7.61413511753082
890.0,3.05378631591796,3.05374725341796,3.05496154785156,3.06090301513671,3.0770724487304597,3.1138504028320297,3.1875701904296805,3.32376323223114,3.56432250976562,3.9723529052734294,4.65384658813476,5.77582138061523,7.61408400297165
891.0,3.05360931396484,3.05367750167846,3.0548488998413,3.0607852935791002,3.076796875,3.11373474121093,3.18755157470703,3.32372333526611,3.56412109375,3.9722607421875002,4.65361038208007,5.775722122192381,7.61393034696579
892.0,3.05355010986328,3.0534826278686498,3.05480976104736,3.06049514770507,3.0766796875,3.11340721130371,3.1874384307861297,3.32364046096801,3.56401977539062,3.9719851684570298,4.6535310363769495,5.77519859313964,7.613878623247141
893.0,3.0535311889648398,3.0534236717224097,3.05477153778076,3.06037773132324,3.07632873535156,3.11336975097656,3.1872094726562503,3.3234581661224296,3.56345504760742,3.97189331054687,4.65294189453125,5.77508750915527,7.6133160364627805
894.0,3.05302093505859,3.0531634902954097,3.05465797424316,3.0603385925292903,3.07621154785156,3.11325408935546,3.18709648132324,3.3233753633499097,3.56335266113281,3.9718624877929596,4.65286300659179,5.77484954833984,7.6131684899330105
895.0,3.05296203613281,3.05309375762939,3.05446014404296,3.0599298858642503,3.07617279052734,3.11291809082031,3.1870589447021396,3.3233531522750797,3.5631522369384703,3.97183197021484,4.652626953125,5.7747498321533195,7.61311066508293
896.0,3.05279266357421,3.05305759429931,3.05436248779296,3.05981231689453,3.07613952636718,3.1128027343749998,3.1865018463134698,3.3232703542709303,3.5630541229248,3.9717401123046803,4.65254821777343,5.77435310363769,7.61209733843803
897.0,3.05273620605468,3.05286344528198,3.05376064300537,3.05953735351562,3.07602294921875,3.11278358459472,3.18639251708984,3.32308806896209,3.56283203125,3.9714636230468696,4.65226135253906,5.774052734375,7.611919891834259
898.0,3.05207763671875,3.05279253005981,3.05364311218261,3.05941978454589,3.07568634033203,3.1126728057861297,3.1861788940429596,3.3230059099197304,3.56272964477539,3.97137268066406,4.6521826171875,5.77395599365234,7.61186878681182
899.0,3.05205810546875,3.05213472366333,3.0536050415039,3.05938659667968,3.07557403564453,3.11233322143554,3.18606590270996,3.3229656887054397,3.5626959991455003,3.9707998657226495,4.6519465637207,5.77391967773437,7.61133794546127
900.0,3.05200164794921,3.05206052780151,3.05341125488281,3.05934783935546,3.07528076171875,3.11229507446289,3.18603309631347,3.3223396492004396,3.562495803833,3.9707116699218696,4.65186782836914,5.77382415771484,7.611280742883681
901.0,3.0518228149414,3.05187059402465,3.05329372406005,3.05923500061035,3.0752420043945303,3.11218429565429,3.18592018127441,3.32226005554199,3.5623975372314396,3.9704354858398396,4.6512791442871,5.77358581542968,7.61113320469856
902.0,3.0517739868164,3.05183521270751,3.0532755661010698,3.058941116333,3.07513000488281,3.11185340881347,3.18588356018066,3.3220743513107296,3.56181686401367,3.97034423828125,4.65120040893554,5.77347496032714,7.611082717180249
903.0,3.0517565917968703,3.0517605972290003,3.05316207885742,3.05884246826171,3.0747750854492097,3.1117563629150298,3.1856546783447204,3.32201025009155,3.56173156738281,3.97031372070312,4.65096420288085,5.773079071044919,7.611032232046119
904.0,3.05169769287109,3.051730594635,3.05312419891357,3.0584341430663997,3.074677734375,3.11142150878906,3.1855417633056597,3.3216952323913502,3.56153175354003,3.97023712158203,4.65088562011718,5.77298233032226,7.610878593921661
905.0,3.05167877197265,3.05167169570922,3.05292652130126,3.0583168792724598,3.07464385986328,3.11130615234375,3.18500442504882,3.32161286354064,3.5614336395263604,3.96996154785156,4.65087219238281,5.772741546630851,7.610828720331191
906.0,3.05150177001953,3.05148178100585,3.05281414031982,3.05827903747558,3.0746063232421803,3.11126914978027,3.1848949432373,3.32157325744628,3.56140075683593,3.96986999511718,4.65079345703125,5.77264625549316,7.61029606223106
907.0,3.05145263671875,3.05140731811523,3.05222755432128,3.0579891967773403,3.07448944091796,3.11123565673828,3.18466247558593,3.32138797283172,3.56136680603027,3.9693011474609294,4.65055740356445,5.77212394714355,7.61011862874031
908.0,3.05079620361328,3.05137269973754,3.05211502075195,3.05789146423339,3.0741390991210897,3.11113952636718,3.1846261596679604,3.32130996227264,3.56126586914062,3.9692102050781197,4.65047866821289,5.77202865600585,7.6100675392150805
909.0,3.0507373046875,3.05070322036743,3.0519173431396402,3.05785369873046,3.0740408325195303,3.1108001708984303,3.1845171356201103,3.3207007169723504,3.56106895446777,3.96893402099609,4.64988998413085,5.77172828674316,7.60904934763908
910.0,3.05071838378906,3.05064434051513,3.0518798065185497,3.05774139404296,3.07375305175781,3.11068939208984,3.1844995880126903,3.32061864852905,3.56096801757812,3.9689038085937502,4.64981124877929,5.7713321685791,7.60900009036064
911.0,3.05054138183593,3.0504544639587396,3.05176723480224,3.05770355224609,3.07363647460937,3.11065132141113,3.18438690185546,3.32043772220611,3.5604023742675697,3.9688128662109303,4.64957580566406,5.7712360382079995,7.60885317802429
912.0,3.05049224853515,3.0503800201416,3.05174835205078,3.05741378784179,3.0735986328125,3.11032562255859,3.18415893554687,3.3203979444503697,3.5603015899658197,3.9687860107421797,4.6494970703125,5.77099906921386,7.60829061865806
913.0,3.0499853515625,3.05034587860107,3.05163581848144,3.05731590270996,3.0732485961914002,3.11021026611328,3.18412170410156,3.32031588077545,3.5601046752929597,3.96869506835937,4.649224853515619,5.77089965820312,7.60824075937271
914.0,3.0499267578125,3.05009315490722,3.05159828186035,3.0569083404541,3.07315063476562,3.10989036560058,3.18401359558105,3.32028209686279,3.5600037384033203,3.96841888427734,4.649149322509761,5.77086761474609,7.60809385180473
915.0,3.04990783691406,3.0500345802307103,3.05140064239501,3.0567911529541,3.07311767578125,3.10977867126464,3.1834574127197204,3.3202167129516598,3.55997093200683,3.9683422851562495,4.64891311645507,5.77077095031738,7.6080366659164405
916.0,3.0497314453125,3.04984483718872,3.0512884140014602,3.0567536163330002,3.0730804443359303,3.10974182128906,3.18336364746093,3.32003590106964,3.55975387573242,3.96777130126953,4.64883483886718,5.77053466796875,7.60801854968071
917.0,3.0496820068359303,3.04981027603149,3.05070316314697,3.0564647674560503,3.07296356201171,3.10970924377441,3.18313499450683,3.31995384693145,3.55965309143066,3.96768341064453,4.6482469177246,5.77043891906738,7.60796808481216
918.0,3.0490252685546797,3.04974109649658,3.05059093475341,3.05636741638183,3.07261352539062,3.10961364746093,3.1830986785888604,3.31991571903228,3.5594689941406203,3.96740783691406,4.64816833496093,5.77004341125488,7.60782240033149
919.0,3.04900665283203,3.04906641006469,3.0505521774291897,3.0563333892822198,3.0725161743164,3.10927444458007,3.18299072265625,3.3192922496795596,3.55937202453613,3.9673776245117103,4.64814254760742,5.76993209838867,7.607259855270381
920.0,3.0489501953125,3.0490091133117603,3.05035961151123,3.05629585266113,3.07222930908203,3.1091636657714803,3.18295448303222,3.31922829151153,3.55879127502441,3.9672869873046803,4.64790634155273,5.76969528198242,7.60720878243446
921.0,3.04878112792968,3.04881938934326,3.05026214599609,3.05618324279785,3.07219085693359,3.1091267395019497,3.1828607177734303,3.3190433311462404,3.55875762939453,3.9672601318359297,4.64782882690429,5.7695999908447195,7.60706310272216
922.0,3.04872497558593,3.04878513336181,3.0502294921875,3.05590980529785,3.07207885742187,3.10880172729492,3.18263290405273,3.31896545410156,3.55866065979003,3.96716918945312,4.64780227661132,5.76907974243164,7.60700653791427
923.0,3.04870574951171,3.04871568679809,3.0501919555664,3.05579727172851,3.07174377441406,3.10870491027832,3.18259590148925,3.31892605304718,3.55846115112304,3.9669082641601503,4.64772705078125,5.76898452758789,7.605997524261469
924.0,3.04868713378906,3.0486977386474603,3.0500798034667898,3.0557599639892503,3.07163177490234,3.10837036132812,3.1824879455566397,3.3186152219772302,3.5583758544921804,3.9668176269531203,4.64749084472656,5.76874778747558,7.605946456193919
925.0,3.04863067626953,3.04862857818603,3.04988201141357,3.05534774780273,3.07159454345703,3.10833366394042,3.18195121765136,3.3185515642166097,3.5583473205566403,3.9662500000000005,4.64741287231445,5.76865165710449,7.60580078601837
926.0,3.0484619140625,3.0485942077636703,3.0497850036621,3.05523544311523,3.07156188964843,3.10822296142578,3.1818431854248,3.3183669853210396,3.5582465362548796,3.96615936279296,4.64683761596679,5.76825584411621,7.6052388548851
927.0,3.0484054565429597,3.0484035873413,3.04918537139892,3.05496185302734,3.07146514892578,3.1082055664062502,3.1818074035644504,3.3182888174057,3.55821411132812,3.9661291503906204,4.6467593383789,5.7681607055664,7.6051896238327
928.0,3.04838684082031,3.04834600448608,3.04914802551269,3.05484947204589,3.0711148071289,3.10809509277343,3.18157501220703,3.3182512998580904,3.5580174255371,3.96585754394531,4.646523742675781,5.7679238891601505,7.60504273414611
929.0,3.0477294921875,3.04767566680908,3.04903587341308,3.05481201171875,3.07107757568359,3.10805824279785,3.1814669799804602,3.31762791156768,3.5579336547851503,3.9657666015625,4.64644866943359,5.76782920837402,7.60499350666999
930.0,3.0476806640625,3.0476416015625,3.04885818481445,3.05477935791015,3.07096069335937,3.10772399902343,3.1814501953125,3.3175642681121804,3.55735191345214,3.9657516479492103,4.64617706298828,5.7677978515624995,7.60497601628303
931.0,3.0475042724609303,3.04757215499877,3.04874603271484,3.05468200683593,3.07067443847656,3.10762817382812,3.1813419342041,3.31738387107849,3.55725524902343,3.9656610107421804,4.646099548339841,5.7677026367187505,7.60491946220398
932.0,3.0474853515625,3.04739587783813,3.04870868682861,3.0543935394287103,3.0705825805664,3.10729858398437,3.18130592346191,3.3173460531234698,3.55722297668457,3.9653881835937503,4.64607376098632,5.76746589660644,7.60477380514144
933.0,3.04742919921875,3.04732643127441,3.0486759185791,3.05435623168945,3.07054534912109,3.10726676940917,3.18107841491699,3.31726413249969,3.5570263671875,3.96535919189453,4.64583862304687,5.76737068176269,7.604723356962199
934.0,3.04693237304687,3.04729236602783,3.0485838699340797,3.05424377441406,3.0701953125,3.10715637207031,3.1809848022460905,3.31723081588745,3.5569425201416,3.9652685546874995,4.6457635498046805,5.766975097656251,7.604192568063731
935.0,3.04687622070312,3.04704261779785,3.04854637145996,3.05385688781738,3.0700982666015597,3.10683677673339,3.18043434143066,3.31716718673706,3.5567243194580005,3.9647015380859303,4.64517501831054,5.76688018798828,7.60414395809173
936.0,3.04685729980468,3.0469853401184,3.04835372924804,3.05381958007812,3.07006591796875,3.10672637939453,3.1803983306884698,3.31698708057403,3.55662780761718,3.96462585449218,4.6450975036621,5.76664344787597,7.60396655917167
937.0,3.0466909790039,3.04679615020751,3.0482566070556603,3.05370727539062,3.0700286865234303,3.10668968200683,3.18029060363769,3.3169490528106604,3.5565950775146398,3.96435089111328,4.64487426757812,5.76656387329101,7.602958174943921
938.0,3.0466348266601497,3.04676208496093,3.04765773773193,3.05343376159667,3.06991729736328,3.10665748596191,3.18007751464843,3.31687160015106,3.55639877319335,3.96426300048828,4.64479675292968,5.76604454040527,7.60290956735611
939.0,3.04661590576171,3.04669269561767,3.04762027740478,3.05332176208496,3.0695816040039,3.10656188964843,3.1799697113037104,3.31626342773437,3.5563151550292904,3.9642337036132798,4.64477355957031,5.7659496307373,7.60276269555091
940.0,3.0459588623046803,3.04603916168212,3.04750816345214,3.05328430175781,3.0694699096679603,3.10622787475585,3.17993370056152,3.3161859846115105,3.5557379150390602,3.96420440673828,4.64469604492187,5.765712890625,7.60271408557891
941.0,3.0459100341796796,3.046005153656,3.04733184814453,3.05325294494628,3.0694338989257797,3.10619117736816,3.17990234375,3.3161482572555503,3.55570564270019,3.96411743164062,4.64467041015625,5.7656186676025305,7.602183303833001
942.0,3.04573425292968,3.04593620300292,3.04721981048584,3.05315559387207,3.06914855957031,3.10608078002929,3.1798090362548797,3.31596816539764,3.55560485839843,3.9638565063476503,4.644434967041009,5.7652237701416,7.6021347010135605
943.0,3.04571563720703,3.04575872421264,3.0471826171875,3.05286750793457,3.06905181884765,3.10577224731445,3.1795816040038996,3.31590465068817,3.5554094696044896,3.9637695312499996,4.6443597412109305,5.7651325225829995,7.60198172926902
944.0,3.04565948486328,3.04569053649902,3.04715003967285,3.05283004760742,3.0687014770507797,3.10566200256347,3.17954566955566,3.31559634685516,3.5553257751464797,3.96320007324218,4.64377227783203,5.76489585876464,7.60193312764167
945.0,3.04565032958984,3.0456565284729,3.0470580291748,3.05273780822753,3.06866943359375,3.10562545776367,3.17945693969726,3.31555892467498,3.5552973175048805,3.96317108154296,4.64370697021484,5.76480125427246,7.60191565990448
946.0,3.0456341552734303,3.0456272506713797,3.04702087402343,3.05233139038085,3.06857269287109,3.10529136657714,3.17890678405761,3.31548160076141,3.5552650451660104,3.96308349609375,4.643471527099599,5.76476989746093,7.601867063045501
947.0,3.04557800292968,3.04557466506958,3.04682823181152,3.05229423522949,3.06854034423828,3.10520050048828,3.17887100219726,3.31531539916992,3.55516853332519,3.9628231811523396,4.64339645385742,5.76467475891113,7.601722027063359
948.0,3.04540893554687,3.04554065704345,3.0467323684692302,3.05218315124511,3.06850433349609,3.10516380310058,3.17876335144043,3.31523801326751,3.5549859619140602,3.9627365112304602,4.64312713623046,5.76464332580566,7.601671599149699
949.0,3.04535339355468,3.04535152435302,3.04613388061523,3.05190979003906,3.06839263916015,3.10513214111328,3.17855041503906,3.31520088672637,3.55488952636718,3.9627072143554596,4.64310256958007,5.7644069671630795,7.6011408317089
950.0,3.04533477783203,3.04529518127441,3.04609657287597,3.05179779052734,3.06805725097656,3.10503761291503,3.17844360351562,3.3145788764953603,3.55485610961914,3.96267822265625,4.64302749633789,5.76431266784668,7.60109223723411
951.0,3.04468688964843,3.04462478637695,3.04600444793701,3.05176544189453,3.06802520751953,3.10470336914062,3.17840782165527,3.3145154905319196,3.55427871704101,3.96259033203125,4.64279205322265,5.76392143249511,7.60094659924507
952.0,3.04463073730468,3.04459077835083,3.04581214904785,3.05174812316894,3.06791381835937,3.10466705322265,3.17837677001953,3.3144825410842897,3.55419509887695,3.9623306274414003,4.64272674560546,5.76382682800293,7.60089800834655
953.0,3.0446121215820297,3.04453819274902,3.04577606201171,3.0516370391845697,3.06764373779296,3.10457618713378,3.1782880401611298,3.31430250167846,3.553999710083,3.9622436523437496,4.64214279174804,5.76359107971191,7.59989147424697
954.0,3.04443603515625,3.04434906005859,3.04566429138183,3.05159980773925,3.0675332641601503,3.1042525482177696,3.1782522583007804,3.3142390394210794,3.5539675140380798,3.96221466064453,4.642065277099601,5.76349617004394,7.5998428869247405
955.0,3.04438751220703,3.0443162918090803,3.04565166473388,3.05131164550781,3.0674966430664,3.10421592712402,3.17802513122558,3.31420635700225,3.5538710021972597,3.9616455078125004,4.64203964233398,5.76299339294433,7.599697859287261
956.0,3.04437133789062,3.0442473983764597,3.04561470031738,3.05121940612792,3.06716613769531,3.10410675048828,3.17793273925781,3.31416872024536,3.5536729431152296,3.9615588378906197,4.6418041992187495,5.76289962768554,7.59913535952568
957.0,3.04386962890625,3.04401721954345,3.04550388336181,3.05118247985839,3.06705474853515,3.1037875366210903,3.1773831176757796,3.31409297943115,3.55357643127441,3.961298828125,4.64173019409179,5.762663040161129,7.599086774587629
958.0,3.04382141113281,3.04398338317871,3.04532657623291,3.05077758789062,3.06701873779296,3.10375579833984,3.1773474884033197,3.31392715930938,3.55354415893554,3.96121215820312,4.641717071533201,5.76257217407226,7.5989423680305395
959.0,3.04380554199218,3.04391525268554,3.04529426574707,3.0506855010986302,3.06698669433593,3.10364562988281,3.1772589111328102,3.31384985446929,3.5533492279052696,3.9611822509765604,4.6416430664062505,5.762177734375,7.59889378070831
960.0,3.04362915039062,3.04374320983886,3.04518253326416,3.0506485748290997,3.0668948364257798,3.10362976074218,3.1770317840576103,3.31381692409515,3.55326553344726,3.9611569213867095,4.64140762329101,5.76214637756347,7.59887632727623
961.0,3.04358093261718,3.04370937347412,3.04460025787353,3.050361328125,3.06685791015625,3.10351959228515,3.17699699401855,3.31320865154266,3.5526883697509697,3.96108184814453,4.64138198852539,5.76205238342285,7.5988283574581095
962.0,3.04292327880859,3.04364126205444,3.0445682144165,3.05026451110839,3.06650848388671,3.1034878540039,3.17688957214355,3.3131316423416104,3.5526561737060502,3.96081024169921,4.64130752563476,5.7618163299560505,7.59868334293365
963.0,3.0429071044921803,3.0429827499389597,3.04445663452148,3.05023216247558,3.06641693115234,3.1031687927246,3.17687744140625,3.31309593200683,3.55255966186523,3.9607812499999997,4.640720367431641,5.7617251586914,7.59863476991653
964.0,3.04285919189453,3.04295370101928,3.0442803192138603,3.05019996643066,3.06638031005859,3.1030598449707,3.1768418121337803,3.3129158878326397,3.55238151550292,3.9606945800781204,4.6406558227539,5.7616944122314395,7.598104013204569
965.0,3.04268280029296,3.04288604736328,3.04416858673095,3.0501041412353502,3.0660974121093703,3.10302810668945,3.1767352294921802,3.31285728931427,3.55234962463378,3.96014129638671,4.64042327880859,5.76161567687988,7.59805543780326
966.0,3.04266662597656,3.04270881652832,3.04413654327392,3.05007202148437,3.06600067138671,3.10271949768066,3.1765225982665997,3.31281997203826,3.5522531890869096,3.96005462646484,4.640398254394531,5.76137992858886,7.59803920984268
967.0,3.0426187133789,3.04267976760864,3.0441202926635698,3.04978378295898,3.0659689331054603,3.10261032104492,3.17649147033691,3.3125142431259103,3.5522377777099603,3.9600256347656204,4.64032089233398,5.761289291381829,7.59789420008659
968.0,3.04260223388671,3.04261213302612,3.04400856018066,3.0496881866455,3.0656198120117097,3.1025740051269497,3.17638381958007,3.3124528598785394,3.55214241027832,3.95975402832031,4.6400563049316395,5.7608949279785095,7.597846242189401
969.0,3.04258605957031,3.04259481430053,3.04397651672363,3.04965583801269,3.0655230712890598,3.1022598266601498,3.1758503723144504,3.3122731256484896,3.55211021423339,3.95967895507812,4.6399911499023405,5.76086326599121,7.59684033036232
970.0,3.04253814697265,3.04256622314453,3.0438002014160097,3.04925163269042,3.06549133300781,3.1021508026123,3.17581932067871,3.31224028110504,3.55191543579101,3.9596536254882797,4.63975921630859,5.7607698059082,7.59679176449775
971.0,3.04236175537109,3.04249816894531,3.04376815795898,3.0491548156738197,3.06546020507812,3.10211936950683,3.17571182250976,3.31217725276947,3.55183570861816,3.95962493896484,4.6397346496582,5.76053749084472,7.59664736747741
972.0,3.04234558105468,3.04232583999633,3.04365650177001,3.04912277221679,3.06536865234375,3.10210235595703,3.17550010681152,3.3115567111968898,3.5518038177490197,3.95953826904296,4.63965713500976,5.7604434967041,7.59659880161285
973.0,3.04229766845703,3.04229206085205,3.04307502746582,3.04883575439453,3.06533203125,3.1019931793212803,3.17546936035156,3.3115196943283,3.55122604370117,3.95927795410156,4.639072875976559,5.75994224548339,7.5960686659812895
974.0,3.04228149414062,3.04222440719604,3.04304302215576,3.04874359130859,3.06498291015625,3.10196174621582,3.1753618621826103,3.31146139621734,3.55114356994628,3.9591915893554597,4.6390087890625,5.7598482513427705,7.59602010130882
975.0,3.0416238403320297,3.04157024383544,3.04293243408203,3.04870689392089,3.06489135742187,3.10164276123046,3.17534614562988,3.3112827634811404,3.5509484863281195,3.95916290283203,4.63877609252929,5.75961601257324,7.59587693333625
976.0,3.04157531738281,3.04153755187988,3.04275993347167,3.0486759185791,3.06485565185546,3.1015338897705003,3.1753155517578096,3.31124578475952,3.5509208679199196,3.9585986328125005,4.63875122070312,5.75952201843261,7.595828977823251
977.0,3.0415591430664,3.04148546218872,3.04272300720214,3.04858375549316,3.06459228515625,3.1015024566650298,3.1752079010009697,3.31118726730346,3.55083740234375,3.95852355957031,4.63867721557617,5.759491806030271,7.595812152624131
978.0,3.0413833618164,3.04129732131958,3.0426125717163,3.04854827880859,3.06448211669921,3.10119529724121,3.1749965667724602,3.3111563301086404,3.5506275177001902,3.95825286865234,4.63866516113281,5.75910087585449,7.595764204263681
979.0,3.04133697509765,3.04126386642456,3.042600440979,3.04827995300292,3.06444519042968,3.10116386413574,3.1749656677246003,3.31111936569213,3.55059646606445,3.95822387695312,4.63858779907226,5.75900688171386,7.5956192100048
980.0,3.04131896972656,3.0412115097045898,3.04256473541259,3.04816917419433,3.0641146850585903,3.10105499267578,3.1748592376708897,3.3110605430602997,3.55050010681152,3.95813751220703,4.63835586547851,5.75878684997558,7.59557858586311
981.0,3.04083038330078,3.04096906661987,3.0424732208251903,3.04813720703125,3.06400451660156,3.10073600769042,3.17432472229003,3.31088251113891,3.55032241821289,3.95812408447265,4.6383312988281205,5.75869316101074,7.595048460960379
982.0,3.04077484130859,3.04094020843505,3.04228157043457,3.0477484130859303,3.06397277832031,3.1007046508789,3.17429412841796,3.31084554672241,3.5502906036376904,3.95809906005859,4.638256988525391,5.75866638183593,7.59500051379203
983.0,3.04075866699218,3.04088443756103,3.0422497558593697,3.04771667480468,3.06395690917968,3.1005957031249998,3.1741876983642503,3.31078704357147,3.55019546508789,3.95801239013671,4.63768264770507,5.758635330200191,7.5948555207252495
984.0,3.04059051513671,3.0408559226989698,3.04215450286865,3.04760444641113,3.0639251708984303,3.10058380126953,3.17397972106933,3.31016589641571,3.54963470458984,3.95775238037109,4.63760833740234,5.75854164123535,7.59480940580368
985.0,3.04057434082031,3.04066780090332,3.04212249755859,3.04733299255371,3.06381469726562,3.10054847717285,3.17394554138183,3.31012931346893,3.54960289001464,3.9576657104492097,4.63758392333984,5.758310012817381,7.593804734945291
986.0,3.0405191040039004,3.04061605453491,3.04152637481689,3.04730102539062,3.06348419189453,3.10045806884765,3.1738571166992102,3.31007107257843,3.54950759887695,3.9576379394531203,4.63735137939453,5.7582313537597605,7.593756182193751
987.0,3.03987091064453,3.04058353424072,3.04143486022949,3.04719024658203,3.0634487915039,3.1001255798339797,3.17382751464843,3.30989251613616,3.5493254852294904,3.95707427978515,4.63728713989257,5.75783752441406,7.593739982843389
988.0,3.03985290527343,3.03992937088012,3.0413991546630803,3.0471781158447198,3.0633572387695303,3.10009414672851,3.17379676818847,3.30986036300659,3.54929801940918,3.95699920654296,4.63702362060546,5.75774757385253,7.59359560608863
989.0,3.03980682373046,3.0398618125915498,3.0412266921997,3.04714263916015,3.06307586669921,3.10000015258789,3.17370368957519,3.30979898929595,3.5492026519775304,3.9569741821289,4.63699920654296,5.75771667480468,7.59354766249656
990.0,3.03963104248046,3.0398333168029703,3.04111633300781,3.0470517730712796,3.06304412841796,3.09996871948242,3.17347785949707,3.3094958066940303,3.54918769836425,3.9567028808593703,4.63692489624023,5.75748542785644,7.59301877140998
991.0,3.03961486816406,3.03965705871582,3.04108478546142,3.0470199584960898,3.06294891357421,3.09964736938476,3.1734472656249997,3.30946369647979,3.54915977478027,3.95662872314453,4.63670318603515,5.757392044067379,7.59297144174575
992.0,3.0395669555664,3.03962854385375,3.04106884002685,3.04673316955566,3.0629171752929603,3.09955703735351,3.1733554077148405,3.3094026374816803,3.54906455993652,3.9566036987304596,4.6366291809082,5.75689170837402,7.59282645702362
993.0,3.03955108642578,3.03956098556518,3.04103702545166,3.0466413116455,3.062568359375,3.09952194213867,3.17332466125488,3.3093704843521103,3.54888282775878,3.95657501220703,4.6366043090820295,5.75680130004882,7.59278584837913
994.0,3.03953552246093,3.03954984664917,3.04092666625976,3.0466056823730403,3.06247680664062,3.09920799255371,3.17277732849121,3.3091916418075495,3.5488553619384704,3.95650390625,4.636021118164059,5.75677116394042,7.59276965498924
995.0,3.03948944091796,3.03952135086059,3.04075424194335,3.04622123718261,3.06244171142578,3.09909934997558,3.17268905639648,3.30913381576538,3.5487597656250003,3.95623229980468,4.63595703125,5.75653617858886,7.5927235484123194
996.0,3.03947174072265,3.03946563720703,3.04072364807128,3.04611045837402,3.06242950439453,3.09906799316406,3.17265487670898,3.30909854412078,3.54819915771484,3.95620452880859,4.63572509765625,5.756446456909179,7.59257857322692
997.0,3.03930572509765,3.03943714141845,3.04062831878662,3.04607872009277,3.0623989868164,3.0990525054931597,3.1724471282958904,3.30849447250366,3.54816741943359,3.9561181640624996,4.63570053100586,5.756067428588859,7.592531253099439
998.0,3.03928955078125,3.03924951553344,3.04059631347656,3.04580711364746,3.06228881835937,3.09902130126953,3.17234069824218,3.30841960430145,3.54807220458984,3.95557006835937,4.63562667846679,5.75597770690917,7.5925150549411695
999.0,3.03923400878906,3.03919721603393,3.0400009536743102,3.04577659606933,3.06195831298828,3.09893196105957,3.1723113250732395,3.3083874654769896,3.5478939819335897,3.95554229736328,4.6356147766113205,5.75574241638183,7.591984339952459
1000.0,3.0385855102539003,3.03916996002197,3.03990951538085,3.04568450927734,3.06192291259765,3.09859954833984,3.1722998046875,3.30822318553924,3.54786346435546,3.95545593261718,4.63554092407226,5.7557128143310505,7.591938244104381
