,nm,Ref-0,Ref-5,Ref-10,Ref-15,Ref-20,Ref-45,Ref-50,Ref-55,Ref-60
0,300.0,2.4339317016601503,2.4351781199105,2.43899516296163,2.44813628811165,2.46940243238955,3.45367600620575,4.20377778485957,5.44491582384118,7.4966826581899
1,301.0,2.4301574099302203,2.4310283039703897,2.43465380185991,2.44404133127853,2.46523655615448,3.45438673541443,4.19827635647868,5.44068284912621,7.48695157798938
2,302.0,2.42830847430229,2.42887933327443,2.43180848970413,2.44053094170168,2.46143090490847,3.44810243877284,4.19643147475197,5.43643978896383,7.48108121500331
3,303.0,2.42354012081623,2.42448441587686,2.42765273751765,2.4367082678791103,2.45774961551539,3.44232222268758,4.187895919430621,5.43039927299693,7.47945059806592
4,304.0,2.41868864492513,2.41962063147351,2.42338564194217,2.43266097499728,2.45375302358306,3.4375603232122,4.182313528617001,5.42220794777357,7.47597542808176
5,305.0,2.41690562160015,2.41746072460487,2.4203832749560403,2.42915855617299,2.45002943671047,3.43032358130402,4.18052423885315,5.42057027345132,7.4587321830496105
6,306.0,2.4135479923285503,2.41389773415401,2.41650341150797,2.42553613871522,2.44652423009425,3.4306197431479504,4.17247559149842,5.4166046280968,7.45683524530576
7,307.0,2.40810020456314,2.40920343461185,2.4129974919155197,2.4219047514323098,2.44284367133453,3.4257033312127,4.17077648581434,5.413265621991361,7.44926767469746
8,308.0,2.40508337845876,2.40577932623028,2.40903426981605,2.41813698937594,2.43925450079292,3.42091524423025,4.16550070320907,5.40256591959279,7.452434369629519
9,309.0,2.40244368782602,2.4029195070858997,2.4058698023706597,2.4149281827345397,2.43569192300699,3.41526667722221,4.16186942192241,5.40008860315252,7.44680308976806
10,310.0,2.3972110984057102,2.39843119495883,2.40223034488558,2.41133484469018,2.43221410767249,3.4132035681070696,4.1572648486393495,5.39180628691669,7.437122399069549
11,311.0,2.39399395998604,2.39484413173086,2.39845366071611,2.40767688164226,2.42874208826124,3.4061437141865403,4.15085181467719,5.38719631509725,7.4303435993181495
12,312.0,2.3922790926475,2.39286183607243,2.39579359129369,2.40453250670991,2.42532716529071,3.40384113879734,4.14651343219159,5.38838981044208,7.427764154340689
13,313.0,2.38916886098682,2.3895213364563803,2.39213950749933,2.401108548313,2.4220603899762003,3.4009877458411197,4.14366290578674,5.38230301753198,7.413869930852569
14,314.0,2.38392810978889,2.38505889576077,2.38887013488486,2.39780854532159,2.41867937276847,3.3956364399096897,4.13656845149844,5.3717908724933805,7.41117680291896
15,315.0,2.3808916175126997,2.38165957742258,2.38510964682698,2.39426907921545,2.41525839014239,3.39214250423237,4.13458533249357,5.36599361838093,7.40956915002195
16,316.0,2.37940798041932,2.37995717621743,2.3828086693808403,2.3913672116871902,2.4120003653615703,3.3860007557623,4.13022385882493,5.3639089987223905,7.39686804601773
17,317.0,2.37658492424488,2.37685793905928,2.37925014284774,2.38814027533866,2.40895743058547,3.38482319668745,4.12551388069782,5.35741031726198,7.396993009338989
18,318.0,2.37138587506972,2.37245128712356,2.37616964093893,2.38491820498593,2.40557518963255,3.37850159160979,4.12224560591606,5.35733911805721,7.3986872977769
19,319.0,2.36849180063009,2.36919634189642,2.37247313249781,2.3815491503335497,2.40247104502022,3.3788925589436603,4.11663966194707,5.352332890103851,7.382803017912801
20,320.0,2.36709385066032,2.36760736148804,2.37038099244013,2.37884570496231,2.39939959467425,3.37364734868295,4.11295229171998,5.34197655711369,7.38318076595002
21,321.0,2.36429070185199,2.36454042941331,2.3668501797214097,2.37566412656493,2.39638157825805,3.37019797050468,4.10729396215491,5.34138722691899,7.3693510516203
22,322.0,2.35916495394706,2.36021060900837,2.36390436975657,2.37257815494164,2.3932446283936497,3.3669264704498403,4.105108874508271,5.34062014088165,7.3663094567021306
23,323.0,2.35629954967498,2.35701357611976,2.36029110309705,2.36935573114454,2.39019487099237,3.36264107788354,4.09988709682105,5.32611594465263,7.37252920780479
24,324.0,2.3549375589773,2.35546582196354,2.35825448872149,2.36675784238986,2.38718270650915,3.35744286253508,4.09577188697652,5.32673256025258,7.35901852050488
25,325.0,2.35217022346854,2.35245624993778,2.3548549627993203,2.36369664834551,2.38447192448265,3.35639723434755,4.0945342827788505,5.32814182568453,7.35096552987536
26,326.0,2.34712708530426,2.34823038336485,2.3520159068077797,2.36077761716283,2.38138107722848,3.3520463812725603,4.09410164424646,5.31762318678572,7.34872551982924
27,327.0,2.34437429609932,2.34514884183332,2.3485565234392802,2.35764140817783,2.3785330710254597,3.3467368524709697,4.08919786884626,5.3153579685795105,7.344583789746551
28,328.0,2.34300866153426,2.3435975066788397,2.34650634886026,2.35512152103036,2.37556807774826,3.34339286014353,4.0827913691655695,5.30751801765561,7.35256337319528
29,329.0,2.34036473533697,2.34073227650746,2.3433579034507197,2.3522763571985,2.37292354005575,3.34107200907766,4.07922964509883,5.3083721385871,7.33796516032768
30,330.0,2.3358883101940098,2.33701901063323,2.34070966020897,2.3494894391857,2.37017652271278,3.33813610741486,4.07647759646745,5.3068383796703,7.33284008358223
31,331.0,2.33302540220357,2.33388099500723,2.33744916681051,2.34660026441626,2.36729039106145,3.33248437856417,4.067706950247,5.30051419311082,7.33533030082872
32,332.0,2.3316817869424797,2.33226114298924,2.33522515862472,2.34394297268874,2.36453948001377,3.3329688666091304,4.06591919859843,5.28937582703428,7.3185525341968
33,333.0,2.32918540475368,2.32966174735426,2.33252740101516,2.3414332196544803,2.36193702445887,3.3286361171700003,4.0625245979892,5.29139821544038,7.32524795579193
34,334.0,2.3276020355463,2.3278133606452402,2.33007958867847,2.33876201320886,2.35933285489641,3.3229148994287403,4.06235550938211,5.282236857567351,7.307859820976479
35,335.0,2.3226554218955298,2.32371802100762,2.32740303298234,2.33611148541197,2.3565365363273703,3.3222716059458404,4.05779603783078,5.27993915097788,7.307059293270759
36,336.0,2.3199779696621,2.3207615083903,2.3241601498052398,2.33326521219871,2.353907863627,3.3177736736934604,4.055185874243359,5.27941604138026,7.30217608903814
37,337.0,2.31875460567474,2.31936830860078,2.32231367412284,2.3308835580110503,2.3512841483376903,3.31521635866724,4.04815003991546,5.28260595111744,7.295624928808669
38,338.0,2.31654357155784,2.3168940693967,2.31954025390595,2.32839752314612,2.34888194926865,3.31065967290662,4.04870790277859,5.27006208163835,7.29133966436246
39,339.0,2.31208082466498,2.31327593793198,2.31694286172986,2.32583600120469,2.34634221477359,3.3101532312896103,4.04284352430617,5.2661400330073205,7.293993932699309
40,340.0,2.3099166603445997,2.31097946671582,2.31470655223131,2.32338866042904,2.34382284622788,3.30826199621558,4.03603586783139,5.26622980638416,7.281759885966769
41,341.0,2.30757790706157,2.30831956807822,2.3116438335247302,2.32063234195336,2.34127896508239,3.30319730926984,4.03631254397584,5.26273910790672,7.28249741552462
42,342.0,2.3064264532294096,2.30702279754132,2.30995463123954,2.3185445664938498,2.33883318071514,3.3002339948141897,4.03164963151142,5.2548228295464,7.282178773387519
43,343.0,2.3042895172201,2.3046404821705,2.30722050392553,2.3160252680212197,2.33640562654323,3.29717940236208,4.029637993542099,5.24880697857774,7.273692884437271
44,344.0,2.29991199761591,2.3011211760126002,2.30477218133956,2.31357170925587,2.33411828124374,3.29477322639664,4.02786115117436,5.24735951353237,7.272236937112921
45,345.0,2.29814485604763,2.2991755005940697,2.30278386451639,2.31128344704918,2.3316264801871,3.29214104062812,4.02577604115754,5.24473591086789,7.26196290028831
46,346.0,2.29555359908416,2.2963140697352498,2.2996696833416803,2.30865755855068,2.32926521419622,3.28998748461138,4.018488788562171,5.23961459632329,7.25973320899996
47,347.0,2.29479593656994,2.29533873092308,2.29813776920214,2.30658429419733,2.32699116590879,3.2864363770788505,4.0187002242959995,5.238486597707491,7.2571302913565106
48,348.0,2.29236821489334,2.29278764838427,2.29552593404948,2.30433368653282,2.3246396783970202,3.28274434307329,4.01737217070749,5.234304707537589,7.26126873746244
49,349.0,2.2909596836593003,2.29117754993252,2.2934455283939803,2.30214204970411,2.32241912720315,3.28190456815008,4.0108530643449996,5.23403138020848,7.24519651785073
50,350.0,2.28630689671039,2.2874073363143896,2.29111128631569,2.29983065258562,2.32011608162485,3.27863253419539,4.01116546268081,5.2317601004899394,7.24135142139075
51,351.0,2.28414072856381,2.2849492534168,2.28839666326157,2.29738415607288,2.3178022892907197,3.27437501711398,4.00607931620674,5.226247673135529,7.246543094378801
52,352.0,2.28290135204792,2.2835118652142503,2.28650911070555,2.29520930882841,2.3155619086839203,3.27182725437246,4.00343096855962,5.2213633427523,7.2339047170908195
53,353.0,2.2816715126752802,2.2821946221206297,2.28494656943157,2.2933674100719297,2.31356600302644,3.26883926421832,3.99803512201383,5.21499472373975,7.22639756614118
54,354.0,2.27926577573083,2.27963840231373,2.2822270790547097,2.29109223236516,2.31130178227685,3.26738886486534,3.9967304864042403,5.21821058359267,7.23230539785949
55,355.0,2.27527113592624,2.27645289578735,2.28009724868796,2.2888453898873102,2.30927095272615,3.26437851199554,3.9947256577325,5.21226066989032,7.2317600350135
56,356.0,2.27374452122636,2.27476103919632,2.27833542724251,2.28682177483551,2.3070293821156,3.26249052847456,3.99106413644263,5.20921915596863,7.22143413223698
57,357.0,2.27122599189914,2.27202722583189,2.27546945466101,2.28442916301973,2.30495026276595,3.2585167041096796,3.99011130499849,5.208450531709,7.21766515493486
58,358.0,2.27049520218372,2.27107083854004,2.27398449808806,2.2824900277391,2.30277945903539,3.25719706845981,3.98518493767566,5.2033198230477,7.215972279838099
59,359.0,2.26935280940532,2.26983901773355,2.27251072400808,2.28073863151185,2.30068876351863,3.2540736884521295,3.9846487962659403,5.1962315261664695,7.216991511302901
60,360.0,2.2668934303101103,2.2672341584917097,2.2697434051357197,2.27854806995429,2.29878007590621,3.2532143822503197,3.9812648168643,5.1970647221761705,7.20984869098113
61,361.0,2.26293981146402,2.2641143234007,2.26776117079332,2.27643975948132,2.2967422975935,3.24917637095078,3.9743770456264698,5.1975227045685894,7.20563906421559
62,362.0,2.26153135626316,2.26254055565372,2.26612459931671,2.2745754965767198,2.29467596729546,3.2466073712875096,3.97394310783417,5.18924165016543,7.1947602098556205
63,363.0,2.25907107048779,2.25988762135282,2.26333835698775,2.27234377871379,2.2926443981449998,3.24455062343664,3.97078174558151,5.18461826631892,7.190916036151441
64,364.0,2.25842949229292,2.25899511389695,2.26188867669031,2.27044169173426,2.29072792482338,3.2427553865589203,3.9685995117935304,5.18936200610967,7.199994745732
65,365.0,2.25722677443027,2.2577333393685497,2.2604671861350503,2.26876301519162,2.2887877444256,3.24034922414468,3.96609489773539,5.18153250731453,7.18426287172995
66,366.0,2.25509793803691,2.2554533538155197,2.25799461360126,2.26671002657786,2.28688088452145,3.2360032470332403,3.9647802607382596,5.177938083103109,7.188502634095211
67,367.0,2.2512953907191697,2.252479980015,2.25603339713066,2.26472274517454,2.28493464375883,3.23618582123806,3.9635297873822,5.17522882908899,7.18105846844567
68,368.0,2.24966395337581,2.2507327231570997,2.25435668794549,2.26291270958743,2.2829661156639403,3.2337533627722395,3.960775908506,5.17024383644405,7.177001402874381
69,369.0,2.24761618080139,2.24844040567055,2.25192852898314,2.26082911107167,2.2811447599776,3.23156608962211,3.9541810072188195,5.1634844762979,7.18626180373001
70,370.0,2.24639302761219,2.24706764060556,2.25021612042598,2.2589634058404697,2.2792107795242202,3.2279934589101904,3.9567391854122196,5.16650140662454,7.17222994990479
71,371.0,2.2454414234399698,2.24604134659171,2.24893630562275,2.25728398618064,2.27744473429881,3.2265737577741898,3.95153695014435,5.16003972225086,7.16972414143411
72,372.0,2.2436059894777802,2.24405470699965,2.24685471578575,2.2555816750179902,2.27563631635494,3.2244573303377195,3.94932272503897,5.159877525506721,7.1658193955947596
73,373.0,2.24237430884838,2.24265773565955,2.2450606700990297,2.25375449420213,2.2736864999890303,3.22284886962138,3.94734459392521,5.15511453057303,7.1687338994516
74,374.0,2.23851246490888,2.239674468901,2.24328645589314,2.2519167152334,2.27205711856074,3.22142078601121,3.9465195815958,5.15363784235464,7.1609464250501205
75,375.0,2.23717711617127,2.2382092509936498,2.24180003600865,2.25022024258151,2.27027678021527,3.2179879433361798,3.9440124191733,5.15193223495269,7.15785686821593
76,376.0,2.2352921863079,2.23606209175959,2.2394079296749,2.248228253863,2.2684939966809,3.21522350822156,3.94076284276451,5.15062502773981,7.15932676774896
77,377.0,2.23414444249793,2.2347822491284397,2.2378450403809502,2.24647182699404,2.26666482841186,3.21318761494681,3.93839593467209,5.1509214334771904,7.15276286479616
78,378.0,2.23316347332745,2.233753391302,2.2366300915129402,2.24498211549446,2.26504041094295,3.21153337042909,3.93654827516432,5.14636207284601,7.1501648626117005
79,379.0,2.2313926038611602,2.23184884770847,2.2346315937109202,2.24335119924247,2.26333757953085,3.21059368338342,3.9329479106440197,5.13776309546055,7.152798768611899
80,380.0,2.23018006157614,2.23046576557904,2.2329030806790997,2.24155644473917,2.26179944789484,3.2089632945064404,3.9290933312764302,5.138896864027339,7.13863304997049
81,381.0,2.22655939985364,2.22771633130945,2.23128927543461,2.2398730326495997,2.25998521554693,3.2025923528148703,3.93213453743802,5.13846187140233,7.13733542445516
82,382.0,2.22510147649198,2.22617646726965,2.22981225872784,2.23828788229972,2.25824678211174,3.20128265579799,3.92731202829731,5.13334735399726,7.13721203284803
83,383.0,2.22323425321578,2.22407991636469,2.22758582742772,2.23643940845988,2.256550626247,3.20218493259027,3.9281643703608697,5.13687133854636,7.13648966600066
84,384.0,2.2220758887209002,2.2227887441910803,2.22598550344668,2.23474067024514,2.25497220021374,3.20017847003368,3.9225282139735205,5.13084855942577,7.13434411246357
85,385.0,2.22159076783657,2.22214319691509,2.22494202023856,2.23332922035455,2.25338206294588,3.19796839662259,3.92214297063592,5.12567729962496,7.129367857746311
86,386.0,2.22053877795487,2.22105080754309,2.2237412978243,2.23189380369856,2.25164288068711,3.19579505911963,3.91600024353116,5.12442010403219,7.13112149593615
87,387.0,2.2187527119632797,2.21906470046341,2.2215439712435,2.23026126015037,2.2501075486872297,3.19310503343921,3.91581546949874,5.12249750713557,7.1270678127787
88,388.0,2.21763886442184,2.21786807874888,2.22012089323773,2.22862029331512,2.24856794366687,3.19248633579705,3.9154362035229804,5.12031266347095,7.1126381720242
89,389.0,2.2139296902179697,2.2150207011476097,2.21855868177302,2.22703781248852,2.24698154356703,3.1915811383048,3.91255629621734,5.11663340079169,7.12362256206851
90,390.0,2.21272921379804,2.21373684203065,2.2172538724079702,2.22559821067713,2.24544213946647,3.18587268637856,3.9100066307489705,5.115315201963759,7.117336620404189
91,391.0,2.21089925756454,2.21166930865123,2.21502693336606,2.2238529554620303,2.24373282089717,3.18769505340838,3.90369164216592,5.11379301075618,7.12023840863257
92,392.0,2.20978046455383,2.21045373766459,2.21357003685385,2.22224974111802,2.24233315296024,3.1847273590797496,3.9065553592509503,5.11084343163091,7.12131963377706
93,393.0,2.20935020209439,2.20987572999298,2.2126334292314898,2.22089555870257,2.24086704923547,3.18233117450112,3.9055359739290503,5.10660203049238,7.11393487082701
94,394.0,2.2083141874160597,2.2088161830212902,2.21148512351289,2.21963134645521,2.23945522815436,3.18145970483552,3.90510562131488,5.10855692360512,7.1133126386675904
95,395.0,2.2065434893369598,2.2068783357039,2.2093732278652403,2.21795783698298,2.23784818322546,3.1782311031375,3.9009609229686597,5.10053561061359,7.10745641656797
96,396.0,2.2054558532740898,2.20570616979598,2.20797986274957,2.2165556397691297,2.23650148394815,3.1765389484346795,3.89972997258603,5.10129739521062,7.09911777907796
97,397.0,2.20185342760086,2.20299455332718,2.20653515756167,2.21505723246596,2.23487372192777,3.17607366094561,3.89854104953175,5.10023924535205,7.10116742518004
98,398.0,2.2006617106068798,2.20170264819189,2.20527146000862,2.21364590537212,2.23351254355907,3.1724380224699105,3.8948265911824,5.09159354061335,7.101846251852149
99,399.0,2.1988687041282597,2.19973299607113,2.20324350296519,2.21199846049621,2.2320791049290403,3.1720245709244996,3.894707304167,5.09735765103455,7.09242239361768
100,400.0,2.19778358939141,2.19852137702479,2.20179049135707,2.2105069128841097,2.23055450829193,3.17097783810198,3.88666410298096,5.0885596254967105,7.09139070057477
101,401.0,2.1974058222688697,2.19797770738601,2.2008400615856,2.2092487704269503,2.22907957680858,3.1697147920385,3.89087923581553,5.09613697680402,7.09345666202921
102,402.0,2.19642392274327,2.19698291366063,2.19976285744607,2.20805970301665,2.22779971215315,3.16604483294393,3.8857801705718003,5.09071320852488,7.08463102419562
103,403.0,2.19480767860971,2.19526382506787,2.19807862968444,2.2066670846939003,2.22649104139842,3.16404642528323,3.88504208762822,5.08518187544159,7.084046017627229
104,404.0,2.19369691594839,2.19404736310727,2.19656297360882,2.20522643824107,2.22502525894306,3.1630449277147603,3.88099815120324,5.0797135710556,7.08705336169423
105,405.0,2.19134346306324,2.1922915315479004,2.19530440160855,2.20389277426935,2.22382587298378,3.161960865256,3.8812711262408603,5.08822396545596,7.07807939811414
106,406.0,2.18952584340572,2.19059964792318,2.19413289756327,2.20256317309737,2.2223325812824,3.1598897831255504,3.8784126942528396,5.08171937833838,7.07466497249156
107,407.0,2.1883806076385,2.18941136593073,2.19295608566105,2.20124996789731,2.22086925554126,3.1577331004319698,3.8798060277177,5.0722896337855605,7.072876084312229
108,408.0,2.18663240492343,2.18747129806764,2.19093767028301,2.19971688085272,2.2195783508546603,3.1569755164107303,3.8765100973941298,5.0750471796115795,7.080873046450869
109,409.0,2.1856677521228702,2.18639102399982,2.18959781416654,2.1983434239115502,2.2183418673221,3.1564387614289298,3.8754653055330697,5.07309258344406,7.05713350736349
110,410.0,2.1852201057672502,2.1857910961125,2.18868055327869,2.19715678682178,2.21687004311643,3.1550839609171195,3.87174038550853,5.07009913691272,7.06347039331002
111,411.0,2.1843062298536298,2.18488889490924,2.18768763477541,2.19596463981606,2.2157127262782303,3.1513868741218,3.86775062638912,5.0662295211928905,7.07092086224136
112,412.0,2.18302412736415,2.18356938512846,2.18644451064579,2.1948226342801003,2.21433137655816,3.1503813393315303,3.8650174200966,5.06463940924284,7.05651203508349
113,413.0,2.1820827749967497,2.18239316914826,2.18483947136439,2.19345555759184,2.21324642871171,3.15006743174856,3.86562367442539,5.06389170931102,7.0680076304945105
114,414.0,2.18105771930217,2.1813213377255902,2.1836335582219,2.1921603357326203,2.21204872670695,3.1491642532676405,3.86263314089197,5.06255542207611,7.04750372341182
115,415.0,2.1777549265224403,2.1788823369420998,2.18239911141842,2.1908873353451397,2.210673945757,3.1462518717321504,3.8620653151699296,5.063331807184309,7.05439228225592
116,416.0,2.17654659160934,2.17763985863067,2.1812414682433,2.1896980686333,2.20935618751943,3.14495841309279,3.86238735253457,5.058562746282759,7.0454174415822095
117,417.0,2.17501462347656,2.17601516549289,2.17973052916303,2.18841788225024,2.20801864432916,3.14544874420287,3.86337577546844,5.05289916276745,7.0531483515012
118,418.0,2.17428405499458,2.17504937790706,2.17837357136644,2.18706802093647,2.2069260288979797,3.1414494733834597,3.86123978085052,5.0588383262317596,7.03687273590602
119,419.0,2.17324724208936,2.1739589535031403,2.1771418534442697,2.1857060317344903,2.2055969181559902,3.1405532995559198,3.8576533884922903,5.04975176376141,7.04882582894582
120,420.0,2.17297652003765,2.1735265026792803,2.17635487503185,2.18467184075042,2.2044670318800903,3.1378094187519503,3.85987429428677,5.05192260432243,7.045167939967289
121,421.0,2.17203856363296,2.17260036002993,2.1754062909189598,2.18362627902254,2.2033045651007397,3.13768558902973,3.85288598358174,5.05112540273871,7.037257942603429
122,422.0,2.17077323782444,2.1713333398945602,2.17417395968996,2.18253157904967,2.20211142346486,3.1362692328874,3.8514483711583503,5.0559501943686,7.04635632791919
123,423.0,2.16989660080894,2.17021358988732,2.1726930421859003,2.18126851997338,2.20102075954973,3.1326269834919795,3.8515730133851,5.04997993673049,7.03917905546957
124,424.0,2.16890567536354,2.16918337281942,2.17151562376469,2.18009293139129,2.1998737829532398,3.13283599999016,3.85102357808295,5.04009391908869,7.0424311709539005
125,425.0,2.1657689767237702,2.16692458748519,2.17038851072713,2.17897239555902,2.19860230686552,3.13157470087585,3.8449458520280104,5.04287966594127,7.03719380240859
126,426.0,2.16461286076195,2.16574925774596,2.16940523935556,2.17778474444747,2.19735639138333,3.12890371471112,3.84599931283202,5.04227719878861,7.0320105842142295
127,427.0,2.16396019346751,2.16497763940989,2.16847743041217,2.17666191638074,2.19643972376473,3.1301613184738897,3.84591994412206,5.0418297105404495,7.03823326892405
128,428.0,2.16230346941463,2.16317079901285,2.16666485163569,2.17540064457133,2.19500827245637,3.12854087980613,3.84216965659065,5.0374933417032395,7.024854949225199
129,429.0,2.16136785655021,2.16214372211918,2.1654820781338904,2.17421439229398,2.19388802810609,3.12481841370323,3.8416564254599597,5.03812916156407,7.023935314674209
130,430.0,2.16091816496588,2.16156058348491,2.16456658583991,2.17310328348502,2.19286248255744,3.12364657682674,3.83756111393896,5.03059413357572,7.02590498000616
131,431.0,2.1605787644688,2.16111709367819,2.16391268769614,2.1721941440589703,2.19177461381442,3.1250000903021498,3.83949091107519,5.0354059691362005,7.03559637736426
132,432.0,2.15974054803848,2.16027816981896,2.16302523239515,2.17110263226926,2.19074717283919,3.12197645740238,3.8369255640894098,5.02732880632439,7.012167767830279
133,433.0,2.15827858082577,2.15878873596191,2.16162675569653,2.17005380115583,2.18974781510941,3.12030498757651,3.83748681054078,5.032416343799881,7.02301543124532
134,434.0,2.15766320835948,2.1579648270934797,2.16042806765884,2.1689442700169903,2.18865273003503,3.11852231294997,3.8354294351278804,5.02719271184029,7.011251020488329
135,435.0,2.15670201984569,2.1569887017466103,2.15930634140111,2.16782309311032,2.1875246473249,3.1181888039551597,3.83378564830794,5.03326275080591,7.022377640779311
136,436.0,2.15372987020015,2.15487884386591,2.1583037883441802,2.16677643541619,2.1864746711418,3.11615257606543,3.83144530695993,5.02823605202147,7.015263582362791
137,437.0,2.15292437996678,2.15398941828422,2.15746701144427,2.16575058738105,2.18535934464111,3.1154489715589198,3.83059466419238,5.0269845785407306,7.00776561108743
138,438.0,2.15189419732056,2.15293325640931,2.15650195392891,2.16476502895168,2.18434410599768,3.11480532896649,3.8251246318780803,5.0236528070393,7.009976001174841
139,439.0,2.15038541027009,2.15132017895169,2.15492550579756,2.16355699865669,2.1833040915057,3.11092402760414,3.8257981433628996,5.02226514829043,7.00258268875265
140,440.0,2.14986501480042,2.1506160512369097,2.15386105116419,2.16249275551065,2.1822233380671503,3.11026870664814,3.82491335815684,5.01941242592902,7.00588950112257
141,441.0,2.14888502816222,2.1496005559429503,2.1527809299114997,2.1613525553762902,2.18099831048063,3.10904725738652,3.8224863876014004,5.018953536392369,6.9956101449582695
142,442.0,2.14861454314962,2.1492030971869798,2.15210056225694,2.16046422691419,2.1800462834291103,3.1073610713907502,3.8214999207545,5.013663444191311,7.00092685498558
143,443.0,2.1482861328125,2.1488003131479,2.1514593331243796,2.1596303631078397,2.17913067541942,3.1092749205350803,3.8232632345765802,5.0127687112688,7.00528574814889
144,444.0,2.14736321332454,2.14789038627594,2.1506332722574397,2.15874280578754,2.17817278675064,3.10658074965309,3.82003954559611,5.01290076139448,6.99296472047576
145,445.0,2.14595079093277,2.1464047944892197,2.14920250158906,2.1576789232172,2.1770958020072397,3.10588550442513,3.81982455235868,5.01062519242176,6.9932971820590994
146,446.0,2.14542880583032,2.14572320927679,2.14816856849789,2.15664621962569,2.17622905975468,3.1036710024822503,3.8162195042409004,5.01029828799217,6.9909570235453495
147,447.0,2.14451999588385,2.14479584861323,2.14715130632668,2.15570982371382,2.17531355761066,3.10259454514794,3.81790901807146,5.01175753470519,6.9951902895214895
148,448.0,2.1417498459842,2.14286359372884,2.14619449934363,2.1546983657646903,2.17434136774428,3.10254847477478,3.81653440665565,5.011501823063471,6.9831331613086105
149,449.0,2.14082373154163,2.14192822141796,2.14538426478356,2.15371596974991,2.1733119667604504,3.10150189625499,3.81484148243181,5.0091546341752595,6.98980948007786
150,450.0,2.13989754826687,2.14097992969416,2.14451863212436,2.15277701468281,2.17237755698449,3.09999414087683,3.8105940482323,5.00938254700209,6.992231932431079
151,451.0,2.13886647522114,2.1399080912359003,2.1435730136305,2.15189305881038,2.17141698919199,3.09845576240597,3.81126378443315,5.00404886897169,6.99414273188049
152,452.0,2.13784282206892,2.13867063029371,2.14209070388525,2.15073842852674,2.1703441017203,3.09555723677016,3.81192235608473,5.00119221620718,6.98325521369455
153,453.0,2.1369979798458503,2.1377749971732403,2.14109392079785,2.14980020766779,2.16952765842154,3.09838403951898,3.8058268118685996,4.99897166952435,6.987612836372479
154,454.0,2.13655509378388,2.13722383594401,2.14032099437117,2.14888821955062,2.16847028951346,3.09459776438549,3.8096760682679696,4.99866043437216,6.9761192814498205
155,455.0,2.13636024186611,2.13691698053032,2.13973938062861,2.14797136030197,2.16753828996568,3.0926064497649604,3.8078664563354097,5.000810740373931,6.971838209030209
156,456.0,2.13563614695072,2.1362343066778,2.13906396094262,2.14717950072623,2.1666506999582,3.09357499308325,3.8039999207310298,4.998749988399069,6.97755601644562
157,457.0,2.13512172091007,2.13565593683719,2.13833632826358,2.1463572714600696,2.16580369303487,3.09373516239076,3.8018139737373198,4.99473574975719,6.97529607591368
158,458.0,2.1337388916883597,2.13420400940477,2.13697814928367,2.14545445897355,2.16483763803802,3.08977784586725,3.80053435946609,4.99933730327477,6.976170706398969
159,459.0,2.13324132902622,2.13355887147262,2.1360104231745,2.14449713160879,2.16397169980071,3.0890604420146897,3.80172365783453,4.9920133229075,6.974148806090461
160,460.0,2.13241944873444,2.13271809321492,2.13508060075901,2.14356076087094,2.16315524329729,3.0873831596679,3.80067103631682,4.98658969809105,6.968135068815851
161,461.0,2.13205208325013,2.13224823018535,2.13438753282725,2.14276468283496,2.1622770547769896,3.08848227146845,3.79823891724739,4.9940090045269505,6.970839522594679
162,462.0,2.12885281231217,2.12998022308796,2.13347086424827,2.14180637919455,2.16132990663759,3.08629799713874,3.79592320724865,4.9869415395152705,6.964602264288999
163,463.0,2.1279598595604297,2.12908898446783,2.132692304416,2.14095989965721,2.1604188915174403,3.0843803095096702,3.79837167394226,4.9858817656525405,6.96399847864341
164,464.0,2.12745357074737,2.12847727086432,2.13198060575425,2.14012626487389,2.15954588682428,3.08340942894509,3.7980524833074703,4.98569736560294,6.96982844447214
165,465.0,2.1260555568806803,2.12701475313305,2.13061996717453,2.13913319703638,2.15865284786336,3.0839080886322,3.79452401131698,4.98155838937191,6.96725118021983
166,466.0,2.12553746097087,2.12632392466962,2.1296717119529798,2.13828596927933,2.15789094645231,3.0837015628727102,3.79330637164087,4.9855389289557,6.9627212400447505
167,467.0,2.12471023869402,2.12547196385376,2.1287454455349497,2.13731316486261,2.15697545350268,3.0812380178527903,3.7976878539848102,4.98198622277844,6.953095623332441
168,468.0,2.1243353391524398,2.12498200154416,2.1280359016485497,2.1365419391483,2.15614175582937,3.0833528175477802,3.79015375349894,4.98261393752833,6.95507769141746
169,469.0,2.1241571965854598,2.12471934117674,2.1275537300839997,2.13580856871157,2.1554090475119603,3.0792187163148,3.78848377397516,4.98184670864744,6.95812678661886
170,470.0,2.1238569550395,2.12435412941612,2.12701499524079,2.13510243384651,2.15446614410057,3.0764215267933896,3.7877326112350405,4.9792019258297,6.9527377028322705
171,471.0,2.12307869769036,2.1236000951360903,2.12628601846098,2.13436832887157,2.15365377395078,3.07722817292269,3.7875664152449904,4.980711428673279,6.95873675113339
172,472.0,2.12198649420738,2.1225268324702897,2.12537859857529,2.13359774460419,2.1529583199974103,3.07685451946742,3.78734325937796,4.97385790471294,6.951179174531711
173,473.0,2.12118213575258,2.12154783270396,2.12415791359394,2.13260601052381,2.15197723082192,3.07495399835966,3.78525931346658,4.97405854010311,6.9517336585856
174,474.0,2.12044144256114,2.1207944001480903,2.12330334784463,2.1318357460636603,2.15131600723825,3.07414775776639,3.78141187630649,4.97181448628241,6.95744394263951
175,475.0,2.11998592536449,2.12025138446912,2.12255859521925,2.13095486745014,2.15054065567627,3.07334830756802,3.78447742081778,4.97518611680064,6.95090585119771
176,476.0,2.11742958813421,2.1185199834935298,2.12177892626076,2.13018022474348,2.14973995105475,3.0732247646963198,3.78194998595565,4.97267271653879,6.957728704303589
177,477.0,2.11655127298831,2.11766552327722,2.12110442886948,2.12941949340552,2.1488714420080104,3.0716898868873703,3.7778050716059197,4.9619198086887595,6.9419169080545196
178,478.0,2.1157049896955398,2.11680940096788,2.1204036916997198,2.12858613292537,2.14802533631212,3.07182428351445,3.7816927380968797,4.9651127432295095,6.948816825482989
179,479.0,2.11525346443653,2.11628595253601,2.11979641961753,2.12789968101158,2.14725862895734,3.07069755431413,3.7788446555498902,4.96228357980111,6.94026931767044
180,480.0,2.1139288574934,2.1149079454936,2.11857057194337,2.12703960125893,2.14644113032668,3.0673655932534403,3.77867584053874,4.96604966946188,6.93681605047555
181,481.0,2.1134116579655498,2.11423042938336,2.1176082295138303,2.12624191434793,2.14567721074186,3.06826228050403,3.77738043259205,4.95883451244523,6.93237418802147
182,482.0,2.11264427301771,2.1134493308302,2.11676527495794,2.1253623121947,2.14492192450985,3.06720391715504,3.7736351217024,4.96356285344455,6.945984818744471
183,483.0,2.1122399408865697,2.11293310717903,2.11606918834969,2.12459691255874,2.14411107955724,3.06480620562806,3.7731016993124,4.96143457974419,6.939590616413669
184,484.0,2.11204642682448,2.1126499600131,2.11556825849562,2.12386814366914,2.14339286415353,3.0648677900659798,3.7695440409561596,4.958793144200079,6.9425660575902
185,485.0,2.11177825906574,2.11232273638993,2.1151010693401098,2.1232341812815503,2.14263990034312,3.0637497986565303,3.77100865416042,4.95992993804421,6.9253352078999395
186,486.0,2.11109827929995,2.11168023700639,2.11448112174123,2.12254101631753,2.14186135796494,3.06431319851437,3.76828833218477,4.95989819181375,6.9366431196384095
187,487.0,2.11071276458166,2.11124579262323,2.11393550109453,2.12197382439859,2.1412148914262596,3.0614718837956802,3.7698438312330196,4.9552817754640195,6.92909042685683
188,488.0,2.10957088546752,2.1101018762074397,2.11293338204547,2.1211836783364397,2.14042253543809,3.06231183695662,3.76815711681321,4.95614984596027,6.93645344687933
189,489.0,2.10896660864353,2.1093372986879197,2.1119572023198,2.12041777744442,2.13987100664488,3.05966768831126,3.76821660544835,4.95415040243985,6.92411013338919
190,490.0,2.10841483189016,2.10875650418847,2.11121671154275,2.11964438994228,2.13898073137626,3.0608816935827,3.76795000599576,4.9546962213849595,6.92426887034783
191,491.0,2.1079273133039402,2.10819844385758,2.11049964844919,2.11894041753746,2.13829579989649,3.05938154462212,3.76850978183345,4.95181879079844,6.93417764418479
192,492.0,2.1075996217966,2.10779612522237,2.1099659827616,2.11825799418129,2.13768525814935,3.05564521618625,3.76280216833986,4.94589964157342,6.92671412674691
193,493.0,2.1046655850172,2.10578306573368,2.10918906330876,2.1174873693682197,2.13695758286118,3.05806347077386,3.76679129065154,4.95330239753266,6.9218832300258795
194,494.0,2.10416734843254,2.1052322801258403,2.1086643517851797,2.1168466760315,2.13624398174993,3.05661468547033,3.76630365776605,4.95093972018826,6.92859979362869
195,495.0,2.10334516212157,2.10442033061087,2.10796455398909,2.11616502056159,2.13550237811729,3.05425083169955,3.76543412244711,4.94658717943793,6.91545790567938
196,496.0,2.10297936677932,2.10399062632769,2.10743168996684,2.1155180030573097,2.13473410150297,3.05440633718129,3.7611528414294098,4.94960302871577,6.9213484154597795
197,497.0,2.10165013991706,2.10259195739738,2.1061595695301802,2.11469852081909,2.13406174839697,3.05327496287906,3.7612308149225995,4.9461827996198995,6.924751700207859
198,498.0,2.1012047186125,2.10201699059605,2.10537433266341,2.11391381800249,2.13343258376978,3.05419912172444,3.7609210284450003,4.9460525323851,6.919973907478889
199,499.0,2.10048340762965,2.10127311735227,2.10458856928385,2.11319926848933,2.13264922417178,3.05118937515197,3.7570957953047,4.94594419523607,6.91410740702068
200,500.0,2.10008733772672,2.10080378496199,2.1039901496354396,2.1124514253415096,2.13186924360096,3.05177007817886,3.7583924602860503,4.94052566095376,6.914377801976911
201,501.0,2.0998759789261903,2.10050131481215,2.10347698395214,2.11181019673906,2.1313841770075204,3.05042966027567,3.7565689511998497,4.9439183331117,6.90351601627925
202,502.0,2.09973748426958,2.10029249797761,2.10308580166697,2.11128701522052,2.1305015450511102,3.04922570869158,3.75635538726625,4.94089106606263,6.9157124608921805
203,503.0,2.09946740997917,2.0999674468368204,2.10263629934191,2.1107176565133,2.12998178830072,3.04939580175429,3.75539132245266,4.9433592670381,6.914597815211019
204,504.0,2.09873881829157,2.0992954325113398,2.10205803380757,2.11009167788065,2.12932882257625,3.0455077442383303,3.75555806729262,4.94103571653235,6.907650268303501
205,505.0,2.09844437072612,2.0989485406152903,2.10157748387567,2.10953499791137,2.12868098481521,3.04752601655637,3.75527326405225,4.93777089336244,6.9068348226327405
206,506.0,2.09719000508785,2.09768023386672,2.10047374803945,2.10879087387882,2.1280811959098997,3.0454738262112198,3.75377008582828,4.93538968483591,6.9154131870410405
207,507.0,2.09673804745562,2.09710865004844,2.0996805084601,2.10809416084699,2.1274348753336803,3.04328414388867,3.7522688584486,4.9323164379210205,6.90998786577619
208,508.0,2.09651736620627,2.09677121194973,2.09911727459765,2.10751141163967,2.12681235046088,3.0456207338345203,3.7502111445737,4.93543722685789,6.91516205236092
209,509.0,2.09573028588481,2.09602812289372,2.09834512990564,2.1067450096026,2.1261683404345,3.04439641298214,3.7479932663365196,4.93239745578561,6.8978667527778
210,510.0,2.09542615671418,2.0956498804993897,2.09783997053056,2.10617660690508,2.1255356320522703,3.0452677149891803,3.74541631014859,4.93244343262938,6.908326593877461
211,511.0,2.09275166032314,2.09386126644872,2.0971578721255,2.1055510157372797,2.12489926882423,3.04279843583256,3.748649197332,4.93085985312927,6.91170234622117
212,512.0,2.09214968036413,2.09324745385982,2.09667177944295,2.1048873141437703,2.12425472302809,3.04105116758951,3.74637069965591,4.93088849227409,6.90370315420674
213,513.0,2.0914635940272297,2.0925851075060597,2.09611231405958,2.1043068679500303,2.12365890831314,3.0406033934984302,3.7473647717575496,4.9318842683894495,6.8930031616967105
214,514.0,2.09107534837834,2.09211096085794,2.09559168252237,2.10369421127848,2.12289905775934,3.0395519026903397,3.7422864378140295,4.93051534436307,6.89715579938385
215,515.0,2.09075427411831,2.09173298160284,2.095114574413,2.1031710575070197,2.12228915469013,3.03867506658686,3.74555581304272,4.9248796747067,6.896312608384431
216,516.0,2.0894356336649498,2.09035563760846,2.09392114276289,2.10240227178782,2.12161209261603,3.03789760059956,3.74390911687826,4.92281096738306,6.89588985689468
217,517.0,2.0890199952051,2.08983202218934,2.09322283591292,2.101696616159,2.12103769294172,3.0391632886903297,3.7450449920633804,4.92381598238535,6.88774850498875
218,518.0,2.08841011648178,2.0892337235175003,2.09256523551903,2.10106870751306,2.12055760238133,3.03588286884743,3.7415054931268004,4.92498009183425,6.89572506924923
219,519.0,2.08804388784468,2.08877145488113,2.09195399007424,2.1004138088811097,2.11973776298053,3.0351629595125997,3.74217241221657,4.92574025567406,6.884291057290779
220,520.0,2.08773535655736,2.0883965121597,2.09143488069176,2.09987799097895,2.1192509990878396,3.03726636007288,3.73853010120792,4.9222950087441095,6.8974564898976105
221,521.0,2.0876161147356,2.08821393075548,2.0910874244976703,2.09934020587056,2.1185048614129403,3.03440052642598,3.7412917672899497,4.92622785078613,6.896063571454671
222,522.0,2.08737492239177,2.08791991920322,2.09067898919433,2.09879251721873,2.1180046458165998,3.03475289409533,3.7407237576189396,4.92081679918253,6.89045303030163
223,523.0,2.08722580640651,2.0877172103662,2.09034011056497,2.09834196046404,2.1175544388767302,3.03611251052022,3.7388794116631097,4.92219521363964,6.88887594422605
224,524.0,2.08650245468616,2.08704385501369,2.08976772013269,2.09779912887439,2.11694781777225,3.03338380070701,3.73782779495632,4.91743411413999,6.891395942857489
225,525.0,2.08623349707126,2.08673402718454,2.08936591930985,2.09727257223799,2.11640281007811,3.03113280962957,3.7370399737711004,4.91816455569053,6.8937811070507395
226,526.0,2.08507288389205,2.08558002422303,2.08836261444091,2.0966915504947297,2.11576145325675,3.0323371828475,3.7338294971697,4.91714123044358,6.886561748109191
227,527.0,2.08467794067859,2.08504004338607,2.08760977503061,2.09602579268626,2.11522431264482,3.03006700748195,3.7355742038986604,4.9160593140847,6.879184401429719
228,528.0,2.08435207330808,2.08465358975529,2.08707046021185,2.0954127576049397,2.1145832629241,3.02956217253189,3.7347568668286297,4.91958584640724,6.88659724848093
229,529.0,2.08365805213004,2.08398468544445,2.0864174833469002,2.0948394424572503,2.11409764646142,3.02864238216672,3.7326777482233897,4.91703877338003,6.8891836594277
230,530.0,2.08333623707182,2.08360317298956,2.08593344725817,2.094228471018,2.11349768892638,3.02995734071955,3.72950491625471,4.91056988300001,6.8908906145521405
231,531.0,2.08315887627601,2.0833612530432597,2.0854728842876797,2.09376057000495,2.11298605674132,3.02755961567107,3.73274665560051,4.91279415524723,6.8825092805895896
232,532.0,2.08041623376458,2.08152589441984,2.0848628905460203,2.09313701089434,2.11231304815374,3.02714160131849,3.73114002339961,4.9181902309617,6.88155080922273
233,533.0,2.0799344545185496,2.08102330013066,2.08444279202632,2.09266895102188,2.1118889245569696,3.02671211401764,3.72968607923714,4.913259300798449,6.87471877371268
234,534.0,2.07942611965499,2.0805159436497798,2.0839850000102,2.09214335096776,2.11118854786418,3.02458638391708,3.7303618488732697,4.908767878921419,6.885593372191299
235,535.0,2.0789313686370803,2.0799821970131203,2.0834883055564,2.09158518214747,2.11079241315126,3.0254216854956,3.7295399896010704,4.91549265849273,6.87529290954805
236,536.0,2.07862865507602,2.07962444856166,2.0830675558537197,2.0911080004353,2.11028082704097,3.02500439803171,3.73165383185679,4.90600864809444,6.88267191822398
237,537.0,2.07751223987713,2.07852732142545,2.08217687927186,2.09048539234213,2.10971250602528,3.02421965140132,3.72640638084383,4.90685859774528,6.87841234037168
238,538.0,2.0770688816547302,2.0779338956464,2.08134120309501,2.08986645427085,2.10907191929817,3.02261161765111,3.72417854019803,4.90390255703804,6.87051998636638
239,539.0,2.0767339730825203,2.07751810563951,2.08079721479266,2.0892545127350797,2.10850144550092,3.02383873681165,3.7259726445940298,4.90870329372901,6.87519376326408
240,540.0,2.07608067727088,2.0768797063343203,2.08021547543332,2.08868566113822,2.10812883159965,3.02311179719306,3.72756426473856,4.90918901401022,6.87852780801327
241,541.0,2.07582697537913,2.0765357542060303,2.0796980378344596,2.08817176397964,2.1074269030958397,3.01974826153796,3.72349543822091,4.91033083100365,6.8668061026202505
242,542.0,2.0755387915931602,2.0762044724069497,2.07926607566326,2.0876742296908,2.10698344532214,3.02092082494199,3.7270565583700304,4.9043524563048,6.87291580333458
243,543.0,2.07542965376377,2.0760200855787803,2.0789203148737503,2.0871760908823402,2.10635851781368,3.02082966917175,3.7220176002454,4.90165734438998,6.8749616048271704
244,544.0,2.0753138839960097,2.07585827367752,2.07861918687187,2.08675364410877,2.1058801045104802,3.01720613510617,3.7247829609071803,4.90400083977999,6.864920668882971
245,545.0,2.07506910913772,2.07559282625392,2.07827917926497,2.08626301757358,2.10539138143174,3.0183000775133197,3.72250109956739,4.8981534085256895,6.8739867469971
246,546.0,2.07445052103288,2.0750135016921902,2.0777888961829203,2.0858344549331798,2.10488131900727,3.01815368570452,3.72274289067415,4.9075076163128,6.86533857138725
247,547.0,2.07424210561402,2.07476853280663,2.07743331043273,2.0853633899662603,2.10443404830917,3.01526902560424,3.7172699727662804,4.90152913348097,6.864013531972001
248,548.0,2.07397103890329,2.0744719154007702,2.0770589977443197,2.08495926675163,2.10392879261523,3.01575883893687,3.7189737018587,4.900506238740681,6.87018610610961
249,549.0,2.07281347511708,2.0733122358500897,2.07610712428204,2.0843558048553703,2.1034636303775,3.01512305958308,3.7195303142086598,4.90325580565845,6.86373043060684
250,550.0,2.07246956415176,2.0728655648633802,2.0754273482836703,2.0837805751089,2.1029546008735798,3.01628834621412,3.7186902021654795,4.90098362323809,6.86051012506187
251,551.0,2.07216828408129,2.0724938351430002,2.07493249013349,2.08328344887159,2.10253363817147,3.01449998819762,3.71975067946706,4.8931000244778495,6.8612050194228
252,552.0,2.07155246003419,2.0718985892884403,2.07436805144697,2.08274841235056,2.10193651864416,3.01467901821658,3.71702663063462,4.89684269684422,6.86650386221315
253,553.0,2.0712964704819,2.07158082644417,2.07387416410036,2.08224154889173,2.10158392955474,3.01490426352294,3.71654531921902,4.89671059323446,6.86467481344286
254,554.0,2.07103433196544,2.07126392165049,2.0734826774571,2.08177158032059,2.10100331753082,3.01488694084165,3.7159348847304403,4.89627334802113,6.862840229019521
255,555.0,2.06918922014497,2.07012017595395,2.0730601865991902,2.08138077712804,2.10061237049922,3.01301313453353,3.71527946534315,4.8940886365897,6.8567648435112
256,556.0,2.06814367264211,2.06925061309561,2.07260266626365,2.08080760120563,2.1000949275135903,3.01140332619706,3.7163874736724405,4.89395969054,6.86705579321291
257,557.0,2.0677483619686203,2.06881866841539,2.0722143844261702,2.08035936036221,2.09955252232514,3.0103296336591203,3.7148225544771103,4.892234341178829,6.85807216783976
258,558.0,2.06753559138774,2.06855951806381,2.07190947842001,2.0799710888721,2.09905480432994,3.01081012239083,3.7126542739134196,4.890803097489569,6.845955523169501
259,559.0,2.06678958467319,2.06784857451543,2.07133288637027,2.07941233862228,2.09856162020862,3.01140063032843,3.7145200734046204,4.8934770293666,6.8600436570843595
260,560.0,2.06650922960005,2.06752642297036,2.07099443941153,2.0790054360203403,2.09810639721788,3.0113432275067997,3.7136717511681803,4.891165879524491,6.853046097028161
261,561.0,2.06634066959694,2.06729867653772,2.0706722556129002,2.07860902547501,2.09763915892913,3.00879144547693,3.71038792315805,4.8861678990135795,6.847779902410971
262,562.0,2.06507993245124,2.066045325841,2.06962862388342,2.07797444075271,2.0970783548042102,3.00699560914412,3.7125449847722396,4.8947183743745,6.85526810593083
263,563.0,2.0648220261354,2.06565878655985,2.06904325015693,2.07745647073574,2.0966718760870298,3.0070314940740297,3.70672721720421,4.88836350759854,6.84942378271622
264,564.0,2.06451326539851,2.06529295300543,2.06855430464707,2.07696100546866,2.0962734924953397,3.00645069965822,3.7115345700087,4.88538463606042,6.85554775996236
265,565.0,2.0639034285411197,2.06470071479752,2.0680076364420303,2.07649846851266,2.09576914846077,3.00668098259605,3.70839554511755,4.884009551211809,6.85814646132141
266,566.0,2.06365600616931,2.06438226053342,2.06755619944483,2.07603139469064,2.09529692214168,3.0046848458657,3.70646439915243,4.88323405331466,6.853604152618529
267,567.0,2.06339979696273,2.0640870129275997,2.0671755195308403,2.0755535931751097,2.0947631787382,3.0077426017470597,3.7074994515855804,4.88207599273091,6.85087376158889
268,568.0,2.06326123635768,2.06388954013586,2.06683639515377,2.07509722832292,2.09438936666809,3.00480658398605,3.7044834366062602,4.8811029249141,6.850702367775139
269,569.0,2.06316903893947,2.0637375772126,2.06656407370679,2.07468797715492,2.09391618583127,3.0051537082883497,3.70554120792485,4.8814108844934,6.84838462651614
270,570.0,2.06297548228576,2.06352040872499,2.0662830978430797,2.07433454338684,2.09355087634585,3.00467863385872,3.70625031391102,4.88688394050858,6.841636538960031
271,571.0,2.06284197392463,2.06336065735854,2.0660121937040197,2.0739837647926,2.09308075161464,3.00315416225856,3.70547055483255,4.88101030795676,6.8439390979536805
272,572.0,2.06224021923542,2.06280572179704,2.06557917628511,2.07357031807303,2.09263531129546,3.00455135023947,3.7055976059889404,4.88199164273543,6.84170660735825
273,573.0,2.06204845653623,2.0625693996191004,2.06525700360946,2.07313024335503,2.09219349614121,3.00222613287614,3.70314331206046,4.88155093444958,6.84194593895794
274,574.0,2.06181232213974,2.0623092654284,2.0649515423413303,2.07281356519945,2.09168127275481,3.0027079607626397,3.6974534133654,4.87884564015846,6.8397717729862695
275,575.0,2.06169763316363,2.0621492690838803,2.0646932076063,2.07245750049203,2.0914231451787,3.00160428902357,3.7042117835742396,4.87990491873957,6.837603454442689
276,576.0,2.06041229494586,2.0608549035403803,2.06355614834912,2.07185305908657,2.09097705670371,3.00328053415976,3.70202349164998,4.87802377883466,6.847117857809359
277,577.0,2.0600996274646297,2.06049538426995,2.06306275638863,2.07139085776805,2.09045744169317,3.00086100080702,3.7006323877234,4.88241919908644,6.841198815083691
278,578.0,2.05991777305603,2.06022621004134,2.06265640489906,2.07096816700994,2.09013740713857,3.00082404245799,3.6991603071555397,4.87656940411943,6.843411904772739
279,579.0,2.05932220685631,2.05967377498261,2.0621288199111802,2.07050243268795,2.08961910958327,2.9989034223044198,3.7006249406398197,4.8772469060728305,6.8497282923866
280,580.0,2.05909332214407,2.05939213402271,2.0617367204137103,2.07009371029548,2.08918850667364,2.99751242851931,3.69832483592107,4.87766922623301,6.83167180796293
281,581.0,2.05885533459186,2.0591064053736603,2.06136785423271,2.0696648012030803,2.08873625306524,2.99730273829288,3.6965876361619596,4.876700843226249,6.829718789374541
282,582.0,2.05872013064101,2.0589163264058503,2.06106291888169,2.06925069995932,2.08850355788692,2.99811956613641,3.6992436081678597,4.87648737913835,6.834588136101879
283,583.0,2.05626966552734,2.05735380129516,2.06060009921938,2.06886030924841,2.08807796302214,2.99852001945823,3.6987046023121097,4.8770809729565805,6.82940119359754
284,584.0,2.05584532336518,2.0569463027562898,2.0602680787105103,2.0684263286978,2.08760507555119,2.9957449620997503,3.69717951234411,4.86986977420793,6.8357145799613495
285,585.0,2.05552050182484,2.05658427553102,2.0599425867505303,2.06806199384629,2.08707041763477,2.99828724315846,3.69738008112171,4.87334060975182,6.8363829414951605
286,586.0,2.05533537354469,2.05635456463843,2.0596916436512,2.0677400823492498,2.08672626728154,2.99589614823292,3.6966238856299705,4.87027734434614,6.8354240598017295
287,587.0,2.05464622648544,2.0557111436922098,2.05918453421779,2.06728757990561,2.08638173534385,2.99495069193514,3.6953194630647,4.87709005625788,6.83036547406949
288,588.0,2.05447463805675,2.0554906292423603,2.05891515600383,2.06691354263052,2.0858698183119198,2.99604512524493,3.6960829262786503,4.87259024189347,6.83063690760349
289,589.0,2.05422798686735,2.05519151278957,2.05859752769097,2.06654774522855,2.08550090271942,2.9944672570747297,3.69403274962147,4.87262429252453,6.83128873431459
290,590.0,2.05345180700272,2.0544684427037803,2.05804561763517,2.0661062785767,2.0851905138231803,2.99356274166405,3.69319539719754,4.87274053674144,6.827586154635901
291,591.0,2.05277221535742,2.05368576364517,2.0572132224798203,2.0655922057028797,2.0846562787588603,2.9933318064304,3.69325713542923,4.86584332405086,6.83446560311131
292,592.0,2.05249905578196,2.0533443812221197,2.05673882369399,2.0651403849639,2.0842287688124896,2.9948905774329697,3.6950825311572197,4.8659091141303,6.83198917713668
293,593.0,2.05231624622344,2.05308755441308,2.05637800936587,2.06475044233947,2.0838952330850002,2.99299664104394,3.6941270262731205,4.87039387582009,6.827844809018541
294,594.0,2.05178909016028,2.05260025553926,2.0558867862891397,2.0643313838887902,2.0835206384208003,2.99250976388035,3.6923336612037296,4.86655888821603,6.832643172811149
295,595.0,2.05149922754094,2.05224907768145,2.05547621129751,2.06388247337788,2.08314584147855,2.99141649849051,3.6933079940808895,4.86819687387542,6.8185513182564605
296,596.0,2.05127215378098,2.05199114502891,2.05514095240458,2.0635407459851303,2.0827591591753,2.98867199878683,3.6936458580824496,4.86845410306435,6.82829965448081
297,597.0,2.05112067185975,2.0517875737521702,2.0548344954121798,2.06315504752844,2.08227946807853,2.98854243736863,3.68955503990687,4.864324382926711,6.832652869961501
298,598.0,2.05103787468075,2.05163708719015,2.05456494675427,2.06277484985962,2.08194596814923,2.98996978085935,3.6896755275884603,4.86219774246662,6.820351173701409
299,599.0,2.05095065232105,2.0515148153528497,2.05431778871342,2.0624499543934998,2.08158307204693,2.98934655878283,3.68807028890876,4.863657020116221,6.82238134785015
300,600.0,2.05078357212543,2.05133318600393,2.05406279104053,2.06214460167288,2.0811286706157,2.99029537575887,3.6889838340317804,4.869338460757859,6.816136296800799
301,601.0,2.05065570270195,2.0511640130281403,2.05384767450913,2.0617759535178504,2.08085020206235,2.98788132664775,3.68756675585741,4.86473013898907,6.82507455894453
302,602.0,2.05022691698074,2.05079763624668,2.05353345531113,2.0614826699595903,2.0804361720114897,2.98731059706583,3.6889935964503304,4.85782505593681,6.81929263528864
303,603.0,2.04991548059731,2.05045833397135,2.053186232749,2.0611134631801398,2.0801006380774,2.9882629730354,3.68580217211069,4.86387396357161,6.8220220878506
304,604.0,2.04980456421375,2.05030890580639,2.05291892042495,2.06080076602175,2.07962878363803,2.9866042898661402,3.68836938741887,4.85864052501348,6.83016778799528
305,605.0,2.0495877402871803,2.05006507715433,2.0526562878884302,2.06052047254815,2.0793175556425,2.98534360133623,3.68309238602779,4.86486164447851,6.818875389842869
306,606.0,2.04948293886184,2.0499437126439,2.05245034676641,2.06018103346675,2.0789959254615,2.98611859334614,3.68255760050369,4.865551174682469,6.823760668134959
307,607.0,2.0482273640871003,2.048691837316,2.05140498586408,2.05966135948672,2.07868336824663,2.98450233981441,3.68639026256026,4.86017992273848,6.82760849556205
308,608.0,2.0480270750086698,2.04840096757859,2.05097243608385,2.05929208399727,2.07833235479108,2.98533210339713,3.68615547776976,4.86207482296396,6.81271947874436
309,609.0,2.04777586891651,2.04811537384204,2.0506009709388,2.05889375052042,2.07797064205333,2.98563759988471,3.6871978623893997,4.860666411332501,6.8130085983641395
310,610.0,2.0476450873136502,2.04794093476161,2.05028216945603,2.0585925013352098,2.07760445352941,2.9862805472835903,3.6854234180367498,4.8564060691935005,6.81635461327638
311,611.0,2.04701433248519,2.04735148598738,2.04979979646951,2.05814026656337,2.07730830467268,2.98369628668353,3.6827270954738296,4.858833803818,6.80844741858225
312,612.0,2.04684989664554,2.0471312906045402,2.0494518144086,2.05778061218149,2.07698872594684,2.98390608491236,3.6858154350090695,4.85733223713273,6.81449800977706
313,613.0,2.0466301813364,2.0468973240576602,2.04913859382793,2.05745454740077,2.07647039004676,2.98295003120768,3.6854118021829896,4.85819005288761,6.81521285983184
314,614.0,2.04650795533657,2.04672799822464,2.04889147310256,2.05711199074387,2.0761406016290103,2.98261898718569,3.6826355425224597,4.85607482931008,6.8160182008163
315,615.0,2.04444702382087,2.04545459517501,2.04849343441352,2.05678031975217,2.07570914690978,2.98304961851406,3.6811217334581503,4.85533643158413,6.80945940634394
316,616.0,2.0438173163771602,2.04491390648037,2.04822321713492,2.05634653856046,2.07546189015433,2.9820917610964703,3.6820657259428797,4.8538288265986305,6.820017083354291
317,617.0,2.04349627004675,2.04458453913666,2.04791642168574,2.05608937067054,2.0751750212568703,2.9818431363403697,3.68112171525014,4.84958909726329,6.803111484350451
318,618.0,2.04329716758728,2.04434032939374,2.04769903054535,2.05576271866448,2.07474625559821,2.98195824366435,3.6781754534919697,4.85084540178151,6.81852704906603
319,619.0,2.0431525633335097,2.04415888049378,2.04745661375522,2.05543984089195,2.07451853890195,2.9813363984113503,3.68016488655628,4.85225937852291,6.811077872146851
320,620.0,2.04248759154677,2.04354382357895,2.0470591654323,2.0550748705930997,2.07412170544676,2.98088859268566,3.6788340610641903,4.8534109458022705,6.80850056009069
321,621.0,2.04231100534796,2.0433347329966702,2.04676944096237,2.05474858621656,2.07372339128069,2.97966213967185,3.6813123054142998,4.8533562821650795,6.80469979554824
322,622.0,2.0420917555578,2.0430779560998,2.04648155720643,2.0544376785364,2.07342075721435,2.97949879835015,3.67843056672019,4.85015332760997,6.8039787437478
323,623.0,2.04197006340213,2.04291153632998,2.0462837042272,2.05414257212206,2.07295196007303,2.9781214294211,3.6797964408281203,4.84879765282236,6.811932305745221
324,624.0,2.04091941526196,2.04193343160003,2.0455178189501098,2.05375751215815,2.07264371821247,2.9771499850373697,3.67838414623122,4.852654412462741,6.80825911325383
325,625.0,2.04056388641782,2.0414732640735798,2.04496375086605,2.0533218692146202,2.0724090329833302,2.97913775214264,3.67642570264721,4.85250636828904,6.8075751390903205
326,626.0,2.04040816369056,2.0412470973949803,2.04459680103473,2.05296317653618,2.07204188143163,2.97895793307526,3.67544001606963,4.84813260621894,6.79992344438144
327,627.0,2.04016317867897,2.04095980664938,2.0442436899259597,2.05259328740723,2.07169096794091,2.97800742661412,3.6790111728406503,4.8523625889374795,6.80888544290941
328,628.0,2.04004281604886,2.0407878334991603,2.0439387408778003,2.05221956982389,2.07134839429929,2.9772754267456,3.67585280065601,4.84411138330418,6.81228160528466
329,629.0,2.03942628954574,2.04021969750076,2.0435153573959997,2.05193751830682,2.07099254125319,2.97685801564622,3.6743605836061697,4.847044759432221,6.807687826593501
330,630.0,2.03926087081804,2.04000411257892,2.04317432362213,2.0515677608065297,2.07070929526686,2.97669181499816,3.6752910245869295,4.84708803802505,6.813189624625631
331,631.0,2.0390515814781103,2.0397700432822097,2.04289870881363,2.05124615102186,2.07028780111558,2.97454296713806,3.6769986122624903,4.84856011031661,6.79759894769238
332,632.0,2.03892832741737,2.03960656844712,2.0426418122090397,2.05089153952673,2.07004806878529,2.97582731964159,3.6772093649568895,4.84559363083504,6.8038007768509905
333,633.0,2.03884685761518,2.03947137915752,2.04240090843439,2.0506514900811,2.06959471447169,2.9750064523501303,3.67387429087273,4.84805147263435,6.80353451579883
334,634.0,2.0387892541646897,2.039357728298,2.04220916056968,2.05035221203863,2.06931720632649,2.97342808863027,3.67507135274708,4.84630191846778,6.79646579068368
335,635.0,2.03871393363922,2.03925123787075,2.04200806522332,2.05005556116849,2.06910123146288,2.97617600108273,3.67361116306707,4.84311891036415,6.80693297815918
336,636.0,2.0385365461979,2.03907941602692,2.04180353585183,2.04987967880517,2.06879224085286,2.97151707718232,3.6684549793179997,4.8451108961801905,6.805384595419
337,637.0,2.0384385374784397,2.03895292519927,2.0416187623113298,2.0495487424585903,2.06851176420263,2.9742310447596,3.66970798972183,4.84145064418474,6.804687728519079
338,638.0,2.03838273260332,2.03886086037792,2.04144017106294,2.0493584422647904,2.0682894669748797,2.9730849160600403,3.6742673171157003,4.84387371321348,6.79182464002724
339,639.0,2.03776282441616,2.03831000897921,2.04104063867926,2.0489737330403104,2.06779267050698,2.9734503989882697,3.6736975705039603,4.845081428942731,6.80121209148038
340,640.0,2.03763228869065,2.0381545757993997,2.04083506911806,2.04869738694913,2.0675221304737,2.97181664866451,3.67002741586882,4.84561164696058,6.7905517798474895
341,641.0,2.03743818968869,2.03794727438837,2.0405763981916,2.04844242103882,2.06724731245934,2.9714595164692,3.6674536103367803,4.83918862907169,6.7963011838754595
342,642.0,2.0373303659439,2.03780113064385,2.04040138111412,2.04819016008116,2.0670616365198,2.97158378085997,3.67158255532188,4.84647118421979,6.79998693425245
343,643.0,2.03726941884756,2.03771601813845,2.04021637471206,2.04789504256099,2.06659412889927,2.9707685761554097,3.6695557858447496,4.844743856654779,6.79110640968829
344,644.0,2.03604278291463,2.0365124793954097,2.03924609283208,2.04745324691087,2.06634940070323,2.97299228449612,3.66885779920201,4.83862372531807,6.7942148192198
345,645.0,2.03584049646668,2.03625623609237,2.03885419824905,2.04714654499478,2.0660853087700897,2.9710267129399797,3.66854410764658,4.83760510247144,6.793298529192519
346,646.0,2.03561645231246,2.0360022601895,2.03851572399549,2.04678628815934,2.06584198746941,2.96859984109774,3.66917317100577,4.83736259952169,6.78905380131918
347,647.0,2.03548946129493,2.03582213911898,2.0382338527064703,2.04652966108657,2.0654445349503296,2.96859130814857,3.6671767156130604,4.83637147109145,6.793725866702379
348,648.0,2.0354096287012102,2.03569986608102,2.0380079571910197,2.0462011188536797,2.0651970390439,2.96973099425472,3.6671471599601198,4.839846860996911,6.79172525066975
349,649.0,2.03479959383308,2.0351339493148,2.03754508803784,2.04590691996514,2.06487943780347,2.96891511104572,3.6665071856448397,4.8396875149463305,6.79518926304271
350,650.0,2.03464845173917,2.03493993829973,2.03728856939151,2.04558635842353,2.06465173918828,2.9688737045027302,3.66522639897223,4.83330900250989,6.7935758872779
351,651.0,2.03446993887387,2.03473123279809,2.03704108325205,2.04527399351559,2.06437247458174,2.96968429600112,3.66650856843665,4.84221742046726,6.79267001560265
352,652.0,2.03435913022756,2.03459226998537,2.03680049793459,2.04499511297717,2.06397206401452,2.96839067844487,3.66673458079481,4.84366363112647,6.78559156742561
353,653.0,2.0342589679598797,2.03444973954744,2.03655903674513,2.0446996218279,2.0637591275867,2.96884137458577,3.66602007015049,4.837071972058711,6.79671246191198
354,654.0,2.03208822680413,2.03313466783203,2.03622130825817,2.0444450595687997,2.06350148389711,2.96586628214912,3.66417155464841,4.836607712977839,6.78478347074845
355,655.0,2.03163406220302,2.0327245746500697,2.03600353906601,2.04415719433613,2.06315923960767,2.96905675903111,3.66240174616267,4.83464492371324,6.78667415059097
356,656.0,2.03142016316279,2.03249732999056,2.03579330304935,2.04389959572479,2.062851632509,2.96642719600964,3.66566055236663,4.83602807366857,6.789952180074519
357,657.0,2.03115880091302,2.03222500167116,2.03556020572185,2.04365823138654,2.0625265736795897,2.96708198070926,3.6655479336222605,4.83303911128351,6.78752562604471
358,658.0,2.03102311408519,2.03204977167695,2.03535765480101,2.0433590913631,2.06238574909158,2.96580048842616,3.6632551084120704,4.83267221995927,6.787494304478161
359,659.0,2.03054773586168,2.0316305386424,2.03509046449437,2.04311793432049,2.06196589412838,2.96752624113857,3.66622721887342,4.8352208326877,6.7865664374504195
360,660.0,2.03027543292865,2.03132549427859,2.03480739359222,2.0427727221630496,2.06176528509408,2.96563945543561,3.6619309200718,4.833501113552781,6.787907435802359
361,661.0,2.03013551389127,2.03114769270196,2.03457622340954,2.04256459870412,2.0614768796127203,2.9662828412046602,3.6633087084267197,4.83748301474498,6.786061659650409
362,662.0,2.02993208699561,2.03092808356247,2.03435516635701,2.0423154643803803,2.06117424333952,2.9648082160985,3.66081704155048,4.83024393215188,6.78343837481625
363,663.0,2.02983547545895,2.03080377525463,2.0341581821464,2.04210104295499,2.06085290266275,2.96286895248591,3.66228584209335,4.8369752879505,6.779228114637171
364,664.0,2.02974328420162,2.03067710887678,2.0339943214978997,2.04180549488328,2.06066253729872,2.96400131805082,3.6616188961303697,4.82557531746216,6.790263607793199
365,665.0,2.02861334691047,2.0296016694162,2.0331995896272304,2.04142537864856,2.06031517103873,2.96313305657133,3.66460006320802,4.83330208025453,6.78020787633489
366,666.0,2.0283590663433,2.02926950934678,2.03273753301575,2.04110155984461,2.0600543632369397,2.96438207525331,3.6599897264277503,4.83144666133187,6.78382083458649
367,667.0,2.02822346339225,2.02908140825182,2.03244871687144,2.04075734493359,2.0597060724414797,2.96281730543356,3.6614945172709397,4.83847791737299,6.79562333302209
368,668.0,2.0280025701943702,2.02882391189113,2.03211607736647,2.0405248768679702,2.05946506357043,2.96295844840565,3.66239873209102,4.828798619228039,6.78693073266223
369,669.0,2.02789281780943,2.0286714677587097,2.03188587775118,2.04023693533949,2.0592192559354,2.96170665010884,3.6582023464551097,4.83160834323903,6.78693366794595
370,670.0,2.02781914204359,2.0285412484571297,2.03168061406686,2.040006794459,2.05904017650969,2.96052617364637,3.6581777975770597,4.82928123548105,6.78203503554873
371,671.0,2.02720687093734,2.0279891155637797,2.03123820232488,2.0396054078143,2.05873467079512,2.9626513716299,3.6550390645525397,4.82730076384414,6.78014424437396
372,672.0,2.0270688616178902,2.0278107035264297,2.03099149229824,2.0393356246832703,2.0583222805198202,2.96183292284011,3.6579991002214105,4.83331677479539,6.784077006459791
373,673.0,2.02698313987739,2.02768047101348,2.0307912903524903,2.03905932086892,2.05809135942906,2.9605624547000002,3.65776283686561,4.82763383923703,6.78576357548004
374,674.0,2.02677922441959,2.02745848074629,2.0305174003601,2.03878599224835,2.05781853891424,2.96070503974528,3.6573893256098,4.82958913848279,6.78061020334363
375,675.0,2.02668437922857,2.02733732224404,2.03031837208569,2.0385726375795903,2.05757668687701,2.96058315436989,3.65532625287463,4.82487982852906,6.7795759273748795
376,676.0,2.0266298505079003,2.02724565264396,2.0301521593451497,2.03831678167507,2.05726267027668,2.96147891528708,3.6539428866429198,4.8204628650511605,6.784542994939439
377,677.0,2.02658261334896,2.02716036352366,2.02999437938779,2.03811949516721,2.05703199808411,2.9591992841992503,3.65590576697131,4.827719356749951,6.779932550967111
378,678.0,2.0265169037882202,2.02707337784171,2.02983751166015,2.03784866064116,2.0568783151783,2.9580460289663604,3.65450678188698,4.82326185161471,6.7846167000916795
379,679.0,2.02642206445522,2.02696423265524,2.02967403027489,2.0376537482563397,2.05657745254114,2.95982105949679,3.65577792202839,4.82603438754165,6.775135632284821
380,680.0,2.02629076608382,2.02681350086554,2.02950564092546,2.03740000584833,2.05630264322906,2.95885538379009,3.65560547257661,4.82515513232201,6.7822618684035705
381,681.0,2.02621714481376,2.0267244476880797,2.02936772424578,2.03718562680296,2.0559948354043,2.95930367017649,3.65453429132429,4.82809444205658,6.77939535664329
382,682.0,2.02617044308185,2.02664173490405,2.02920942686721,2.03701526510156,2.05582360884845,2.9592770798206303,3.65381305325357,4.82447382055129,6.770878123196581
383,683.0,2.02557537629604,2.0261216563470597,2.02885210695564,2.03674092064984,2.0555852025531203,2.95647399607347,3.6528318522945,4.8227266340948605,6.76869842826342
384,684.0,2.02545504169464,2.02597517139092,2.02865598883628,2.03654772174209,2.05532271467559,2.95897109187841,3.65326759606171,4.8175433991108,6.76698408253751
385,685.0,2.02538733355998,2.02587838144674,2.0285003762651197,2.0363373642232196,2.05512314499616,2.95771467945575,3.65343462334135,4.82299020937057,6.77548523191651
386,686.0,2.02519324555397,2.02568331263139,2.02830434647351,2.03611301201134,2.05485217036865,2.95792364705726,3.65396050277799,4.82085678558051,6.7747019553326
387,687.0,2.02511194376945,2.02557992201894,2.0281362589392797,2.03592465663738,2.0545848956137798,2.9577874485844697,3.65549324047425,4.8187151535904,6.7707376734258595
388,688.0,2.02505733405984,2.02549975696057,2.02800102340281,2.03566155087575,2.05434608916118,2.95616144562717,3.65284534740503,4.82569875840833,6.76968697379902
389,689.0,2.02390268627926,2.02440318140499,2.02714877949468,2.0353319398246703,2.05411952601261,2.9565323322609998,3.64933605688307,4.8219930284976895,6.76731399582577
390,690.0,2.02369922453798,2.02414918380342,2.0268003746740497,2.03507046597078,2.0539978588216,2.95645885321209,3.65285069884313,4.8213895853819295,6.7733836090153
391,691.0,2.02358411974906,2.02397653048411,2.02652824772149,2.03479551786296,2.05370426904186,2.95629935583323,3.65364379525193,4.8240839374287,6.77448260775078
392,692.0,2.02337483457364,2.02374366298541,2.02624052669107,2.03448257572725,2.05340358988046,2.95598911144305,3.6521549532541995,4.81857758784582,6.777255356992031
393,693.0,2.023280399888,2.02361184441149,2.0260248693980203,2.03424005647264,2.05314353321418,2.9557724757142303,3.64859129685675,4.81399359272383,6.7754783668735
394,694.0,2.0232065059695303,2.0235020300399498,2.02584684710204,2.0340878622353,2.0529189974959903,2.95296419445835,3.6510916189221603,4.82041464874325,6.76750674380362
395,695.0,2.02267347676754,2.02302409709021,2.02548632988296,2.03378710003942,2.05274115456044,2.9550428761431,3.64762139534214,4.81942428971724,6.77321516743106
396,696.0,2.02252056634426,2.02283247527554,2.02521689552851,2.03352601792924,2.05249205353781,2.9530785519747,3.64937858255803,4.82064106156453,6.777738270571359
397,697.0,2.02241500270888,2.02269764968715,2.02499970936849,2.03326128344945,2.05228164902478,2.9538139622651003,3.65106891628885,4.82166699835564,6.77103161237798
398,698.0,2.0222431401968,2.02253053376674,2.0247825252771303,2.03303441267497,2.05194994882419,2.95310273639392,3.65121494071949,4.82106556753451,6.772911656959719
399,699.0,2.02214969931542,2.02239759850502,2.024612547113,2.03281945679411,2.05179374258145,2.95117778514139,3.6502719248065705,4.8135487987652406,6.77636692382572
400,700.0,2.02206007845401,2.02227997535206,2.02441968155391,2.0326312624726404,2.05148724142387,2.95240274165859,3.6485354970016504,4.81321546268025,6.76025036694714
401,701.0,2.02200849361419,2.02220413033515,2.02426997116804,2.03238281194791,2.05136668203957,2.95334257760327,3.64845042218668,4.81521944410735,6.770377167735241
402,702.0,2.01976948605328,2.02082271805331,2.02398088568411,2.03213368851579,2.0510351278834,2.95169410193674,3.6477399923842397,4.81606131608765,6.76860444362722
403,703.0,2.01944895434379,2.0205212472461103,2.02377810751199,2.03191728359013,2.05094845850765,2.95103224314898,3.6493435318795,4.82148264729138,6.761767457014691
404,704.0,2.0192700356651097,2.0203310611166,2.0236230065822602,2.03168120709061,2.05071035868451,2.95014936574818,3.65066797473607,4.81352757087173,6.76610656283619
405,705.0,2.0190304316394,2.0201030957199597,2.02341845595836,2.03146501445136,2.0503725384898397,2.95252651289161,3.6474239173321896,4.8136574897756805,6.76201061882618
406,706.0,2.01892299635931,2.0199574633180997,2.02327765096612,2.03125069407969,2.05015461553037,2.95070973789291,3.64626383274551,4.8161754596263995,6.76015303122075
407,707.0,2.01881321213692,2.01982110994197,2.0231217296592803,2.03103544863313,2.04997903512381,2.95080875621326,3.64596529514715,4.8144190983599895,6.772502614160721
408,708.0,2.0183799269665,2.0194502559136502,2.02288653638921,2.03090307118743,2.04971173766963,2.9500000911248803,3.6473359132258203,4.81270094349486,6.76943634420111
409,709.0,2.0181139605760503,2.01916177570708,2.0226300392892202,2.03058575841411,2.0493762621771503,2.95180939943622,3.6431215268993697,4.8148553538369905,6.764907698076859
410,710.0,2.01799382975064,2.0190167350988797,2.0224458375353302,2.03041796918399,2.04923848748877,2.9497776331391097,3.64627127535557,4.81376331000234,6.7661850617418
411,711.0,2.01790885117053,2.0188932155445203,2.02227092374675,2.0301842013019997,2.04900990961715,2.94990347724035,3.64689529979638,4.81737468318743,6.768138022921601
412,712.0,2.0177239301443097,2.01871405158117,2.02209952795244,2.03002410668618,2.04880078872218,2.948827107416,3.64607848408548,4.81175198792889,6.76281460605384
413,713.0,2.0176431306056597,2.01860317885801,2.0219605746775797,2.02977380617596,2.0485670056305803,2.9484882452104197,3.6473897119858303,4.8128204136726405,6.759683140852479
414,714.0,2.01755480258464,2.01849321021586,2.02180214981734,2.02960580068454,2.04829443437196,2.95168246122375,3.64253841339163,4.80300638385769,6.7619168183306195
415,715.0,2.01672350745201,2.01774485206268,2.02129436146318,2.02938658259026,2.04807758495174,2.9487543778137297,3.64217182747777,4.8121702824972505,6.7457747630394
416,716.0,2.01630597751997,2.01726315615624,2.02078978599309,2.02904729015938,2.0478576774328903,2.94742008556164,3.64248461537528,4.81289892272865,6.76874483490474
417,717.0,2.01613431795798,2.0170313084945,2.0204885401368102,2.0287835572879698,2.0476414518032198,2.94771682420475,3.6423680412428396,4.81486283356901,6.76152489602882
418,718.0,2.0160312873601898,2.0168808343131,2.02023341860175,2.02852728478424,2.04745232018902,2.94740149765033,3.6407109585803896,4.81131524394033,6.7659596093956305
419,719.0,2.0158274997998,2.01666679216325,2.02000786823406,2.02831378719471,2.04712367925383,2.94844364721896,3.6439579282196197,4.8137189742255,6.7578896280123795
420,720.0,2.01574596092701,2.01654114154726,2.0197906464174302,2.02809984838329,2.04705730384513,2.94651396463429,3.6409507067850697,4.81289282560087,6.76742567681856
421,721.0,2.01566242578029,2.01641807656288,2.01957849911674,2.0278622458450397,2.04671683756187,2.94668289131121,3.64380893066069,4.81045108201131,6.771321431851381
422,722.0,2.0156047487203,2.01632699643597,2.01939495638832,2.02764221999198,2.0465245886076198,2.94794490050301,3.64478016343004,4.80891458591222,6.75794323235778
423,723.0,2.01501131680011,2.01580788120999,2.01904796366542,2.02738227114789,2.04642383311353,2.9468137717342002,3.6424956594891795,4.80724831697875,6.756849965474281
424,724.0,2.01489240055084,2.01564101749286,2.01884857977442,2.02717053765133,2.0462286452014,2.94702884886078,3.64163220125688,4.80275017236024,6.759929033535251
425,725.0,2.01480609298721,2.01552975980415,2.0186543640147803,2.02692873609624,2.04594509193226,2.94530762643683,3.64078430094821,4.80760983068803,6.76255559822805
426,726.0,2.01464663059711,2.01535971511229,2.01846340900138,2.02676524084992,2.04574553233534,2.94555301466947,3.6417162203365905,4.80851779602188,6.7524051593501095
427,727.0,2.01456836476325,2.01525341013781,2.0183011525087,2.0265289822787,2.0455684103641603,2.9452371371742303,3.6432908094422802,4.80647161718886,6.746883876798861
428,728.0,2.0144868144471197,2.01514893701896,2.01813696683794,2.02633387697152,2.04531350305788,2.94493509915005,3.64050026363153,4.80847819113768,6.755357584271859
429,729.0,2.01443570837974,2.01506322137825,2.01798369912281,2.0261524751540203,2.0450100577794,2.9456425107231303,3.63897718552006,4.80439406437855,6.76384677864238
430,730.0,2.01440495250821,2.0149972737744397,2.01786743014119,2.02597348113395,2.04487934384085,2.94556445110589,3.6382241447965598,4.80217620347151,6.75855190296107
431,731.0,2.01436294333301,2.0149379607409204,2.0177407066464403,2.025796672469,2.04474860785603,2.94455740733947,3.6394088320555102,4.8069206566962395,6.757207494732639
432,732.0,2.01430705034174,2.01486404162831,2.01762284747771,2.02562357171922,2.04440120946988,2.9440349862013,3.63876278944704,4.80655573185952,6.7550857249579295
433,733.0,2.0142698916912,2.01479504842683,2.01751859693787,2.02545193200409,2.04435711746811,2.94079682688536,3.63851771427001,4.80385030562644,6.7553829187670695
434,734.0,2.01410776186473,2.01465011879503,2.01733850834667,2.0252897973828,2.0441371054649298,2.94499955102819,3.6391182961481596,4.80718544954908,6.74651303537385
435,735.0,2.0140638527475203,2.01457389535605,2.0172109987273803,2.02508123903088,2.04392850984931,2.9418522764599797,3.6395771342091203,4.80617610336002,6.7575225886471495
436,736.0,2.0140011802911704,2.0144971355300303,2.0171100158721202,2.02495113978348,2.04369442360475,2.94367678561629,3.63862217086525,4.8029274966821,6.75587206787532
437,737.0,2.0139619424436197,2.01443787938393,2.01698252882957,2.02478568104282,2.0435103669967503,2.94417094788588,3.63643448073631,4.80505265325903,6.75110961181055
438,738.0,2.01340424063764,2.01396174375563,2.01668167648427,2.0245524313312,2.04319621782787,2.94316593735171,3.64004179722508,4.80491444141268,6.757314325171521
439,739.0,2.01331309330314,2.01384054267331,2.01653444389812,2.02442923537045,2.0431550650000503,2.9405373769852297,3.6375981035378704,4.80337225155439,6.75082190276263
440,740.0,2.0132227020502,2.0137300221838,2.01638812512196,2.02420546872876,2.0428089208394202,2.94186934181833,3.6360207873186,4.80370944851627,6.76501221969872
441,741.0,2.01317353317737,2.01365405916161,2.01625111731886,2.02402808951511,2.04268308426141,2.94412605293728,3.6351315857537,4.8016509615696,6.7562393870648
442,742.0,2.01299495286941,2.01348694384023,2.0161075664680403,2.02391558426916,2.0425605040367603,2.94266027224808,3.63313629785589,4.80939568603616,6.75467914731176
443,743.0,2.01295062441825,2.0134165018536097,2.0159896759185902,2.02374903412871,2.04245116203799,2.94366611461937,3.6358731976615197,4.80124348578192,6.74786972074425
444,744.0,2.01287626001685,2.01333850625455,2.01584380347281,2.02354198210798,2.04225174457021,2.94267318425457,3.6354231278936298,4.80385778645556,6.74686729216668
445,745.0,2.0128354967888398,2.0132646792896,2.01576684896275,2.02335931451544,2.04212280784547,2.9392315153953597,3.6373670413834,4.8043312436476295,6.75752053488884
446,746.0,2.01168592826351,2.01219581347741,2.0149351241171303,2.02308715695925,2.04177811324223,2.94119628739459,3.63353590205432,4.80382450132248,6.74541377797275
447,747.0,2.01153356893062,2.01198598060384,2.01465457382053,2.02285860008522,2.04160624089613,2.94015101688373,3.6344079959055398,4.8051529052996,6.75430686000045
448,748.0,2.01141293041706,2.01182101526856,2.01441674806624,2.02259908692054,2.04131746463403,2.94054742199406,3.63353121386813,4.80183171260952,6.7486855385377895
449,749.0,2.01133726963996,2.01171135554723,2.01421103501655,2.02241877735108,2.04123306032791,2.9390177731095797,3.6334470131479204,4.8037599541869005,6.74793771797046
450,750.0,2.0111486697752,2.0115149839431,2.01400562021099,2.02217054175473,2.04108730523176,2.93941423604991,3.63382452909499,4.8002277679041905,6.753956226388361
451,751.0,2.0110793929629,2.01142953377962,2.01383616315387,2.02204844141081,2.04096983135975,2.94037075229305,3.63205180186843,4.79916633829455,6.761366791083661
452,752.0,2.01100432891845,2.0113061682146003,2.01367080736607,2.0218379542447598,2.0407004074603297,2.94093262900598,3.6307844835394896,4.79795720843644,6.748860446768989
453,753.0,2.0109588127016997,2.01124913161732,2.01350480782277,2.0216665643535503,2.0405078711919398,2.93786150440657,3.63404874366205,4.79813299677865,6.7418411381834105
454,754.0,2.01040289237014,2.01075935848169,2.01320138670317,2.0214970111928796,2.0403491619516103,2.93876161496341,3.62969733648039,4.79744928765026,6.75382667347192
455,755.0,2.0102989332981402,2.0106120801765397,2.01299866155646,2.02125660771764,2.04025696226805,2.93917628728905,3.63220134441796,4.80396533283246,6.742018213754419
456,756.0,2.01021044681482,2.010504187477,2.01283778772354,2.02109655402004,2.04005029354617,2.93931569957872,3.6322812773057196,4.79743090966148,6.753548665589559
457,757.0,2.01013905169963,2.01041087362989,2.01266871025487,2.02094790535382,2.0397878916818604,2.93857869561724,3.63023312426414,4.79731273907003,6.75188691635001
458,758.0,2.0099742071595,2.01024403042942,2.0124928786255403,2.02071970481574,2.03962977670989,2.93766223046919,3.6293199469327,4.79590775917759,6.74915368460305
459,759.0,2.00991287895664,2.0101621886927603,2.01236249354332,2.02056068835482,2.03948249235972,2.93784248407781,3.63287272684965,4.79688846872029,6.745854297951601
460,760.0,2.00984877793155,2.0100663623988604,2.0122022705346296,2.0203439262215,2.0392362982667898,2.93805711469957,3.63460738312974,4.79467543232031,6.74588162960074
461,761.0,2.0097962850321003,2.01000438663363,2.01209392190165,2.0201739776141903,2.03909421695396,2.93697822101386,3.6310685377719802,4.798213605858661,6.7495186255238
462,762.0,2.0080101394616,2.00895693078227,2.01188905278146,2.02000629233792,2.0387413292434,2.93802371895909,3.6313763816948903,4.79994978801989,6.73744102246155
463,763.0,2.0075010340467,2.00855643445663,2.01170224493294,2.01979324625283,2.0387047789555,2.93646637375885,3.6308980889866995,4.79924892609072,6.75087863451167
464,764.0,2.0072597176399,2.00833485030718,2.01158895100727,2.01969002182632,2.0386192294247403,2.93524149447707,3.6306704428850605,4.79898667753832,6.740743661793499
465,765.0,2.00711501867994,2.0081775942996103,2.01143812016583,2.0195015487723,2.03829271073602,2.9370743978844898,3.6306515658643996,4.79000957435425,6.746562333767581
466,766.0,2.00698257199861,2.0080571247052403,2.0113350875671903,2.01933385309502,2.03821310505867,2.9351178167738903,3.6281212158264498,4.79722094821138,6.7475602804156
467,767.0,2.00680257570967,2.0078587199948696,2.01117462879866,2.0191337398421,2.03794479218497,2.93461973533071,3.63053095300691,4.79187331529287,6.74078837507916
468,768.0,2.00671815247312,2.00777202472537,2.01104528808593,2.01901781099289,2.03782462751045,2.93666769755706,3.6314739244830703,4.7968431516041,6.74402327048033
469,769.0,2.0066243698243,2.00764786295183,2.0109286954674803,2.0188236075080903,2.03778429777175,2.93536381587162,3.63061712289601,4.7918789552753704,6.74477892345553
470,770.0,2.00656328835561,2.00757210058644,2.01082073527425,2.01869315254986,2.03744391418248,2.93517366347266,3.6289988265007698,4.79409908941024,6.737777564862831
471,771.0,2.00603591264635,2.00710600176975,2.01055859230235,2.01847913102768,2.03737911705151,2.93545394345242,3.6259772970746202,4.78769329506196,6.73808804477658
472,772.0,2.0058992592811498,2.0069528186794297,2.01039910243563,2.01837330731637,2.0370977138631,2.93342848643912,3.62730191491665,4.7956022788573,6.74083007677179
473,773.0,2.00580491772629,2.0068327055059303,2.01026568959727,2.01814963942281,2.03691985334157,2.93405197285087,3.62825502247046,4.79762275933297,6.74203719290075
474,774.0,2.0057379131555497,2.00673016222119,2.01013030649647,2.01805543629936,2.03678503088727,2.93484107488486,3.6305295170201903,4.79573839532574,6.741530579381901
475,775.0,2.00560045144557,2.0066023535721,2.00999640499167,2.0178453471776,2.0365819931905698,2.93466478636581,3.62831407322278,4.79135899668559,6.74404264824139
476,776.0,2.00550739116668,2.0064808428514698,2.00985764746293,2.01771055025719,2.03634484632574,2.9352186315076403,3.6286481123536802,4.79451545241707,6.73790064199604
477,777.0,2.00544994563497,2.00640697651654,2.00976162822693,2.01757397125698,2.03625377954989,2.93330095628341,3.62786428801883,4.79396227940134,6.74825996807413
478,778.0,2.00537997363433,2.0063076904307997,2.00964192195087,2.01736143007278,2.03611030226163,2.93454245439022,3.62773024590984,4.79241709835659,6.74134287914345
479,779.0,2.00533792610168,2.0062491512250102,2.00954097970277,2.01725446577332,2.03594286956004,2.93495750052044,3.62303230423675,4.7881455822165995,6.73655682241143
480,780.0,2.00434165180847,2.0053366094861103,2.00891692977845,2.0170186522983,2.03579366704747,2.93394516797727,3.62469650080762,4.7881149508137195,6.7473579163947095
481,781.0,2.00409277757965,2.00505552829615,2.00856503972411,2.01680546801947,2.03560451742298,2.9342027642237,3.6268599429477,4.79252828844003,6.7416232648164005
482,782.0,2.00395572617054,2.00487153445519,2.00833964229375,2.01662027914784,2.0354763075672,2.93379752828311,3.6264278374251897,4.79477680901922,6.736355289712451
483,783.0,2.0038668551206498,2.00473428416699,2.00814926324784,2.01639283223114,2.0352552404429702,2.9336357541982,3.62859585340647,4.7949287712274105,6.7346453848955194
484,784.0,2.00380138462521,2.0046435128644102,2.0079728105664203,2.01618256063796,2.03501050423569,2.93517207469604,3.62724829652123,4.79107896055011,6.736122993961249
485,785.0,2.00362011509276,2.00446141647361,2.00775051474608,2.01603647182583,2.03485059408992,2.93249259371692,3.62627206386998,4.79335372681776,6.7456974046706195
486,786.0,2.00355387060642,2.00435490876287,2.00761179419644,2.0158860793951803,2.03468380583971,2.93023346377871,3.6240514116713705,4.79152862790469,6.736785768721621
487,787.0,2.00348223233222,2.00425927145928,2.00744313055984,2.01571666069515,2.034519849414,2.93080448461081,3.6240348668727003,4.78979688711408,6.73044336401419
488,788.0,2.00343140768744,2.00417309191748,2.00732565000318,2.01557120630294,2.03438522536717,2.93190005328748,3.62404794244626,4.79203142249165,6.73550084396535
489,789.0,2.00309420268535,2.0038818908818,2.00709714609757,2.01536174034997,2.03415990005284,2.93169716566,3.6227899728094197,4.79310377594511,6.73906930431807
490,790.0,2.00283290817663,2.00362527393288,2.00686627159826,2.0151653601441497,2.03406554938033,2.9317517630582604,3.62618198356693,4.79373704790817,6.74386770814536
491,791.0,2.00273732145242,2.0035038060989203,2.00669979563057,2.0150447079584,2.0339846652299096,2.93051828681333,3.62503924697004,4.79020830465238,6.7297673801572895
492,792.0,2.0026542666912,2.00338132337182,2.00654675741791,2.01482284412644,2.0336846066948002,2.93056050125798,3.62129803605731,4.79436837216569,6.74134564024051
493,793.0,2.00260406143106,2.00331144180968,2.00643045393787,2.01466724986359,2.03358159660548,2.93035192780205,3.6256739008455505,4.79381622788654,6.74408125304579
494,794.0,2.0024590151309902,2.00316861076951,2.00627659876868,2.014527825303,2.03343200685456,2.93159940175944,3.6247226742303,4.79133800691291,6.73596862433236
495,795.0,2.00238422956317,2.00308116101101,2.00611428711637,2.01439599157907,2.0332862502660602,2.92996561743719,3.62438163343295,4.79017265333281,6.73133045843141
496,796.0,2.00233604836463,2.00300023552775,2.00601923832371,2.01426318543851,2.03312639214023,2.92944303899519,3.6227828161568296,4.787934977400861,6.72502528286343
497,797.0,2.00227502598762,2.00292311744168,2.00589675950557,2.01410942450873,2.03291323961019,2.929829510797,3.6216743634253703,4.78771707902234,6.739912139507009
498,798.0,2.0022358095884303,2.00286427914015,2.00578845393843,2.01390155006721,2.0327061094470302,2.9302230706048102,3.62313423443203,4.789875714068669,6.73729184843469
499,799.0,2.00220667811036,2.00280397981591,2.00569927016235,2.01377344104014,2.03265350324809,2.93065203887335,3.6253233048303004,4.78624003608468,6.73092292010747
500,800.0,2.00217649241127,2.00275951054468,2.00559489199221,2.01363104021139,2.03241976723112,2.9303453149937,3.62654807605259,4.788221022570871,6.730776462024631
501,801.0,2.00214993307143,2.0027170789822897,2.0054875016164,2.0134958501826903,2.0323357060216303,2.93025861799996,3.6223034082246897,4.78733131997427,6.72800876527689
502,802.0,2.00210166227817,2.00265731374695,2.00539463474601,2.0134024069435803,2.03212472825236,2.92794042955366,3.6202560685893506,4.788664871687621,6.73101179930167
503,803.0,2.00207488739974,2.0026058879665998,2.00531780577376,2.01326282552815,2.0319190486382603,2.92995176093326,3.6222235787329202,4.78801733707291,6.73263493663845
504,804.0,2.00194718439579,2.00249385709315,2.0051934014953603,2.0131177288632798,2.0319111381910697,2.9296913441465198,3.62136837492547,4.7877349757350895,6.734267262395929
505,805.0,2.00189604269191,2.00242041945606,2.00511434073075,2.0130087984032903,2.03171208332777,2.9293821714814703,3.6194758410474197,4.7861978114102,6.73185098148314
506,806.0,2.00185717227458,2.00237066599465,2.0050010199964,2.01283557985983,2.03158336927965,2.92774010183382,3.62043450957788,4.78764832189669,6.7322013609142
507,807.0,2.00180065236091,2.00230795951932,2.00491647517085,2.01279894832372,2.03142043882943,2.93031570074325,3.62144709051698,4.79088656394397,6.72987246958827
508,808.0,2.00176860380172,2.00225369613394,2.00483348884917,2.01266880299448,2.03127479631044,2.92605037844115,3.62403419079501,4.78343547791475,6.731311009418869
509,809.0,2.0014216207765,2.00196419259011,2.00468563016653,2.0124632557429303,2.03116467769145,2.92754140882762,3.6233544872486,4.78815545509094,6.73062576145762
510,810.0,2.00119699542261,2.0017590693846303,2.00446976519487,2.0123013252198603,2.03104797374643,2.92890279226042,3.62329818875202,4.7881114200104,6.74093227885067
511,811.0,2.0011185689955897,2.00165063623487,2.00433340728357,2.0121693843945803,2.03088206758461,2.92769132431978,3.62058621950335,4.7903669828115,6.72634814992426
512,812.0,2.00104056340642,2.00156055747903,2.00425257182642,2.01205534937158,2.03059315159469,2.9276911817535702,3.61880105950469,4.78878521795431,6.72790075858282
513,813.0,2.00099624318517,2.00149448647275,2.00416592230945,2.01190062193796,2.03056654588058,2.92751956816772,3.62054244347382,4.78788580059139,6.72223733756169
514,814.0,2.00096443555355,2.0014507404696102,2.0040297539800402,2.0118054948449102,2.03045196879357,2.92874236577562,3.61930044128745,4.7833797570534,6.726228186317989
515,815.0,2.00080591526031,2.00130593949034,2.0039099738568,2.0116532078839797,2.03023019121997,2.92781017446443,3.6196057293314396,4.7871268781803495,6.737257371881129
516,816.0,2.0007574756860698,2.0012327293641796,2.0038298519536797,2.0115716741845002,2.0302000944253,2.9262792285329597,3.6158762824973,4.7827701227758,6.72946990879746
517,817.0,2.00070739635005,2.0011757991090398,2.00371654170565,2.01145667333826,2.03004890036657,2.92588276774659,3.62011767472913,4.78481114062909,6.72926443922901
518,818.0,2.0006686237811997,2.00111596526205,2.00362211058735,2.0112755984168498,2.0298662149090303,2.92678691522236,3.61822873049965,4.78009770422959,6.73125803041597
519,819.0,2.0006412940502103,2.00106862878948,2.0035631023921,2.01123630085513,2.02974459872581,2.9262545520531003,3.62046555954003,4.78691136730639,6.73244247315032
520,820.0,1.9996579842969702,2.00019585125185,2.0029661687497002,2.01098386650569,2.02956070897467,2.9262977829392,3.62105807919018,4.782389879812761,6.72841092929625
521,821.0,1.9994287291288297,1.9999359607029699,2.00267098543494,2.0107172911629,2.02945297899134,2.92543126532817,3.6171374695585996,4.783894877770909,6.72659052142156
522,822.0,1.99932376031428,1.9997756031855898,2.00242327518761,2.01059711514562,2.02932599341347,2.92506736564412,3.61877851365087,4.78462680334178,6.72596441108668
523,823.0,1.9992157415270801,1.9996600415363899,2.00227077870816,2.01044410896785,2.02918924042247,2.92516533255567,3.6164760851697,4.78020615371745,6.72305077463444
524,824.0,1.99915698039531,1.99955936775356,2.0021277297962397,2.01031519877538,2.02908430264294,2.9279117699329698,3.61905910181216,4.78179439396727,6.73497949219271
525,825.0,1.99903323611207,1.99942863555848,2.00194559222422,2.01009809939637,2.02885765739977,2.9260040434536503,3.61602566806273,4.78648359970813,6.7290926061179395
526,826.0,1.99892939864918,1.99930888300798,2.00179732973314,2.00997668209262,2.02879287853166,2.9247818019493397,3.6148886228749495,4.77772414090661,6.73028285830104
527,827.0,1.99887873350568,1.9992274992816101,2.00165076090917,2.00983971085846,2.02856568204313,2.92494486651122,3.6155415596203797,4.7804322055531605,6.72649816247234
528,828.0,1.9988206477083201,1.99915247670635,2.00153604063689,2.009712863788,2.02856322775967,2.9246073563462103,3.61766886638235,4.7833419949471,6.72166302872039
529,829.0,1.9987769037596799,1.9990910911113002,2.00141784091889,2.0095837989807097,2.02830400450788,2.9256249076005,3.61771653646584,4.78148741865567,6.722979317085071
530,830.0,1.99873715831749,1.99903293509967,2.0013219598468304,2.00943483068943,2.02814919961206,2.9238299580449203,3.61805520428325,4.7842936513869,6.726082418674779
531,831.0,1.99826347560733,1.9986232109408801,2.00104527374953,2.00925258828736,2.02811445853076,2.92488360574729,3.6136368355516297,4.78403309834972,6.72602695642104
532,832.0,1.9981410227812801,1.99849069958552,2.00087440666481,2.00911977604888,2.0279874381035503,2.92521752575729,3.61498657699888,4.77944729882329,6.7270952161729305
533,833.0,1.9980677432008,1.99837812843248,2.00077834112867,2.00899063254967,2.02784666788317,2.92418623871393,3.61609769102018,4.78046592924799,6.72885312356073
534,834.0,1.9980010123491199,1.9982883986752398,2.00060745289474,2.00888154700994,2.02763264329321,2.92520647133113,3.61544319378072,4.78510148815857,6.73138384113507
535,835.0,1.9979476511687002,1.9982258596636298,2.00053436096385,2.00873504286073,2.02756635762192,2.92356507998071,3.6157416746026803,4.78052845831131,6.717703064620769
536,836.0,1.99791177895069,1.9981737540304598,2.00040484520904,2.00852891062423,2.02738369750902,2.92180776185244,3.61849729834059,4.782806581206709,6.71817845636848
537,837.0,1.99775238569825,1.99801958620883,2.00028726860657,2.00845895127207,2.0272232232891,2.9228366317578502,3.6164006734002303,4.77895287617091,6.71652405297765
538,838.0,1.99770266282446,1.9979428917504798,2.00016800884604,2.0083627430055198,2.02706573986597,2.92115451515736,3.612901327899,4.78236569223767,6.722961873035691
539,839.0,1.9976732433751199,1.9978930386215399,2.00004531542733,2.00816908719539,2.02713098837211,2.9228741481122498,3.61709232450043,4.77977093699257,6.722327336214939
540,840.0,1.99761249711066,1.9978217189222498,1.99997953553646,2.00806656529083,2.0268981072504,2.9234100072788,3.6160975275672897,4.77597492473004,6.727536486336961
541,841.0,1.9975786356579501,1.9977849206104799,1.99985279829576,2.00793342948369,2.0267823451612097,2.9223486913874703,3.6161552111982296,4.7797718255558,6.72666703129345
542,842.0,1.99755143119096,1.99772771035805,1.9997632801692902,2.00786911643706,2.02661813280731,2.92325126179,3.61606846161689,4.7733666100243095,6.71372446323204
543,843.0,1.99553806432001,1.99653537317514,1.99958923687189,2.00765774978324,2.02652000004164,2.92202053126422,3.61397244526883,4.7819387746692605,6.724441285619511
544,844.0,1.99526233792305,1.99632010726332,1.9994590803477899,2.0075279834032003,2.02643962931223,2.922837295009,3.61402895316444,4.77928931278977,6.71958605657583
545,845.0,1.99509210677966,1.9961605059389,1.9993674425691301,2.00741990032009,2.02624125869683,2.92231670827902,3.6134752091049203,4.77537569202408,6.72003564592553
546,846.0,1.99497492573335,1.99603183884769,1.9992609843075202,2.00727096150703,2.02613858903758,2.92232921494189,3.61341120880059,4.78210177170103,6.720134671055519
547,847.0,1.99488310348987,1.9959319528557298,1.99917028787583,2.00720921980179,2.0259079425618,2.91931507809832,3.6149811241109804,4.77140747685916,6.7284948474992
548,848.0,1.99474317178726,1.99580378722995,1.9990820943728,2.00708501015193,2.02584379515498,2.92101446043783,3.61151895547024,4.77975404982492,6.72699002920519
549,849.0,1.99462980862781,1.99568727141432,1.9989745409443898,2.0069135742351403,2.02570449789054,2.9205087033064103,3.61264912235457,4.77847853896142,6.71819088140949
550,850.0,1.99455887155532,1.9955981103301002,1.9988851783420798,2.00679712954275,2.02559548534043,2.92169007360395,3.61347095787841,4.77731243271231,6.7292011945510195
551,851.0,1.99449029164314,1.99552656611241,1.99881219260543,2.00667211436815,2.0253841939561,2.91893490990623,3.61555915677743,4.77205145927267,6.7172192672817905
552,852.0,1.9944326210882501,1.9954511304564702,1.99872194734327,2.00657340214773,2.02528269796669,2.92031142677459,3.6130528043366903,4.772681977843949,6.7245940093276
553,853.0,1.99438713954724,1.9953932025931698,1.99865335747376,2.00650877680145,2.02521224381253,2.92043626138679,3.60966133668655,4.77831352660525,6.728067233876881
554,854.0,1.99435298811942,1.99533682595863,1.9985543565303001,2.00638842488378,2.02502240096777,2.92045815351428,3.6111278956525896,4.77977702287798,6.7250158822808395
555,855.0,1.9938184255123101,1.99487747998312,1.9982989666670499,2.00622213369831,2.0249884227421098,2.91810624140258,3.61273957704696,4.77454935273183,6.721498658216831
556,856.0,1.9937193099737098,1.99476527083963,1.99818300075233,2.0060709962055,2.0247281008694302,2.91942431878736,3.6113552937020503,4.78077163799973,6.719774590410291
557,857.0,1.9936676332674899,1.99468174849823,1.99809316410385,2.0059941827118397,2.02470989404357,2.9209989805174903,3.61197211406845,4.77262793721463,6.72281545088896
558,858.0,1.99358931162133,1.9945995540581603,1.9979955645907599,2.00583712107315,2.0245842854198,2.91946165557075,3.6106733711213796,4.77464065940175,6.7247918536727305
559,859.0,1.99354266926236,1.9945354207970198,1.9979239398699202,2.00576788631752,2.02451697657331,2.92071714183259,3.6107255481506604,4.77739426893787,6.7212762710017095
560,860.0,1.99350363904237,1.99446899151131,1.9978237412244,2.00569627376087,2.02423955884538,2.91936283029057,3.6132723899835697,4.773342021767981,6.72823862158339
561,861.0,1.993348616397,1.99431387509107,1.99771699880659,2.00549312900304,2.0240744521353298,2.91817211007718,3.61099232973717,4.77360305712521,6.72813580901371
562,862.0,1.9933004001378998,1.99426665105745,1.99759814237654,2.0054211550787002,2.02396585237421,2.91870802690917,3.61080905545745,4.78010022217743,6.71634551340909
563,863.0,1.9932597049474698,1.99420737352632,1.9975242662265797,2.00532769572585,2.02390352652929,2.91733265804573,3.61287446077642,4.77246676589921,6.71574132386213
564,864.0,1.9931988037109298,1.99413094565346,1.9974423702821102,2.0051578247751998,2.02384924531467,2.91877274722475,3.6063403790716,4.76945028023077,6.72118776166187
565,865.0,1.99317146933078,1.99408257680051,1.9973875036243298,2.00507846524827,2.02364504620321,2.91972930720346,3.6095284293625496,4.77632662135185,6.71757617564369
566,866.0,1.9931402779683398,1.99403671290799,1.99731159109175,2.00501475321128,2.02360713205151,2.92067138165822,3.6098303333298296,4.77701748000178,6.71791129829101
567,867.0,1.99222066245079,1.99324357792288,1.99677130442746,2.00484233752563,2.02341469659507,2.91992098661828,3.60738347291545,4.7742087485027405,6.71970794699918
568,868.0,1.9919800151247498,1.9929591491665601,1.99648806572295,2.00460002172701,2.02322210215367,2.91821764678135,3.60900428031831,4.77650047865295,6.71423223305922
569,869.0,1.99186123578809,1.9928022126562799,1.99630255167186,2.00444004925712,2.02318180994875,2.91865379978455,3.60816902001733,4.77154459266588,6.714368466684779
570,870.0,1.9917538237787702,1.99266783775165,1.9961367582395602,2.00431478110887,2.02308880289234,2.91763838838171,3.61191147951493,4.773277767622839,6.7194309773686305
571,871.0,1.9916847603559398,1.99256746523082,1.9959836800158,2.00418275144286,2.0228664518706503,2.9187682641612303,3.6100672254784,4.77027078855298,6.714169586774239
572,872.0,1.9916351051524201,1.9924900251857902,1.99584653866812,2.00408069896549,2.0228117742907203,2.91680119092958,3.61165389376152,4.76785680234963,6.71731062357286
573,873.0,1.99159754743203,1.9924221235290098,1.99571893438696,2.00394560513161,2.02268275976963,2.91793237060029,3.6070020843290704,4.77042139485888,6.71702206990569
574,874.0,1.99142423082962,1.9922606105156198,1.99554687153287,2.00382414851672,2.02251267375983,2.9187930119383103,3.61112799331564,4.77103595769871,6.72096776175303
575,875.0,1.9913766639947799,1.99219371314048,1.995447290349,2.00368169526383,2.02243800423108,2.9148155465193,3.61016913437293,4.7684525932773,6.717814386180219
576,876.0,1.9913365016221998,1.9921390610445198,1.9953400461219202,2.00360760779939,2.02232325503081,2.91680492723248,3.61040521678915,4.77292910706568,6.71447295905761
577,877.0,1.99127427439205,1.99206064309179,1.99525286559239,2.00349515007771,2.02220782794207,2.9177502629392698,3.61325886100428,4.77067126962672,6.716905176083091
578,878.0,1.9912414340268798,1.99200293223038,1.99515009397566,2.00337951671108,2.02200129724554,2.91650872461432,3.6101803601184796,4.77438208117308,6.71230076387906
579,879.0,1.9912052055418399,1.9919367277260802,1.9950650551829399,2.0032448912553398,2.02198332331292,2.91711496351212,3.6085741864723997,4.77537009759331,6.71329074998442
580,880.0,1.99078246145248,1.99159591386988,1.99481539806425,2.0031277989983503,2.02187262487933,2.91658589038783,3.60877383388895,4.76699423675937,6.71649254877371
581,881.0,1.99064000278785,1.99143949358761,1.99468014487028,2.0029883092679004,2.02182463448569,2.9165927740151,3.60654936297219,4.77462046455694,6.71463542791009
582,882.0,1.9905634124752098,1.99134354227744,1.99454044614136,2.00281510292664,2.0216480066169,2.91619388707988,3.60678782166475,4.77088045478183,6.720518672133979
583,883.0,1.9905146770112199,1.99126759704947,1.9944176950775,2.0026833068080196,2.02144705808721,2.91906471630018,3.60590725790746,4.77445324937365,6.70875570373591
584,884.0,1.99044355169571,1.9911790662270001,1.9943384990245099,2.0025888395857,2.02144639056995,2.9156783581952497,3.6071721968314603,4.77090500852251,6.7115824457798094
585,885.0,1.9904074119839799,1.99112091246582,1.99424683398567,2.00244842794686,2.0213488306280203,2.91386200744286,3.60844407851435,4.77368694240339,6.70942399578308
586,886.0,1.99037555209361,1.99107015469968,1.99415493400804,2.00238750427514,2.02112417549043,2.91382908633518,3.60705927889291,4.77396032784329,6.71700704789096
587,887.0,1.9902343159019902,1.9909427958182901,1.9940224226515701,2.00226375165246,2.02103063341304,2.91622737857978,3.60735377170816,4.7662598339579,6.702090933325421
588,888.0,1.99018244007825,1.99087116029635,1.99392160122841,2.00209931200444,2.0209592211131,2.9141802556531498,3.60848344275942,4.76708534991834,6.7163520984303196
589,889.0,1.99014269731044,1.99082237192839,1.99385021695941,2.00201236689984,2.02078323714397,2.91502723500635,3.60533063015108,4.76882993100062,6.70348119484866
590,890.0,1.99010285676829,1.99075557294972,1.99376274855434,2.00194240457974,2.02067939383313,2.91404256740352,3.60541045420961,4.77156759623149,6.71412801469769
591,891.0,1.99006737573407,1.99070736247263,1.9936619696281799,2.00180784076489,2.02063987347595,2.9143108006074,3.60653763304464,4.7665167578038705,6.7179530601634605
592,892.0,1.99003499500751,1.99066436601132,1.9936026988662698,2.00176386032924,2.02047032862268,2.91668120843172,3.60218391703385,4.77411011539818,6.701306029705879
593,893.0,1.99000991573333,1.9906214913695999,1.99353588611856,2.00155912433154,2.02039644696898,2.91471710608135,3.6051814821123997,4.76980032891202,6.70898764737928
594,894.0,1.9899953907791499,1.9905906705021799,1.99346056082509,2.00147377124577,2.02027384277544,2.91435062072724,3.6064635205854603,4.76808481995184,6.718626695536351
595,895.0,1.98997747905254,1.9905635562974902,1.99337800164073,2.00143847352415,2.0202105134241197,2.91330485678054,3.60471171614686,4.7639859722786495,6.70462556728981
596,896.0,1.98995724604129,1.99052492128238,1.99331404134035,2.0013563377086,2.02005174123868,2.91363768173055,3.6037494906461798,4.7727149333951004,6.7136595662727006
597,897.0,1.9899282355412802,1.9904937403474,1.99325010203905,2.00125458156317,2.0199889753177698,2.91387702800044,3.60884936249777,4.77009542383942,6.71095560893947
598,898.0,1.98989704159833,1.99044215292632,1.99317877799123,2.00106912657544,2.01995885794125,2.91402831181958,3.60526476876223,4.768331975700979,6.7033842580830605
599,899.0,1.98987264875583,1.99041137843802,1.99310602097399,2.0010276206008997,2.01986438505612,2.91421592911612,3.60611566557949,4.76630771384732,6.714334888790729
600,900.0,1.98985453719124,1.990389633096,1.99306084807515,2.00095697281621,2.01964293226338,2.91334313654657,3.6052769193110903,4.76394593581166,6.712423982560541
601,901.0,1.98973496366962,1.99028198727145,1.99296811369098,2.00082908935137,2.01953082646913,2.91375494264066,3.6038910593255395,4.76846141612259,6.70222328270729
602,902.0,1.9896923584558,1.9902185727424901,1.99290206868723,2.00078320536985,2.01946010745018,2.91515885567767,3.6043232497090396,4.76913678449429,6.70492986092716
603,903.0,1.98966403036117,1.99018927162513,1.99283761352375,2.00067929796278,2.01939873190373,2.91408872778248,3.60448334880685,4.76433693988472,6.70661296412358
604,904.0,1.98964082706347,1.99015733304992,1.99274727850779,2.00053590683862,2.01930693310052,2.91237991349725,3.6051904323684902,4.77007573024248,6.70825155149698
605,905.0,1.98959602599665,1.99009995669834,1.99269420882351,2.00049680061079,2.01916823125667,2.91282169275255,3.6033869223660697,4.77134400830045,6.71514870041226
606,906.0,1.9895745729923202,1.99007243700139,1.99261156091913,2.00042113952785,2.01907050527185,2.91240658344281,3.60490131556652,4.766608976591,6.71092693811925
607,907.0,1.9895501504659598,1.99003297082819,1.9925877908550198,2.0003363210536502,2.0189036488197702,2.91168706664778,3.60439804045595,4.767526852753011,6.7179679795072405
608,908.0,1.98922835948467,1.9897812806949002,1.9924403233882,2.0002205576412297,2.01884767376556,2.91270963040059,3.6068409732442297,4.7646434216449,6.7095239784451195
609,909.0,1.9890295428775202,1.98957795827686,1.99230728377103,2.00009174764752,2.01870467967316,2.91343043026514,3.6036573378303003,4.76514706453215,6.7081742812951095
610,910.0,1.98895066563896,1.98949377229437,1.9922017628051298,2.00001659379526,2.01865767011605,2.91396162310875,3.60060791672132,4.76894770523831,6.7137339824086
611,911.0,1.9889017371416,1.98943642947524,1.99211307026296,1.9999384680841101,2.01854653041847,2.9122073061204503,3.6026909789436496,4.76485994059089,6.71291990412511
612,912.0,1.98884582468792,1.98936693879961,1.99202796935662,1.9998318435709899,2.01845606965348,2.91330452838744,3.60395361566487,4.76768673110297,6.707232667290509
613,913.0,1.9888134414196,1.9893200765468098,1.99195314098559,1.99974366812035,2.0183281423658097,2.9121540585787,3.60479100139774,4.7663588697765,6.70457553709754
614,914.0,1.98878306396007,1.9892705817624898,1.99190484163202,1.9995982859835,2.0181842268928802,2.9130169396139602,3.6011382621491297,4.76183473418988,6.711989627325619
615,915.0,1.9887543607711702,1.98923035229593,1.9918071267567499,1.9995886661581599,2.01815181987322,2.9120907732117898,3.60156374107962,4.76767264591716,6.7009863270576995
616,916.0,1.98862296845801,1.9891114672373902,1.9917315596044,1.9994453844848998,2.01801378407366,2.91233582989508,3.60199641082352,4.7666410868355,6.70773112725466
617,917.0,1.9885834431748801,1.9890649602588202,1.99165881890282,1.99935734999664,2.01794616120755,2.91202019479917,3.59952575067151,4.76226872456679,6.71167909591123
618,918.0,1.9885512895580297,1.9890165438640799,1.9915877485319902,1.9993110060352801,2.01787663284838,2.91231214729715,3.60427297838004,4.76101365205943,6.70840644783871
619,919.0,1.98852195141315,1.9889861435376102,1.9915406197145502,1.99924566679336,2.01772316313348,2.9121441098436702,3.6029973941002,4.7637939814521895,6.70247999026887
620,920.0,1.98847661662846,1.98892666891664,1.9914848979115398,1.9991369446434,2.01763974001333,2.91090444481354,3.6024591518091,4.77065053417701,6.70683649869691
621,921.0,1.9884589408498201,1.9888985467948002,1.99141074880957,1.99905550267584,2.01757749507911,2.9117358305958003,3.6016799404421795,4.76484471523528,6.700356379762471
622,922.0,1.98843110120296,1.98886172912828,1.99136805113814,1.9989639306537799,2.01749218964986,2.91142415082436,3.60168140495494,4.76072376007298,6.70706319545889
623,923.0,1.9884131683424102,1.9888355589009798,1.99128722886294,1.99894290483407,2.01731202443689,2.91226198313292,3.60149524785075,4.76659219701392,6.70339579054424
624,924.0,1.9874002666566501,1.98793300745636,1.9906851580053502,1.99868151723071,2.01725566744394,2.90958197367563,3.59599999765781,4.7640396077875,6.710663676392279
625,925.0,1.98724376829378,1.98775320211909,1.9904764626864297,1.99859086257442,2.01717021558024,2.90912974346699,3.60005599477803,4.76158365087863,6.70017369056632
626,926.0,1.98714822092056,1.9876269096985402,1.99033802539519,1.9984201320685397,2.01700559251345,2.91171888539809,3.6013691491004,4.76300784745905,6.70847305133557
627,927.0,1.9870900385934798,1.98754841343127,1.99018744122684,1.99836208017058,2.0169637165285597,2.91218375643305,3.5989201765349996,4.76696323582734,6.7018179921139
628,928.0,1.98700846265032,1.98744446462877,1.9900526492077801,1.9982342264745299,2.01689582106359,2.91010827339375,3.60196125728255,4.7585889822131895,6.706997181094899
629,929.0,1.9869573701526901,1.98738560057431,1.98994917381554,1.9981053396195099,2.01678489645868,2.91237127190064,3.60039265297055,4.76038327076453,6.70225510939667
630,930.0,1.98692025989219,1.98732357987575,1.98984455987326,1.99797600661814,2.0167936508230797,2.91372490430558,3.60170622819364,4.76350562880151,6.71441861213352
631,931.0,1.9868309227705,1.98723037633113,1.98974391316175,1.99789792012199,2.01646890211775,2.91172239483483,3.6012178939473802,4.76189998189974,6.7063042023494805
632,932.0,1.98673797211237,1.98712101807594,1.98961147623509,1.9977813129786401,2.0165160041332197,2.90857608140772,3.6013641608232603,4.76135026358589,6.69596092609092
633,933.0,1.98669359385967,1.98706467767059,1.98952110338807,1.9976842963982298,2.0164402291621997,2.91111098194606,3.60153650490073,4.76149233984639,6.70765597675694
634,934.0,1.98665426847934,1.98701505800187,1.98942752875313,1.99757940218448,2.01636004306376,2.90916173390522,3.5992051581383597,4.76256909907627,6.69045952200302
635,935.0,1.9866228042241099,1.98696703972145,1.98933118691518,1.9975350034497599,2.01611991170682,2.91140128440298,3.60068964475197,4.75807793952664,6.70830539175467
636,936.0,1.98657736635096,1.9868993269920299,1.98927229383885,1.99739784296117,2.01608867976181,2.9104065821303,3.6011572945416903,4.75861307485941,6.70907974338885
637,937.0,1.9865527708292,1.98686684903427,1.98916264179945,1.9973436930567,2.01608149795718,2.90959334026304,3.59814490330582,4.76134431117838,6.71351418054727
638,938.0,1.9865208735249902,1.9868228038609,1.98912107343114,1.99721996696144,2.01592389422953,2.90954781644511,3.60023043329268,4.7642764966079,6.701242503883311
639,939.0,1.9865089802742,1.9867891404237499,1.9890477517709102,1.9971508167132699,2.01587619639225,2.90796139831673,3.6005544233229,4.75951544412644,6.699961043456749
640,940.0,1.98601640946865,1.9863745238162498,1.9887944517798701,1.9969852006923399,2.01567369391061,2.90794321536459,3.59940520358346,4.76363758767387,6.706048291090309
641,941.0,1.98593150370642,1.98627137307785,1.9886986063212102,1.9968504424002003,2.0156170382689598,2.90828659009467,3.59905491883913,4.7581236069618695,6.7008073585010095
642,942.0,1.9858705407619401,1.98621040995158,1.9885905038665899,1.9967667613372202,2.01558858829103,2.90849600058924,3.59817304873066,4.7593050464116,6.69708922724351
643,943.0,1.9858296713590602,1.9861471511252198,1.9885046262040702,1.99673071968257,2.0154593600496598,2.90740319688096,3.5972085838248,4.76089955775905,6.69753480776753
644,944.0,1.985777512886,1.9860837052296803,1.98839379834309,1.99663146778866,2.01539487753882,2.90867675978736,3.5990344057809502,4.76660538894366,6.698229795988089
645,945.0,1.9857341038942302,1.98603599601089,1.98832260877639,1.9965424811597898,2.0152180277630602,2.9091315837336698,3.5959331620484503,4.76432529651355,6.70489172321315
646,946.0,1.98570807321071,1.9859950894065201,1.9882563951268701,1.99645980845987,2.01509802308827,2.90728136059287,3.59988072890294,4.764338673838131,6.70410811483794
647,947.0,1.9856854237750101,1.98593731464333,1.9881736638695,1.9963246490933,2.01505551976896,2.90871834741551,3.597167433035,4.7617881048873,6.70172519031232
648,948.0,1.98556040647029,1.98582997449301,1.98807196233719,1.9962923454299502,2.01504595716521,2.90745001700185,3.59876604784876,4.762531598410559,6.71032369361762
649,949.0,1.9855143418531802,1.9857661039385899,1.9880241121497,1.99615186260454,2.0149652767129203,2.90690043133357,3.59838340917807,4.7631901616971,6.69532872475655
650,950.0,1.9854838747378398,1.98572841363176,1.98792286085635,1.99605346642434,2.01475532743707,2.9065188082979,3.59786324719889,4.760644652666611,6.699498884361881
651,951.0,1.98545585444346,1.9856885337267,1.98785092066228,1.9959477530092,2.01464822226613,2.90879950035475,3.6014824564035903,4.76572335306601,6.70125641272524
652,952.0,1.98541001728549,1.9856405261739998,1.98777230593562,1.9959181463737,2.01466839027628,2.90701230980036,3.5987515772376204,4.7592333463390295,6.68701252802824
653,953.0,1.98538855920024,1.98560516390577,1.98770934195443,1.99581440124064,2.01457919714972,2.9072554169598903,3.5930789369436904,4.75621526157753,6.7030203078676
654,954.0,1.9853603483770002,1.98556942681558,1.98765980968177,1.9957035380937098,2.0143541762907,2.9058933247635097,3.5984241195308,4.76023354437779,6.69980899742944
655,955.0,1.98534146870523,1.9855354389801598,1.9875817002676401,1.9956399231106,2.01440105545669,2.90715712773315,3.5989392688494095,4.757861005690691,6.701403285238889
656,956.0,1.9843996500253602,1.98501635816358,1.9875077427346202,1.99555424917712,2.01425996810719,2.90879375029094,3.5948397850095204,4.75594736233437,6.70500982971424
657,957.0,1.98346114211753,1.98443732223846,1.98738594497032,1.9954799316518002,2.01420984341129,2.9065260965094804,3.5978602823395196,4.75632673412803,6.70150286064967
658,958.0,1.98320110137835,1.9842402422685101,1.98731969871372,1.99535275734327,2.0141067717190797,2.9070512137528497,3.59759230347909,4.75361524160448,6.70009156742952
659,959.0,1.9830513381004298,1.98410786223337,1.98722158174887,1.9952274934027299,2.01407674638815,2.90703008692841,3.5954602228961803,4.75683821731647,6.6939943314748795
660,960.0,1.98294743834883,1.9840084178958,1.9871848640654202,1.9952018528908402,2.0140060475923103,2.90666979462634,3.6003308193676102,4.76044954130454,6.69487526648277
661,961.0,1.9828383051041498,1.98390052945762,1.98710800952315,1.99512454611361,2.01378311764709,2.90678083439096,3.5955676160058903,4.75712376384362,6.707202232706449
662,962.0,1.9827746305465601,1.98382526753693,1.98705049959793,1.9950896315488902,2.01377668925412,2.90568877649307,3.59849144365601,4.75781603055223,6.699680585156099
663,963.0,1.9827002855092202,1.983763216421,1.98697314437106,1.99496048356704,2.01367335810214,2.9063058615446,3.5948993205160797,4.75899146765349,6.702142914862461
664,964.0,1.9826573605298998,1.98370539261698,1.98691977125331,1.99485723934061,2.01367256138399,2.90807892305087,3.5960960521210903,4.75816491032205,6.702103903335139
665,965.0,1.98252034171819,1.98357750333584,1.9868582996502502,1.9947914454445201,2.01338073664046,2.9061405257637603,3.59633825782639,4.75549892612183,6.69942008172897
666,966.0,1.9824519451998102,1.98350437701083,1.9867839975655,1.99470523603335,2.0132931766550897,2.90544901135861,3.59475590802263,4.75664884979147,6.688135804702521
667,967.0,1.98239412968121,1.98343558852672,1.98671464526467,1.9946397880226299,2.0132906550701697,2.9058687765885103,3.59671484613446,4.76256883081821,6.69797879272028
668,968.0,1.9823587033472903,1.9833955768406302,1.98667787117995,1.99451629405617,2.0131938908107503,2.90699214851427,3.5967841487206496,4.76074880909286,6.6956244409142
669,969.0,1.98232595324516,1.9833513297870702,1.9865990255497301,1.99449987655133,2.0132037674482897,2.90523477180218,3.59646204950232,4.75690444837007,6.6997341262751196
670,970.0,1.98226039724349,1.98328370063155,1.98653208883106,1.99440968982093,2.01300344578959,2.9051531858111703,3.5972765961219495,4.75407358936676,6.699927807714411
671,971.0,1.98223688191175,1.9832435018513301,1.98646197184063,1.9943484635136999,2.01286221089437,2.90608143779756,3.59797595564099,4.76040966449063,6.70634684820519
672,972.0,1.9822092466738,1.9831937758542602,1.98644127458334,1.9942067428249801,2.01280310624204,2.9082072168500996,3.59672961146719,4.76067701902137,6.69356441536061
673,973.0,1.98217808927483,1.98315762942284,1.98640077751353,1.99417771677114,2.01284131190739,2.90603390895714,3.5954623113521302,4.758868579131921,6.695495016184349
674,974.0,1.9818289252683499,1.98286748560518,1.9862397871565,1.9940942063435898,2.01271515127122,2.90590179331973,3.5952813221326,4.75412055194629,6.69797180500524
675,975.0,1.98165285049565,1.9827032920137,1.9861381866686,1.99397492993064,2.01270857547149,2.90563958423677,3.5970162164925497,4.75284175137691,6.70062238848339
676,976.0,1.9815792829211798,1.9826201411910298,1.9860419398777098,1.9939184918791,2.01252313401959,2.90601002641888,3.59543567867921,4.75890862818677,6.699043397388969
677,977.0,1.98152032887525,1.98255215335711,1.9859604184024,1.99382249494306,2.01251004074588,2.90480543341934,3.5947600516592098,4.75243673725044,6.7036527378288095
678,978.0,1.98148606023453,1.9825045236580001,1.9858999982502301,1.99377995219677,2.0123551680561103,2.90387246661335,3.5940792205112,4.75942655973974,6.69502766197258
679,979.0,1.98142231140136,1.9824180387154202,1.98583941980525,1.99365709594711,2.0123267704196204,2.9029080596439503,3.59616048941249,4.75169380840035,6.69659293529251
680,980.0,1.9813919357351901,1.98237469742037,1.98576435131952,1.99365302032828,2.01228330810144,2.9043269170934303,3.59267851866809,4.75125808390127,6.69293836809834
681,981.0,1.9813589990559901,1.9823381082400602,1.98570738990828,1.9935246361967098,2.0120478237573,2.90362985551431,3.5949890095544896,4.76105256442632,6.69942475585444
682,982.0,1.98132829413898,1.98229461251124,1.98566943981423,1.99346710801124,2.01206338957436,2.9053693032395,3.5951260340346,4.75635029556453,6.705376693002039
683,983.0,1.98130157029628,1.9822629767600402,1.98557836746983,1.9933596670020302,2.0119409490946603,2.90192035425938,3.59712363045578,4.75564937975825,6.69860038454914
684,984.0,1.9811666026592198,1.9821343076054,1.98551894418187,1.99329822020195,2.0119035787537602,2.90447176554687,3.59466219511525,4.75547059631468,6.689755225402299
685,985.0,1.98112559540271,1.9820862196542302,1.9854385368272598,1.99323399223349,2.0118355873838,2.9050528961142503,3.5938708247320696,4.7585630229256095,6.69043148998376
686,986.0,1.9810958190146801,1.98203904409259,1.98537428369298,1.9931854124378399,2.01170282747596,2.90492319743735,3.5959063111181298,4.75553735611205,6.70052489412361
687,987.0,1.98107568863779,1.9820126090008698,1.98534669488966,1.99305835297331,2.01158820526339,2.90417956611132,3.59440940845115,4.75985506096808,6.696763329789319
688,988.0,1.9810337740182802,1.9819666132383,1.98527127775549,1.9930064900707398,2.01148011926077,2.9025460295000998,3.59403660789681,4.75373687210893,6.691156188456151
689,989.0,1.98100349064208,1.9819294180475102,1.9852235706288301,1.9929717758756098,2.01146220571473,2.90415454159369,3.59234437024956,4.75338742383439,6.706019300348121
690,990.0,1.98098518893718,1.9819011407200202,1.98520153851434,1.99285993272773,2.011394342589,2.90401262668259,3.5936209206596903,4.75480631808182,6.69454707912886
691,991.0,1.98095691678524,1.9818755969531798,1.98513224493302,1.99274987544268,2.01131958984993,2.9036460511354703,3.59361269915197,4.75686632481031,6.69490921076461
692,992.0,1.98094400653839,1.98182511402815,1.98509488210342,1.99279500495083,2.0111894539955997,2.90391371869603,3.5929371096374405,4.7551291732287,6.69013661969313
693,993.0,1.9801696948006702,1.98116883322373,1.9846921398088297,1.99263453824631,2.0111912035156,2.90308354857256,3.59742515122294,4.75683722452614,6.6940387847837
694,994.0,1.97989432072788,1.98089116946868,1.98441564303636,1.99246474694013,2.01100561560615,2.90191577352806,3.59130894187362,4.75514666065191,6.693339497467591
695,995.0,1.97977437887191,1.98074458529427,1.98424802018553,1.9923726256247598,2.0110304560210497,2.90278135125748,3.59559398335376,4.755830570714171,6.69063016548799
696,996.0,1.9796834759358302,1.9806498442172997,1.9841277358327,1.9922504312478,2.0109497655376702,2.90185038139214,3.59422731880256,4.7552102381285195,6.69635543588549
697,997.0,1.97962356545925,1.9805517029523803,1.98400124314203,1.9922237173054298,2.01078438578099,2.90395453623067,3.5904380639854803,4.75431984843509,6.693550873095069
698,998.0,1.9795514501705702,1.98046920189559,1.98390219507515,1.99209559739008,2.01069181097485,2.90363191195037,3.5945091570381997,4.75412074539111,6.68327119777668
699,999.0,1.9795062757253599,1.98040802950076,1.983803520599,1.9920169081117898,2.01070404465459,2.90145323317227,3.5940055294604902,4.74838789003342,6.68914020937848
700,1000.0,1.97946527798175,1.98034291486144,1.9837104826562102,1.9919128234796202,2.01052222331725,2.90387666438482,3.59289150747358,4.75404811305701,6.693485485214359
