Wavelength,Reflectance-0,Reflectance-5,Reflectance-10,Reflectance-15,Reflectance-20,Reflectance-25,Reflectance-30,Reflectance-35,Reflectance-40,Reflectance-45,Reflectance-50,Reflectance-55,Reflectance-60
300.0,0.6906189918518,0.69064692407846,0.69108605384826,0.6930837035179099,0.6988723874092101,0.71234433352947,0.74011612683534,0.79340957105159,0.89149484038352,1.1725041642785001,1.50076580792665,2.08234342932701,3.12103851884603
301.0,0.68945240974426,0.6894804090261399,0.68991854786872,0.69191426038742,0.6976940631866401,0.71114902198314,0.7388832271099,0.79211017489433,0.8900754749774901,1.17073984444141,1.49865251593291,2.0796662680804703,3.1174580194056
302.0,0.6883003711700401,0.68832822144031,0.6887665390968299,0.6907582879066401,0.69653099775314,0.70996856689453,0.73766700178384,0.7908277735113999,0.88867333531379,1.16899575293064,1.49656704440712,2.07701920345425,3.11391999572515
303.0,0.68716233968734,0.68719021230936,0.68762809038162,0.68961709737777,0.69538253545761,0.70880150794982,0.7364650294184599,0.7895591109990999,0.8872887790203,1.16727423667907,1.49450455792248,2.07440477982163,3.11042390018701
304.0,0.68603771924972,0.68606708198785,0.68650311231613,0.68849033117294,0.69424802064895,0.7076501399278601,0.73527873307466,0.7883073911070799,0.8859210312366399,1.16557285189628,1.49246769025921,2.07182049378752,3.10696789994835
305.0,0.68492877483367,0.68495675176382,0.68539306521415,0.68737757205963,0.69312745332717,0.70651245117187,0.7341064140200599,0.78707122802734,0.88456949591636,1.1638925075531,1.49045466817915,2.0692686624825,3.10355354845523
306.0,0.68383210897445,0.68386013060808,0.6842962056398301,0.6862780451774501,0.69202077388763,0.7053884118795299,0.73294841498136,0.78584960103034,0.88323545455932,1.1622320264577801,1.48846669122576,2.0667452476918697,3.1001776456832797
307.0,0.68274903297424,0.68277725577354,0.68321235477924,0.6851914525032,0.69092720746994,0.70427878201007,0.73180446028709,0.7846420556306801,0.88191637396812,1.1605914160609199,1.48650276660919,2.06425243243575,3.0968408845365
308.0,0.6816799044609,0.68170779943466,0.6821421235799701,0.68411856889724,0.68984657526016,0.70318205654621,0.73067491501569,0.78344988822937,0.8806136548519101,1.15896996855735,1.48456024378538,2.06178601458668,3.09354223310947
309.0,0.68062162399291,0.68064995110034,0.68108446896076,0.68305921554565,0.68877959251403,0.70209825038909,0.72955855727195,0.78227292746305,0.8793267011642399,1.15736831724643,1.48264219239354,2.0593505352735497,3.09027918800711
310.0,0.67957806587219,0.67960626631975,0.68003925681114,0.68201148509979,0.68772536516189,0.70102815330028,0.72845567017793,0.78110861033201,0.87805414199829,1.15578588098287,1.4807448945939499,2.05694338306784,3.0870557650923702
311.0,0.67854577302932,0.6785748675465499,0.67900729179382,0.68097704648971,0.68668401241302,0.69997034966945,0.72736546397209,0.7799584418535199,0.87679821252822,1.1542214676737699,1.4788713734596899,2.05456361547112,3.0838687345385503
312.0,0.67752647399902,0.67755554616451,0.67798767983913,0.67995476722717,0.68565499782562,0.69892506301403,0.72628862410783,0.77882234752178,0.8755562305450401,1.1526756286621,1.47701834887266,2.0522098354995197,3.08071511983871
313.0,0.67651915550231,0.6765479817986401,0.67697983980178,0.67894446849822,0.68463712930679,0.69789285957813,0.72522412985563,0.7776992991566599,0.87432852387428,1.15114687383174,1.47518596611917,2.04988310858607,3.0776001214981
314.0,0.67552369832992,0.67555257678031,0.67598311603069,0.67794609069824,0.68363243341445,0.69687271118164,0.72417267411947,0.7765891402959799,0.87311527132987,1.14963761717081,1.4733757097274,2.04758452251553,3.07451898232102
315.0,0.6745399832725499,0.67456893622875,0.6749989837408,0.67695945501327,0.68263918161392,0.6958635896444301,0.72313346713781,0.77549239993095,0.87191659212112,1.14814359694719,1.47158609889447,2.045310202986,3.0714721567928702
316.0,0.6735681891441301,0.6735960468649801,0.67402654886245,0.6759842038154601,0.68165743350982,0.69486720860004,0.72210631519556,0.7744080647826099,0.8707312047481499,1.14666957408189,1.46981690078973,2.04306052997708,3.06845860555768
317.0,0.67260694503784,0.67263481765985,0.67306464910507,0.6750199198722799,0.68068718910217,0.69388161599636,0.72109103202819,0.77333671599626,0.8695600330829599,1.14521007239818,1.46806836128234,2.04083723947405,3.06547780707478
318.0,0.67165702581405,0.67168491333723,0.67211411893367,0.67406785488128,0.6797283291816699,0.69290778040885,0.7200876548886199,0.77227783948183,0.86840179562568,1.14376738667488,1.46633866988122,2.03863928094506,3.06252928823232
319.0,0.670718729496,0.67074644565582,0.67117507755756,0.67312610149383,0.67878037691116,0.69194529950618,0.71909496188163,0.77123066782951,0.8672569096088399,1.14234234392642,1.4646289087831899,2.0364665351808,3.05961504206061
320.0,0.6697897911071701,0.6698185279965401,0.6702460050582799,0.6721951961517301,0.67784279584884,0.6909937262535001,0.7181147634983,0.7701955512166,0.8661250174045501,1.1409326121211,1.46293747983872,2.03431505337357,3.05673165619373
321.0,0.66887193918228,0.66890095174312,0.66932809352874,0.67127537727355,0.67691695690155,0.69005289673805,0.7171452865004501,0.76917340606451,0.86500644683837,1.13953918218612,1.4612664934247699,2.0321883149445,3.05387920886278
322.0,0.66796547174453,0.66799335181713,0.66842110455036,0.67036533355712,0.67600041627883,0.68912301957607,0.71618633717298,0.76816088706254,0.86390036344528,1.13816083222627,1.45961243659257,2.03008519485592,3.05105797946453
323.0,0.66706925630569,0.66709587723016,0.6675236821174599,0.6694655418395901,0.6750950217247,0.68820410966873,0.71523863077163,0.76716013997793,0.86280679702758,1.1367973685264499,1.4579769577830999,2.02800657972693,3.0482664406299502
324.0,0.66618275642395,0.66620960086584,0.66663627326488,0.66857641935348,0.67419999837875,0.6872951388359,0.71430215239524,0.7661717459559401,0.86172488331794,1.13545032590627,1.4563595540821501,2.0259489454329,3.04550509527325
325.0,0.66530531644821,0.6653332263231201,0.66575932502746,0.66769725084304,0.67331486940383,0.6863959133625,0.71337586641311,0.7651931867003401,0.8606552183628,1.13411699235439,1.45476043783128,2.0239138118922697,3.04277139529585
326.0,0.6644385457038801,0.66446644812822,0.66489207744598,0.6668277978897,0.6724390387535,0.6855071038007701,0.71246007084846,0.76422683149576,0.8595975339412599,1.1327986717224099,1.4531773179769498,2.02190041169524,3.04007013142108
327.0,0.66358071565628,0.6636085659265499,0.66403426229953,0.66596841812133,0.6715741753578099,0.6846279501914899,0.71155419945716,0.7632708922028499,0.8585513532161699,1.1314953044056801,1.45161214470863,2.01990953832864,3.03739490360021
328.0,0.66273266077041,0.6627614274621,0.66318540275096,0.66511821746826,0.6707180738449,0.68375864624977,0.71065820008516,0.76232496649026,0.85751691460609,1.13020583242177,1.45006448589265,2.0179385878145597,3.03474976867437
329.0,0.66189551353454,0.66192217171192,0.66234701871871,0.6642769575119,0.6698708534240699,0.68289940059185,0.70977204293012,0.7613895088434199,0.8564940690994199,1.1289302930235798,1.44853406213223,2.01598916575312,3.03213151916861
330.0,0.6610653996467499,0.66109316796064,0.66151690483093,0.66344529390335,0.66903424263,0.6820492446422499,0.70889583975076,0.76046400517225,0.8554816246032699,1.12766809761524,1.44701912999153,2.01406066864728,3.02954160422086
331.0,0.66024643182754,0.6602730453014299,0.6606966704130101,0.66262274980545,0.6682059764862,0.68120862543582,0.7080291211605,0.75954842567443,0.8544803559780101,1.12641944736242,1.4455195758491701,2.01215301454067,3.02697639539837
332.0,0.65943545103073,0.65946225076913,0.6598853468894901,0.6618093252182,0.66738712787628,0.68037709593772,0.70717147737741,0.75864369422197,0.85349062085151,1.1251854225993099,1.44403656199574,2.01026448979973,3.02444012090563
333.0,0.65863186120986,0.6586604565382,0.65908205509185,0.66100466251373,0.66657668352127,0.67955353856086,0.70632353425025,0.7577480897307299,0.85251066088676,1.12396357953548,1.44257027655839,2.00839551165699,3.02192921936512
334.0,0.65783864259719,0.6578662991523699,0.65828837454319,0.6602087020874,0.66577517986297,0.67873989045619,0.70548466593027,0.75686218589544,0.8515417575836101,1.12275566905736,1.4411191139370199,2.0065456517040703,3.01944522559642
335.0,0.65705358982086,0.65708143264055,0.65750250220298,0.65942114591598,0.66498231887817,0.67793503403663,0.70465462654829,0.7559859976172401,0.8505828082561401,1.1215591803193001,1.4396817777305801,2.00471736118197,3.01698412373662
336.0,0.65627700090408,0.65630434453487,0.65672603249549,0.6586424112319901,0.66419833898544,0.6771386116743,0.7038336396217301,0.75511940568685,0.8496344983577699,1.12037704885005,1.43826112709939,2.00290631875395,3.01455168426036
337.0,0.6555081605911199,0.6555357798933901,0.65595713257789,0.65787142515182,0.66342252492904,0.67635098099708,0.70302145928144,0.7542615532875,0.84869596362113,1.11920591443777,1.4368547089397898,2.00111321732401,3.01214181631803
338.0,0.6547487974166799,0.65477547049522,0.65519581735134,0.65710932016372,0.66265469789505,0.67557102441787,0.70221813768148,0.75341395288705,0.8477679491043,1.118048787117,1.43546247854828,1.99934134259819,3.00975621864199
339.0,0.6539959311485201,0.6540237218141499,0.65444381535053,0.65635466575622,0.66189497709274,0.67479982972145,0.70142335444688,0.75257400423288,0.84684869647026,1.11690188944339,1.4340858366340299,1.99758527055382,3.00739452987909
340.0,0.65325129032135,0.65327899903059,0.6536989808082501,0.65560847520828,0.66114372014999,0.67403642833232,0.70063658803701,0.7517433091998099,0.8459391593933101,1.115766890347,1.43272271193563,1.9958478100597798,3.00506025552749
341.0,0.65251582860946,0.65254310518503,0.65296223759651,0.65487003326416,0.66040050983428,0.6732819229364301,0.69985780119895,0.75092097371816,0.84503960609436,1.01471748948097,1.43137393146753,1.99412799999117,3.0027446784079
342.0,0.65178698301315,0.6518144533038099,0.65223281085491,0.65413922071456,0.65966457128524,0.6725341677665699,0.69908753037452,0.7501071095466599,0.84414994716644,1.0136941075324999,1.43003848753869,1.9924242608249099,3.0004530772566698
343.0,0.6510657668113701,0.65109323710203,0.6515115052461601,0.6534158587455701,0.65893614292144,0.6717950105667101,0.69832547754049,0.74930211156606,0.8432685434818199,1.01268270611763,1.42871600948274,1.99074052646756,2.9981864541769
344.0,0.65035218000411,0.65037947893142,0.65079715847969,0.6527004241943299,0.6582159996032699,0.67106285691261,0.6975709721446001,0.74850539863109,0.84239625930786,1.01168099045753,1.42740704677999,1.98907245323061,2.99594256654381
345.0,0.64964663982391,0.64967284351587,0.65009066462516,0.65199160575866,0.65750211477279,0.6703386604785899,0.6968241110444,0.7477166503667799,0.84153345227241,1.01068943738937,1.42611297406256,1.98742142692208,2.9937180057168
346.0,0.64894616603851,0.64897470176219,0.6493917256593701,0.6512909531593299,0.65679657459259,0.66962237656116,0.69608502835035,0.7469361647963499,0.8406790196895599,1.00970807671546,1.42483045533299,1.98578577861189,2.9915186278522
347.0,0.64825463294982,0.648282058537,0.64869891107082,0.6505968570709201,0.65609818696975,0.6689130663871701,0.69535382837057,0.7461644411087001,0.8398332595825101,1.0087368786334898,1.42356172576546,1.98416694626212,2.98933885246515
348.0,0.64757049083709,0.64759793877601,0.64801369607448,0.6499102711677499,0.65540677309036,0.66821053624153,0.69463012367486,0.7453996092081,0.8389970064163201,1.00777488946914,1.4223046693950798,1.9825636036693999,2.98717916756868
349.0,0.64689302444458,0.64691957831382,0.64733619987964,0.64923077821731,0.6547223329544,0.66751545667648,0.69391340017318,0.74464274942874,0.8381685018539401,1.00682321190834,1.42106181196868,1.9809755273163299,2.98504192009568
350.0,0.64622169733047,0.64624895900487,0.6466650068759899,0.64855790138244,0.65404480695724,0.66682770848274,0.69320410490036,0.7438938319683,0.83734774589538,1.00587996840476,1.4198292233049798,1.97940552607178,2.98292561620473
351.0,0.64555817842483,0.6455844566226,0.64600081741809,0.64789164066314,0.65337425470352,0.66614672541618,0.6925022304058001,0.7431513890624,0.8365360796451501,1.00494691729545,1.41861095279455,1.9778499789536002,2.98083087801933
352.0,0.6449002623558,0.64492796361446,0.64534252882003,0.64723217487335,0.6527104973793,0.66547295451164,0.69180718064308,0.74241765588521,0.83573195338249,1.00402307510375,1.41740303859114,1.97630857303738,2.97875485569238
353.0,0.64424920082092,0.64427654445171,0.64469189941883,0.64657950401306,0.6520537137985201,0.66480539739131,0.69111920148134,0.7416906207799899,0.83493611216545,1.00310972332954,1.41620734706521,1.9747834540903502,2.97670041397213
354.0,0.64360511302948,0.64363239705562,0.64404675364494,0.64593344926834,0.65140312910079,0.66414465010166,0.69043713063001,0.74097111821174,0.8341484367847399,1.0022038519382401,1.41502398997545,1.9732720144093001,2.9746624007821
355.0,0.6429673433303801,0.64299454540014,0.64340853691101,0.6452938914299,0.65075862407684,0.66349002718925,0.68976303189992,0.74025933444499,0.83336821198463,1.00130695104599,1.41385086998343,1.97177494689822,2.97264624014496
356.0,0.6423355937003999,0.64236306399106,0.64277654886245,0.64466023445129,0.65012085437774,0.66284243762493,0.68909532576799,0.73955299705266,0.83259606361389,1.00041896104812,1.41269011050462,1.9702938087284498,2.97064741700887
357.0,0.64171010255813,0.64173738658428,0.64215087890625,0.6440332531929,0.6494898200035,0.6622014194726901,0.68843385577201,0.7388550117611801,0.8318307101726499,0.9995400011539399,1.4115405920892898,1.96882390603423,2.96867150813341
358.0,0.64109152555465,0.64111889153718,0.6415314525365801,0.64341217279434,0.64886420965194,0.6615665704011899,0.68777984380722,0.73816256225109,0.83107352256774,0.9986696541309299,1.4104018881917,1.9673717208206603,2.96671068295836
359.0,0.64047807455062,0.64050548523664,0.6409177929162899,0.64279741048812,0.64824521541595,0.66093780100345,0.68713092058897,0.7374782860279,0.83032321929931,0.9978063106536801,1.40927485004067,1.96593124791979,2.9647694788873102
360.0,0.63987183570861,0.6398981437087,0.6403111070394499,0.6421884894371,0.64763218164443,0.66031509637832,0.68648976832628,0.7368004322052,0.8295805752277299,0.9969531595706901,1.40815768018364,1.96450380608439,2.96284584328532
361.0,0.63927114009857,0.63929753750562,0.63970959186553,0.64158546924591,0.64702522754669,0.6596982926130199,0.68585305660963,0.73612905293703,0.82884502410888,0.9961070716381001,1.4070513043552602,1.9630915336310801,2.9609397649765
362.0,0.63867551088333,0.63870199024677,0.6391137391328799,0.64098839461803,0.64642417430877,0.6590875238180101,0.68522357195615,0.73546350747346,0.8281169235706299,0.99526977539062,1.40595638006925,1.96169298514723,2.9590517617762
363.0,0.63808554410934,0.63811206817626,0.63852374255657,0.64039732515811,0.64582830667495,0.65848305821418,0.68460077792406,0.73480530828237,0.82739567756652,0.9944405555725001,1.40487041324377,1.9603061936795703,2.95718334242701
364.0,0.63750153779983,0.6375286281108801,0.63793957233428,0.63981139659881,0.64523899555206,0.65788407623767,0.68398311734199,0.73415221273899,0.8266806602478,0.99361860752105,1.4037952553480801,1.95893336832523,2.95532948523759
365.0,0.63692331314086,0.63694979995489,0.6373611688613801,0.63923186063766,0.6446549296378999,0.657290995121,0.68337115645408,0.73350645601749,0.82597336173057,0.9928046762943199,1.40272946096956,1.95757055282592,2.95349399000406
366.0,0.63635098934173,0.63637740910053,0.6367882788181299,0.63865752518177,0.64407616853713,0.6567033529281601,0.68276533484458,0.73286644369363,0.8252718448638899,0.99199804663658,1.40167450718581,1.9562224633991698,2.9516731314360998
367.0,0.63578307628631,0.6358094364404601,0.63622003793716,0.63808834552764,0.6435036063194199,0.65612192451953,0.68216563016176,0.7322316914796799,0.8245773315429601,0.99119934439659,1.40063066035509,1.9548873193562002,2.94987414777278
368.0,0.63522094488143,0.63524825125932,0.63565763831138,0.63752442598342,0.6429363489151,0.65554577112197,0.68157109618186,0.73160462081432,0.82388916611671,0.99040874838829,1.39959486573934,1.95356410369277,2.9480880759656403
369.0,0.63466441631317,0.6346914768218901,0.63510148227214,0.6369661539793,0.64237409830093,0.6549745798110901,0.6809828579425801,0.73098188638687,0.82320842146873,0.9896250963211,1.39856795221567,1.9522530250251202,2.9463183991611
370.0,0.63411372900009,0.63413986563682,0.6345489919185601,0.63641346991062,0.6418170928954999,0.65440863370895,0.68039914965629,0.73036571592092,0.8225328922271701,0.98884907364845,1.39755306392908,1.9509542994201101,2.94456331431865
371.0,0.63356751203536,0.63359387218952,0.63400274515151,0.63586537539958,0.6412655711174,0.6538488268852201,0.6798213198781,0.72975562512874,0.8218645155429799,0.98807883262634,1.3965450674295399,1.94966654479503,2.9428262077271903
372.0,0.63302564620971,0.63305251300334,0.63346120715141,0.63532288372516,0.64071923494338,0.65329377353191,0.67924911528825,0.72915025800466,0.8212022781371999,0.98731735348701,1.39554775692522,1.9483922980725699,2.94110371544957
373.0,0.63248932361602,0.6325164809823,0.63292476534843,0.6347853690385801,0.64017778635025,0.65274439752101,0.6786823943257301,0.72855173051357,0.8205453157424899,0.98656198382377,1.39456019550561,1.94712740555405,2.93939706310629
374.0,0.63195872306823,0.63198550790548,0.6323936432599999,0.63425278663635,0.6396415233612001,0.65219974517822,0.67812127619981,0.7279577106237399,0.81989502906799,0.9858137369155799,1.39357960782945,1.9458740390837101,2.93770788237452
375.0,0.63143354654312,0.6314596906304301,0.63186793029308,0.6337252408266,0.63911074399948,0.6516597867012001,0.67756423354148,0.72736984491348,0.81925100088119,0.98507332801818,1.3926094789057901,1.94463320076465,2.9360310621559598
376.0,0.63091146945953,0.63093844056129,0.63134638965129,0.63320212066173,0.63858419656753,0.65112490952014,0.6770131886005399,0.72678743302822,0.81861287355422,0.98433828353881,1.3916465565562202,1.94340439513325,2.93436964228749
377.0,0.63039600849151,0.63042119890451,0.63082897663116,0.63268430531024,0.63806265592575,0.6505956500768599,0.67646694183349,0.7262105196714399,0.8179803788661901,0.98361051082611,1.39069379121065,1.94218343496322,2.9327245652675598
378.0,0.6298838853836001,0.62990999221801,0.63031688332557,0.6321707814931801,0.63754594326019,0.6500701308250401,0.67592511326074,0.72563832998275,0.81735277175903,0.9828892946243201,1.3897488117218,1.9409754164516901,2.93109003081917
379.0,0.6293768882751399,0.62940318882465,0.6298097372055,0.6316623091697601,0.6370336413383401,0.6495505124330501,0.67538884282112,0.7250718697905499,0.81673240661621,0.9821745157241799,1.38881303369998,1.9397778622806,2.92947405576705
380.0,0.6288744211196801,0.62890046089887,0.62930676341056,0.63115859031677,0.6365266442298799,0.64903502166271,0.67485762387514,0.72450987249612,0.8161165118217399,0.98146590590476,1.38788560591638,1.93859265372157,2.9278692789375698
381.0,0.62837606668472,0.62840247154235,0.62880882620811,0.63065892457962,0.6360233426094,0.64852456748485,0.67433097958564,0.72395259141921,0.81550687551498,0.98076453804969,1.3869657721370399,1.93741567060351,2.92628128826618
382.0,0.62788307666778,0.62790904194116,0.6283156722784,0.63016419112682,0.63552552461624,0.64801847934722,0.67380880564451,0.72340138256549,0.8149025440216,0.9800692796707099,1.38605538010597,1.93625002726912,2.92470540851354
383.0,0.6273931264877299,0.6274202093482001,0.62782672047615,0.6296735405921899,0.6350311636924699,0.64751707017421,0.67329159379005,0.72285510599613,0.81430345773696,0.9793791770935,1.3851518183946598,1.93509298563003,2.92314349487423
384.0,0.62690967321395,0.62693572044372,0.62734162807464,0.62918774783611,0.63454216718673,0.64702005684375,0.67277899384498,0.72231292724609,0.8137098550796499,0.97869625687599,1.3842566087841899,1.93394679948687,2.92159466445446
385.0,0.62642914056777,0.6264560073614099,0.6268613040447201,0.62870657444,0.63405722379684,0.64652758836746,0.6722710058093,0.72177628427743,0.81312081217765,0.97801908850669,1.3833695501089,1.9328118227422202,2.9200599789619397
386.0,0.62595373392105,0.62597981095314,0.626384973526,0.62822903692722,0.63357657194137,0.64603906869888,0.67176789790391,0.72124400734901,0.81253740191459,0.97734716534614,1.38248869031667,1.93168591335415,2.91853685677051
387.0,0.6254814863204899,0.62550843507051,0.62591232359409,0.6277560591697601,0.63309997320175,0.64555485546588,0.6712681353092099,0.72071607410907,0.81195923686027,0.9766819179058001,1.3816174659878,1.93056963011622,2.91702932491898
388.0,0.6250142455101,0.62504060566425,0.62544551491737,0.6272871047258299,0.63262850046157,0.64507526159286,0.67077342420816,0.7201934531331,0.81138634681701,0.9760227203369101,1.3807534221559699,1.92946502938866,2.91553309932351
389.0,0.62454998493194,0.62457698583602,0.62498147785663,0.62682236731052,0.63216060400009,0.64460034668445,0.6702839359641,0.7196759358048399,0.81081914901733,0.9753683805465599,1.37989635020494,1.92836644873023,2.9140512235462603
390.0,0.6240909099578801,0.62411769479513,0.62452226877212,0.62636142969131,0.63169622421264,0.6441294103860801,0.66979774832725,0.71916183829307,0.8102563023567201,0.9747208058834,1.37904641963541,1.92727996781468,2.91257774829864
391.0,0.62363684177398,0.62366200983524,0.62406654655933,0.6259052902460001,0.63123679161071,0.6436618566513,0.66931598633527,0.7186531126499099,0.8096983730792999,0.9740777015686,1.37820408679544,1.9262022338807498,2.9111216366291
392.0,0.62318462133407,0.62321099638938,0.6236145496368399,0.62545244395732,0.6307809948921199,0.64319944381713,0.66883892565965,0.7181484177708599,0.80914488434791,0.97344183921813,1.37736969441175,1.92513296380639,2.90967656299471
393.0,0.62273746728897,0.62276386469602,0.62316723167896,0.62500351667404,0.63032901287078,0.6427406668663,0.6683650538325301,0.71764788031578,0.8085965216159801,0.9728101491928101,1.37654291838407,1.9240733347833099,2.90824319794774
394.0,0.6222944259643499,0.6223202720284401,0.6227234005928001,0.62455862760543,0.6298810839653,0.64228504896163,0.6678963378071701,0.71715170145034,0.8080532848834899,0.9721843004226601,1.37572086602449,1.9230222925543698,2.90682028979063
395.0,0.6218551397323601,0.62188114970922,0.6222841143608,0.62411813437938,0.6294372081756501,0.64183467626571,0.66743110865354,0.71666042506694,0.8075140118598899,0.97156390547752,1.37490760721266,1.92197918146848,2.9054108783602697
396.0,0.62141954898834,0.62144458293914,0.62184727191925,0.62368120253086,0.62899702787399,0.6413876414299,0.66696994751691,0.7161734253168099,0.8069792389869599,0.97094795107841,1.37410139292478,1.9209462739527199,2.90401399508118
397.0,0.62098687887191,0.62101278454065,0.62141513824462,0.62324732542037,0.62856084108352,0.64094392955303,0.66651305556297,0.715690292418,0.8064500391483299,0.97033905982971,1.37330127693712,1.9199228249490201,2.90262687951326
398.0,0.62055820226669,0.62058509141206,0.62098728120327,0.62281793355941,0.6281285881996099,0.6405052691698,0.66606003791093,0.71521038562059,0.80592426657676,0.96973392367362,1.37250824086368,1.91890561208128,2.90125130861997
399.0,0.62013328075408,0.62015994638204,0.6205618828535,0.6223919391632,0.62769949436187,0.6400694400072,0.66561073064804,0.7147353962063699,0.8054039776325199,0.9691335260867999,1.3717219159007,1.9178978912532298,2.89988760277628
400.0,0.61971312761306,0.61973919719457,0.6201409548521,0.62196967005729,0.62727427482604,0.6396374851465201,0.66516453772783,0.714264459908,0.80488714575767,0.9685395061969699,1.37094151973724,1.9168999157845898,2.89853644743561
401.0,0.61929583549499,0.61932180821895,0.61972343921661,0.62155123054981,0.62685286998748,0.63920910656452,0.66472298651933,0.71379773318767,0.8043756783008499,0.96794962882995,1.37016790546476,1.91590767726302,2.89719649776816
402.0,0.61888110637664,0.61890744417905,0.6193092316389,0.62113608419895,0.62643474340438,0.63878399133682,0.66428515315055,0.71333460509777,0.8038677573204,0.9673652946949,1.36940086446702,1.9149249680340201,2.89586519822478
403.0,0.61847031116485,0.61849697679281,0.61889857053756,0.6207245886325801,0.6260198354720999,0.63836304843425,0.6638505756855,0.71287553012371,0.80336412787437,0.96678510308265,1.36864059604704,1.9139517173171,2.89454606547951
404.0,0.61806434392929,0.6180902943015,0.61849081516265,0.62031634151935,0.6256092190742399,0.63794559240341,0.66342011094093,0.71242041140794,0.80286541581153,0.96620976924896,1.36788643151521,1.9129844494163901,2.89323910698294
405.0,0.61765968799591,0.6176863759755999,0.61808751523494,0.61991126835346,0.6252018213271999,0.63753151893615,0.6629936173558201,0.7119690105319,0.80237060785293,0.96564009785652,1.36713763326406,1.9120259843766598,2.89194018766284
406.0,0.6172599196434,0.61728626489639,0.61768662929534,0.61950987577438,0.62479704618453,0.63712100684642,0.66256921738386,0.71152085810899,0.80187925696373,0.9650744497776,1.3663957864046001,1.91107508167624,2.89065297693014
407.0,0.6168639659881501,0.61688993871212,0.6172896027565,0.6191122829914,0.6243965029716401,0.63671445846557,0.66214997321367,0.71107736229896,0.80139261484146,0.9645136594772299,1.36566018313169,1.91013181954622,2.88937656581401
408.0,0.61647051572799,0.6164962351322101,0.61689610779285,0.6187171339988701,0.62399917840957,0.6363102048635401,0.6617332175374,0.71063658595085,0.80090981721878,0.9639569222927,1.36493074148893,1.90919717773795,2.88811103627085
409.0,0.6160796284675499,0.6161059290170601,0.61650568246841,0.6183257848024301,0.62360477447509,0.63591007888317,0.66131978482007,0.71020070463418,0.80043086409568,0.96340563893318,1.36420681886374,1.90827003493905,2.88685357943177
410.0,0.61569225788116,0.61571865528821,0.61611826717853,0.61793741583824,0.6232141852378801,0.6355133801698599,0.6609106734394999,0.70976670086383,0.79995614290237,0.9628591835498799,1.36348959803581,1.9073498435318401,2.8856079503893803
411.0,0.61530882120132,0.61533460021018,0.61573396623134,0.6175526827573701,0.6228266954421899,0.63511945307254,0.6605036780238099,0.7093372195959,0.79948523640632,0.96231678128242,1.3627777397632599,1.9064366929232999,2.88437023386359
412.0,0.61492872238159,0.6149536371230999,0.61535310745239,0.61717057228088,0.6224421262741,0.63472886383533,0.66010136157274,0.7089118063449801,0.7990180552005699,0.96177792549133,1.3620705679059,1.90553091466426,2.8831440135836597
413.0,0.61455011367797,0.61457693576812,0.61497592926025,0.6167919486761,0.6220608353614799,0.63434143364429,0.6597017571329999,0.70848985761404,0.79855415225028,0.96124419569969,1.3613709677010701,1.90463206544518,2.88192737475037
414.0,0.6141762137412999,0.61420195549726,0.6146011352539,0.61641639471054,0.62168246507644,0.6339572072029099,0.65930515527725,0.70806992799043,0.79809498786926,0.96071434020996,1.36067503690719,1.9037419967353302,2.88072156161069
415.0,0.61380463838577,0.61383029818534,0.61422894895076,0.61604385077953,0.62130713462829,0.63357627391815,0.65891209244728,0.70765430480241,0.7976390719413701,0.96018931269645,1.35998572967946,1.9028584882616901,2.8795234970748402
416.0,0.61343669891357,0.61346235871315,0.61386020481586,0.61567431688308,0.62093526124954,0.6331980228424,0.6585232019424401,0.7072425410151401,0.7971873581409401,0.9596683382987901,1.35930158384144,1.9019800014793802,2.87833378463983
417.0,0.6130701303482,0.61309666186571,0.6134950369596399,0.61530774831771,0.62056601047515,0.6328227967023801,0.65813606232404,0.70683351904153,0.7967383563518501,0.9591518938541399,1.35862326622009,1.9011097811162398,2.87715654075145
418.0,0.61270821094512,0.61273372918367,0.61313216388225,0.61494415998458,0.62020009756088,0.63245098292827,0.6577523946762,0.70642806589603,0.79629400372505,0.95863929390907,1.35795042663812,1.90024660527706,2.87598595023155
419.0,0.6123484373092599,0.61237476021051,0.61277222633361,0.6145835518836901,0.61983674764633,0.63208246231079,0.65737146884202,0.70602528750896,0.79585242271423,0.9581305086612699,1.3572833314538,1.8993909768760202,2.87482640892267
420.0,0.61199128627777,0.6120178848505,0.61241590976715,0.61422590911388,0.61947679519653,0.63171660900115,0.65699437260627,0.70562595129013,0.79541483521461,0.9576260149478899,1.3566205725073799,1.89854074642062,2.87367339432239
421.0,0.61163854598999,0.61166358739137,0.6120619177818201,0.6138711720705,0.61911934614181,0.63135330379009,0.6566194221377301,0.70523016899824,0.79498001933097,0.95712551474571,1.3559638131409801,1.8976992256939398,2.8725319132208798
422.0,0.6112872958183201,0.61131324619054,0.61171048879623,0.61351931095123,0.61876481771469,0.63099288940429,0.65624776482582,0.7048370540141999,0.79454976320266,0.9566285908222101,1.35531218163669,1.89686256647109,2.87139748781919
423.0,0.61093926429748,0.61096523702144,0.61136190593242,0.61316992342472,0.61841309070587,0.63063579797744,0.65587976574897,0.70444755256175,0.7941217124462101,0.95613607764244,1.35466513037681,1.89603198319673,2.8702735863626
424.0,0.61059367656707,0.61061961948871,0.6110161989927201,0.61282311379909,0.61806434392929,0.63028120994567,0.65551393479108,0.70406142622232,0.7936981320381099,0.95564731955528,1.35402204841375,1.89520807564258,2.86915803328156
425.0,0.61025041341781,0.6102766841649999,0.6106733828783,0.61247949302196,0.61771839857101,0.6299297064542699,0.6551509499549799,0.70367708057165,0.7932772934436699,0.95516222715377,1.35338632017374,1.8943921923637301,2.86804763972759
426.0,0.6099105477333,0.60993684828281,0.61033344268798,0.61213859915733,0.6173748373985201,0.6295808404684,0.65479081869125,0.70329674333333,0.7928600311279199,0.9546815454959799,1.35275418311357,1.8935809247195698,2.86694826930761
427.0,0.6095731854438701,0.60959981381893,0.60999596118927,0.61180000007152,0.61703354120254,0.6292345970869,0.6544345319271,0.7029194161295801,0.79244580864906,0.9542042016983001,1.35212715715169,1.89277539774775,2.86585751920938
428.0,0.60923886299133,0.60926454514265,0.60966043174266,0.61146430671215,0.61669623851776,0.6288915425539,0.65408004075288,0.7025444582104601,0.7920346558094,0.95373055338859,1.35150497220456,1.8919769413769199,2.8647744618356197
429.0,0.60890680551528,0.60893280059099,0.60932864248752,0.6111314445734,0.61636060476303,0.62855102121829,0.6537284031510301,0.70217260718345,0.79162693023681,0.95326024293899,1.35088703781366,1.89118598774075,2.86370204761624
430.0,0.6085773110389701,0.6086029410362199,0.60899859666824,0.61080127954483,0.6160277724266,0.6282123774289999,0.65337994694709,0.70180352777242,0.7912219464778899,0.95279425382614,1.35027425177395,1.89039940759539,2.86263582482934
431.0,0.6082499623298601,0.60827657580375,0.60867147147655,0.61047287285327,0.61569786071777,0.62787748873233,0.65303384512662,0.70143864303827,0.79082033038139,0.9523306190967499,1.3496664408594299,1.88961886614561,2.86157735809683
432.0,0.60792571306228,0.6079517006874,0.60834676027297,0.6101477891206699,0.61537015438079,0.62754447758197,0.65269071608781,0.70107525587081,0.7904223501682199,0.9518715739250099,1.34906328469514,1.88884418830275,2.86052675545215
433.0,0.60760384798049,0.60762983560562,0.60802476108074,0.60982435941696,0.6150451302528299,0.62721395492553,0.6523492038249901,0.70071458816528,0.7900268733501401,0.9514155089855101,1.34846418909728,1.88807548582553,2.85948485136032
434.0,0.6072843670845,0.60731097310781,0.6077052205801,0.60950426757335,0.61472237110137,0.6268861740827499,0.6520114466547899,0.70035696029663,0.7896343171596499,0.9509631097316701,1.34787116758525,1.8873135484755,2.85845015570521
435.0,0.6069678664207401,0.60699322074651,0.60738849639892,0.60918635129928,0.61440193653106,0.6265611052513099,0.65167567133903,0.70000268518924,0.78924572467803,0.9505151808261799,1.34728039614856,1.88655680790543,2.85742393508553
436.0,0.60665363073349,0.6066792607307401,0.60707341134548,0.60887068510055,0.6140846014022799,0.6262388974428099,0.6513425037264801,0.69965068250894,0.78885874152183,0.9500690400600399,1.3466957826167298,1.885805811733,2.8564048558473503
437.0,0.60634064674377,0.60636668652296,0.60676109790802,0.60855770111083,0.61376959085464,0.6259181350469499,0.65101310610771,0.69930030405521,0.7884761095046899,0.94962725043296,1.34611443988978,1.88505926355719,2.85539197921752
438.0,0.60603076219558,0.60605683177709,0.60645119845867,0.6082474589347799,0.61345666646957,0.6256006360054001,0.65068519860506,0.6989539340138401,0.7880953848361899,0.9491888880729601,1.34553822688758,1.88432037457823,2.85438875481486
439.0,0.60572391748428,0.60574991255998,0.60614357888698,0.60793873667716,0.61314606666564,0.62528526782989,0.65035893768072,0.69861001521348,0.78771731257438,0.9487536549568101,1.3449667673557901,1.88358497247099,2.85339185595512
440.0,0.60541862249374,0.6054440811276399,0.60583879053592,0.60763335227966,0.6128379702568,0.62497234344482,0.65003640204668,0.69826834648847,0.7873425185680301,0.9483216106891601,1.34439899772405,1.88285697996616,2.85240336135029
441.0,0.60511630773544,0.6051419526338501,0.60553555190563,0.60732954740524,0.61253213882446,0.62466165423393,0.64971529692411,0.69792889058589,0.78697112202644,0.94789257645606,1.34383525699377,1.8821329958736799,2.85142112150788
442.0,0.60481488704681,0.60484132915735,0.6052347421646099,0.60702830553054,0.61222887039184,0.62435293197631,0.64939827471971,0.69759284704923,0.7866022586822501,0.94746679067611,1.34327556192874,1.88141461089253,2.8504470065236003
443.0,0.60451686382293,0.6045428737998,0.6049365401268,0.6067287623882199,0.61192780733108,0.62404677271842,0.64908245205879,0.69725905358791,0.7862357199192,0.94704407453536,1.34272099286317,1.88070254027843,2.84947878867387
444.0,0.6042218208312901,0.60424739867448,0.60464073717594,0.60643231868743,0.61162829399108,0.62374372780323,0.64876895397901,0.69692751020193,0.7858721315860699,0.94662529230117,1.34216872602701,1.8799927867948998,2.84851758182048
445.0,0.6039280295371999,0.60395330935716,0.60434645414352,0.60613746941089,0.61133199930191,0.62344178557395,0.6484574377536699,0.69659925997257,0.7855110168457,0.94620898365974,1.34162254445254,1.8792916089296299,2.84756352379918
446.0,0.6036360859870901,0.60366171598434,0.60405461490154,0.6058452129364,0.6110371351242,0.62314277887344,0.64814937859773,0.6962718814611399,0.7851531803607901,0.94579529762268,1.34107913821935,1.8785936124622802,2.84661687538027
447.0,0.60334742069244,0.60337202996015,0.6037652939558,0.60555455088615,0.61074501276016,0.62284569442272,0.64784281700849,0.69594795256853,0.7847967147827101,0.945385992527,1.34054037183523,1.87790077924728,2.84567813575267
448.0,0.60305958986282,0.60308550298213,0.60347820818424,0.60526698827743,0.61045491695404,0.62255159020423,0.64753883332014,0.69562719017267,0.7844445705413801,0.94497820734977,1.34000414423644,1.8772137351334002,2.8447446227073603
449.0,0.6027752161026,0.6027997508645,0.60319280624389,0.60498094558715,0.61016684770584,0.6222584098577401,0.64723709225654,0.6953068003058399,0.7840933799743601,0.9445748031139299,1.33947328478097,1.8765320368111098,2.84381869807839
450.0,0.60249155759811,0.6025169044733,0.60290968418121,0.6046969145536399,0.60988092422485,0.6219684481620701,0.64693699032068,0.69499024003744,0.78374648094177,0.94417333602905,1.3389465361833501,1.87585362419486,2.84289797022938
451.0,0.60221004486083,0.60223607718944,0.60262882709503,0.60441498458385,0.60959750413894,0.62167970836162,0.6466394960880201,0.69467609375715,0.7834009230136799,0.94377470016479,1.33842322975397,1.8751808926463098,2.841985180974
452.0,0.60193145275115,0.60195696353912,0.60234953463077,0.6041350364685,0.6093156337737999,0.62139356136322,0.6463443040847701,0.69436378031969,0.7830581963062201,0.94337999820709,1.33790336363017,1.8745130188763102,2.84107690677046
453.0,0.60165512561798,0.6016798093914899,0.60207243263721,0.6038575917482301,0.6090360879898,0.62110996246337,0.64605149626731,0.6940538287162701,0.78271830081939,0.94298729300498,1.3373868335038401,1.87385022640228,2.8401798866689196
454.0,0.6013805270195,0.60140507668256,0.60179758071899,0.60358168184757,0.6087583303451499,0.62082737684249,0.64576048403978,0.69374517351388,0.78237971663475,0.9425975680351201,1.33687482774257,1.87319391593337,2.83928587660193
455.0,0.60110694169998,0.60113289952278,0.60152421891689,0.60330830514431,0.6084829568862901,0.6205477416515299,0.64547124505043,0.6934403702616599,0.78204491734504,0.94221153855323,1.33636560104787,1.8725393675267599,2.8383978158235497
456.0,0.6008363366127001,0.60086224228143,0.60125315189361,0.60303691029548,0.60820907354354,0.6202698200941,0.64518472552299,0.69313665479421,0.7817118465900399,0.94182720780372,1.33586190454661,1.87189044430851,2.83751767128705
457.0,0.6005679368972701,0.60059352964162,0.60098458826541,0.60276691615581,0.60793763399124,0.6199936568737,0.64490058273077,0.69283603131771,0.78138121962547,0.94144612550735,1.33535938709974,1.8712470121681601,2.83664193376898
458.0,0.60030031204223,0.6003259941935499,0.60071717202663,0.6024989485740601,0.60766834020614,0.61972041428089,0.64461798220872,0.69253683835268,0.78105324506759,0.94106772541999,1.33486162312328,1.87060631439089,2.83577174693346
459.0,0.6000359058380099,0.60006103664636,0.6004519909620201,0.60223345458507,0.60740089416503,0.61944805085659,0.6443375051021499,0.69224001467227,0.78072768449783,0.9406918287277201,1.33436765521764,1.86997305974364,2.83491059020161
460.0,0.5997719168662999,0.59979815781116,0.60018892586231,0.60196933150291,0.6071348786354,0.61917825043201,0.64405819773674,0.69194497913122,0.78040385246276,0.9403190016746501,1.3338782209903,1.8693403340876098,2.83405243232846
461.0,0.59951138496398,0.59953654557466,0.59992741048336,0.60170772671699,0.6068707704544,0.61891049146652,0.64378174394369,0.6916525810956901,0.7800826430320701,0.9399475753307299,1.3333895727992,1.8687149323523,2.83320354670286
462.0,0.59925258159637,0.59927710890769,0.59966772794723,0.60144753754138,0.60660868883132,0.6186444908380501,0.6435071229934599,0.69136229157447,0.77976381778717,0.93958050012588,1.3329069986939401,1.86809262633323,2.8323574624955596
463.0,0.59899449348449,0.59902007132768,0.5994108319282501,0.60118922591209,0.60634905099868,0.61838006973266,0.64323515444993,0.69107406586408,0.77944719791412,0.93921446800231,1.33242612332105,1.86747511476278,2.8315190412104103
464.0,0.59873867034912,0.59876432269811,0.59915477037429,0.60093288123607,0.60609078407287,0.61811780929565,0.64296397566795,0.69078782945871,0.77913379669189,0.93885272741317,1.3319487106055,1.8668628372251899,2.83068742603063
465.0,0.59848445653915,0.59851038455963,0.59890080988407,0.6006779670715301,0.60583448410034,0.61785678565502,0.6426952406763999,0.6905026808381,0.7788211703300401,0.93849241733551,1.33147495239973,1.86625292897224,2.82985789328813
466.0,0.59823334217071,0.59825794398784,0.59864825010299,0.6004253178834901,0.60557997226715,0.6175985038280399,0.64242818951606,0.69022125005722,0.77851122617721,0.93813478946685,1.33100545592606,1.86564837768673,2.82903816178441
467.0,0.5979830622673,0.59800760447978,0.59839789569377,0.60017412900924,0.60532695055007,0.61734125018119,0.64216316491365,0.68994102627038,0.77820396423339,0.93777993321418,1.33053831942379,1.8650483749806799,2.82822205498814
468.0,0.5977337360382,0.59775967150926,0.5981495976447999,0.59992487728595,0.60507625341415,0.61708664894104,0.64190023392438,0.6896617934107699,0.77789795398712,0.93742668628692,1.33007345162332,1.86445373296737,2.82741241529583
469.0,0.59748697280883,0.5975126549601499,0.59790283441543,0.59967747330665,0.6048264503479001,0.6168334633111899,0.64163864403963,0.68938548862934,0.77759420871734,0.9370771050453099,1.3296132851392,1.86386139318346,2.82660577818751
470.0,0.59724217653274,0.59726777672767,0.59765672683715,0.59943188726902,0.60457897186279,0.6165821850299801,0.6413792297244,0.6891112178564,0.77729302644729,0.93672892451286,1.32915668934583,1.8632716089487003,2.8258074298501
471.0,0.5969995260238601,0.59702405333518,0.59741407632827,0.59918765723705,0.60433346033096,0.61633212864398,0.64112199097871,0.68883886933326,0.77699416875839,0.93638360500335,1.32870241254568,1.86268961802124,2.82501242682337
472.0,0.59675759077072,0.5967824161052699,0.59717221558094,0.59894528985023,0.60408979654312,0.6160844862461,0.6408659517765,0.68856817483901,0.77669644355773,0.93604061007499,1.32825003378093,1.8621071614325,2.82422579079866
473.0,0.59651726484298,0.5965419188141801,0.5969316810369399,0.59870475530624,0.6038469076156601,0.6158381104469299,0.64061221480369,0.6882991194725,0.7764014005661,0.93570044636726,1.32780243642628,1.86153202876448,2.82344166561961
474.0,0.5962789654731699,0.59630482643842,0.5966932624578399,0.59846548736095,0.6036062836647,0.6155935525894101,0.6403596997261,0.68803226202726,0.77610903978347,0.93536296486854,1.32735797204077,1.86095920577645,2.82266438752412
475.0,0.5960424542427,0.59606755524873,0.59645695984363,0.59822803735733,0.60336709022521,0.61535039544105,0.6401089727878501,0.6877668052911701,0.7758172750473,0.9350267052650401,1.3269163984805301,1.86039183661341,2.82189187780022
476.0,0.59580785036087,0.59583242982625,0.59622198343276,0.59799253940582,0.60313022136688,0.61510905623435,0.63985976576805,0.68750388175249,0.7755286693572899,0.93469303846359,1.32647714763879,1.85982637479901,2.82112559303641
477.0,0.59557366371154,0.59559932351112,0.5959877371788,0.59775826334953,0.60289406776428,0.61486965417861,0.6396123096346801,0.68724217265844,0.77524179220199,0.9343618154525699,1.32604137808084,1.8592657931149,2.82036219909787
478.0,0.59534257650375,0.59536712616682,0.5957564264535901,0.59752579033374,0.60265982151031,0.6146319359540899,0.6393673047423301,0.68698286265134,0.7749564647674501,0.9340323805809001,1.32560763508081,1.85870967432856,2.8196052983403197
479.0,0.59511131048202,0.59513729810714,0.59552560746669,0.59729512035846,0.60242736339569,0.61439578235149,0.63912335038185,0.68672502785921,0.77467334270477,0.93370616436004,1.32517802156507,1.8581564947962699,2.81885477155447
480.0,0.59488368034362,0.59490824490785,0.59529745578765,0.59706568717956,0.60219663381576,0.61416105926036,0.63888153433799,0.68646875023841,0.77439242601394,0.9333816170692399,1.32475004903972,1.85760718211531,2.8181070387363403
481.0,0.59465700387954,0.59468150138854,0.59506963193416,0.5968380421399999,0.60196721553802,0.61392794549465,0.6386407315731,0.68621432036161,0.77411258220672,0.93305927515029,1.32432672195136,1.85706304386258,2.81736424192786
482.0,0.5944310426712001,0.5944556519389099,0.5948444753885199,0.59661172330379,0.60173964500427,0.61369642615318,0.6384021118283201,0.68596189469099,0.77383524179458,0.93273848295211,1.32390457578003,1.8565210588276302,2.8166288882493897
483.0,0.59420669078826,0.59423180669546,0.5946196764707501,0.59638710319995,0.60151320695877,0.61346670985221,0.63816526532173,0.68571033328771,0.77356022596359,0.9324201047420501,1.32348683662712,1.8559811972081601,2.8158968240022597
484.0,0.59398418664932,0.5940100401639901,0.5943976342678,0.5961638242006301,0.60128861665725,0.61323860287666,0.6379299983382201,0.6854614317417099,0.7732865810394199,0.9321042001247399,1.3230711296200701,1.85544600337743,2.8151688016951
485.0,0.59376353025436,0.59378808736801,0.59417584538459,0.59594218432903,0.60106521844863,0.61301192641258,0.63769540190696,0.68521426618099,0.7730147242546,0.93179076910018,1.3226572200655902,1.8549154549837101,2.8144454509019803
486.0,0.59354323148727,0.59356915950775,0.5939570069312999,0.5957218408584499,0.60084360837936,0.61278645694255,0.63746294379234,0.68496805429458,0.77274447679519,0.93147972226142,1.3222471047192799,1.85438698902726,2.81372965499758
487.0,0.59332597255706,0.59335150569677,0.59373880922794,0.59550374746322,0.60062378644943,0.61256285011768,0.63723263144493,0.68472377955913,0.7724762558937,0.93116989731788,1.3218394685536599,1.85386376455426,2.8130152821540797
488.0,0.59310853481292,0.59313444793224,0.59352208673954,0.59528638422489,0.6004045605659399,0.6123401969671199,0.63700305670499,0.68448132276535,0.7722100615501399,0.930862814188,1.32143489271402,1.85334142670035,2.812305431813
489.0,0.59289354085922,0.59291946142911,0.59330686926841,0.59507070481777,0.60018718242645,0.61211960017681,0.63677459955215,0.68423993140459,0.77194547653198,0.9305568337440401,1.32103204540908,1.85282434895634,2.81160322576761
490.0,0.5926806926727199,0.59270545095205,0.59309297800064,0.59485618770122,0.59997147321701,0.6119005233049299,0.63654842972755,0.68399982154369,0.77168256044387,0.93025296926498,1.32063404470682,1.8523121252655899,2.8109034858644
491.0,0.59246814250946,0.59249375760555,0.59288069605827,0.59464299678802,0.59975695610046,0.61168290674686,0.63632407784461,0.68376275897026,0.77142113447189,0.92995175719261,1.32023650594055,1.8517988622188502,2.81020958349108
492.0,0.59225749969482,0.59228257089853,0.5926696062088,0.59443145990371,0.5995442271232599,0.61146621406078,0.63610070198774,0.68352626264095,0.7711618542671199,0.9296528398990599,1.31984192878007,1.85129290446639,2.80951988324522
493.0,0.5920474529266301,0.59207308292388,0.59246024489402,0.59422163665294,0.5993326306343,0.61125148832798,0.63587940484285,0.68329180032014,0.7709035873413,0.9293550252914401,1.319450462237,1.8507890067994501,2.80883359163999
494.0,0.59183901548385,0.5918650031089701,0.59225191175937,0.59401297569274,0.59912228584289,0.61103731393814,0.63565889000892,0.68305803835392,0.77064836025238,0.9290596842765799,1.3190611731261,1.85028916969895,2.8081526160240102
495.0,0.59163331985473,0.59165873378515,0.59204469621181,0.59380541741847,0.59891349077224,0.6108254790306,0.63543936610221,0.68282696604728,0.77039325237274,0.92876562476158,1.3186747953295699,1.84979167953133,2.80747463554143
496.0,0.59142726659774,0.5914531648159,0.59183911979198,0.5935996770858699,0.59870600700378,0.6106146425008699,0.63522198796272,0.68259759247303,0.77014058828353,0.92847368121147,1.31829087249934,1.8492958582937697,2.80680233240127
497.0,0.5912242531776399,0.59124852716922,0.59163546562194,0.59339499473571,0.59850019216537,0.61040531098842,0.63500630110502,0.68236826360225,0.76988959312438,0.92818421125411,1.31790877133607,1.84880475327372,2.80613524839282
498.0,0.5910215973853999,0.59104587137699,0.59143276512622,0.59319162368774,0.59829550981521,0.61019740998744,0.63479164242744,0.68214131891727,0.76964104175567,0.92789590358734,1.3175301849841998,1.8483181707561,2.8054717034101397
499.0,0.5908192992210299,0.59084519743919,0.59123069047927,0.5929896980524,0.59809207916259,0.6099909543991,0.63457814604043,0.68191546201705,0.7693925499916,0.9276098012924099,1.31715354323387,1.84783329442143,2.80481174588203
500.0,0.5906199812889,0.59064545482397,0.5910307765007,0.59278909862041,0.5978901982307401,0.60978542268276,0.6343663409352299,0.6816917434334699,0.76914703845977,0.9273259043693499,1.31677827984094,1.84735041111707,2.80415622889995
501.0,0.5904203653335499,0.59044627100229,0.59083180129528,0.5925896614789901,0.59768950939178,0.6095818132162001,0.63415560126304,0.68146844953298,0.7689021825790401,0.92704316973686,1.31640640087425,1.8468712754547498,2.80350476503372
502.0,0.5902232527732799,0.59024901688098,0.59063440561294,0.59239177405834,0.59748989343643,0.60937921702861,0.63394677639007,0.68124744296073,0.76865875720977,0.9267629086971201,1.31603783555328,1.84639682993292,2.80285880714654
503.0,0.59002691507339,0.59005285799503,0.59043794870376,0.59219507873058,0.59729206562042,0.6091775894164999,0.63373959809541,0.68102737516164,0.76841735839843,0.9264847636222799,1.31566969491541,1.84592454135417,2.80221341922879
504.0,0.58983218669891,0.58985725045204,0.59024363756179,0.59199939668178,0.59709525108337,0.60897772014141,0.63353241235017,0.68080959469079,0.76817798614501,0.9262077808380099,1.3153049070387999,1.8454535007476802,2.80157590657472
505.0,0.5896388888359,0.58966351300477,0.59004992246627,0.59180551767349,0.59689909219741,0.6087788492441101,0.63332711905241,0.6805921271443299,0.76793956756591,0.9259316623210899,1.31494346819818,1.84498735144734,2.80094006285071
506.0,0.58944630622863,0.58947182446718,0.5898567885160401,0.59161214530467,0.59670507907867,0.6085814088582899,0.63312372565269,0.68037585169076,0.76770257949829,0.9256580770015699,1.3145825173705799,1.8445249944925302,2.80030933022499
507.0,0.58925545215606,0.58928067237138,0.5896657705307,0.5914208889007501,0.5965116620063701,0.6083853989839499,0.63292124867439,0.68016244471073,0.76746720075607,0.92538663744926,1.31422473676502,1.8440648689866002,2.7996831126511
508.0,0.58906608819961,0.58909051865339,0.58947533369064,0.5912303328513999,0.59632039070129,0.60819065570831,0.63272055983543,0.6799494549632,0.76723390817642,0.9251171350479099,1.31387011148035,1.8436058200895702,2.79905971139669
509.0,0.5888761878013601,0.58890195935964,0.58928704261779,0.5910407900810201,0.5961296558380099,0.60799694061279,0.63252058625221,0.6797375306487,0.76700145006179,0.92484882473945,1.3135167136788302,1.84315174445509,2.79844082146883
510.0,0.5886892080307,0.58871450275182,0.5890994220972,0.59085281193256,0.5959401130676201,0.60780425369739,0.63232176750898,0.67952809482812,0.76677000522613,0.92458197474479,1.31316576153039,1.84269845858216,2.79782466962933
511.0,0.58850288391113,0.5885276421904501,0.58891251683235,0.59066598117351,0.5957516431808401,0.6076128333806899,0.63212453573942,0.6793193668127,0.7665416002273501,0.92431688308715,1.31281554512679,1.8422504328191198,2.79721342399716
512.0,0.58831775188446,0.58834270387887,0.58872728049755,0.5904802680015501,0.59556478261947,0.6074228435754699,0.63192835450172,0.67911141365766,0.76631313562393,0.9240539073944,1.31246924400329,1.84180336818099,2.7966058030724503
513.0,0.58813345432281,0.5881584286689701,0.58854316174983,0.59029555320739,0.59537893533706,0.60723423957824,0.63173378258943,0.67890522629022,0.76608663797378,0.92379224300384,1.3121243361383599,1.84136056900024,2.7960017248988103
514.0,0.58795154094696,0.58797591179609,0.5883604735136,0.59011250734329,0.5951941609382599,0.60704652965068,0.6315401867032,0.67870020866394,0.76586210727691,0.9235323369502999,1.31178260035812,1.84091955423355,2.7954033166170102
515.0,0.58776932954788,0.58779402822256,0.5881786793470299,0.58993004262447,0.59501057863235,0.60685977339744,0.63134711235761,0.67849693447351,0.7656375169754,0.92327380180358,1.31144285947084,1.8404803536832302,2.7948056943714596
516.0,0.58758860826492,0.58761312067508,0.5879977792501401,0.58974911272525,0.59482848644256,0.6066747456789,0.6311562359333,0.6782946139574,0.7654159665107699,0.92301738262176,1.31110423989593,1.84004523605108,2.79421276599168
517.0,0.58740955591201,0.5874338299035999,0.58781830966472,0.58956921100616,0.59464746713638,0.6064911186695,0.63096601516008,0.67809277772903,0.76519525051116,0.92276266217231,1.3107675686478601,1.83961207047104,2.79362263903021
518.0,0.58723098039627,0.58725548535585,0.58763995766639,0.5893903970718299,0.5944669842720001,0.60630762577056,0.63077747076749,0.6778931766748401,0.76497513055801,0.92250931262969,1.3104337695986001,1.8391824215650499,2.79303754493594
519.0,0.58705401420593,0.58707875013351,0.58746314048767,0.58921267092227,0.59428817033767,0.6061256974935499,0.63058959692716,0.67769481241703,0.764757335186,0.92225691676139,1.3101019486784902,1.8387549407780102,2.79245646297931
520.0,0.58687734603881,0.58690293133258,0.58728684484958,0.58903580904006,0.59411031007766,0.60594484210014,0.63040277361869,0.67749691754579,0.76454007625579,0.9220064580440499,1.3097727894783,1.83833096921443,2.79187651723623
521.0,0.58670282363891,0.58672751486301,0.5871116667985901,0.5888601988554,0.59393352270126,0.60576528310775,0.63021772354841,0.6773014217615101,0.76432520151138,0.9217582941055199,1.30944391340017,1.83790870383381,2.7913026176393
522.0,0.58652818202972,0.58655406534671,0.58693793416023,0.5886855721473601,0.5937577486038199,0.60558702051639,0.63003322482109,0.67710631340742,0.7641107439994801,0.92151096463203,1.3091179355978901,1.83748825266957,2.7907295897603
523.0,0.5863553285598699,0.58638121187686,0.58676506578922,0.58851246535778,0.59358352422714,0.60541009902954,0.62985049933195,0.6769122704863499,0.7638983130455,0.92126452922821,1.30879478901624,1.8370711766183299,2.7901635617017697
524.0,0.58618426322937,0.58620902150869,0.5865930914878801,0.58833986520767,0.59340995550155,0.60523365437984,0.62966882437467,0.67672058194875,0.76368677616119,0.92102015018463,1.30847346037626,1.83665662258863,2.78959782794117
525.0,0.58601433038711,0.58603873103857,0.58642235398292,0.58816939592361,0.59323734045028,0.60505856573581,0.62948781996965,0.6765285655856099,0.7634761333465501,0.92077827453613,1.30815325304865,1.8362451121211,2.789036616683
526.0,0.5858440995216301,0.58586879819631,0.58625265955924,0.58799891173839,0.59306615591049,0.60488387942314,0.62930809706449,0.67633911222219,0.7632673382759,0.92053687572479,1.30783523805439,1.8358355425298198,2.78847834840416
527.0,0.58567529916763,0.58569980412721,0.5860835760831801,0.58782990276813,0.5928960442543,0.60471096634864,0.62912959605455,0.6761492267251,0.76305961608886,0.9202964007854401,1.30751973390579,1.83542776852846,2.78792407736182
528.0,0.58550816774368,0.58553241938352,0.5859163403511001,0.5876618623733499,0.59272652864456,0.6045393049716901,0.62895160168409,0.67596179246902,0.76285326480865,0.92005798220634,1.3072043210267998,1.8350233472883701,2.78737419843673
529.0,0.5853413939476,0.58536586165428,0.5857495069503701,0.58749437332153,0.59255838394165,0.60436810553073,0.62877542525529,0.6757743731141,0.76264828443527,0.9198216199874799,1.30689314194023,1.8346209302544498,2.78682649508118
530.0,0.58517509698867,0.58520072698593,0.58558355271816,0.58732897043228,0.59239095449447,0.60419823229312,0.62859993427991,0.67558904737234,0.7624446749687099,0.9195862114429401,1.3065819106996,1.834222137928,2.7862822264432903
531.0,0.58501124382019,0.5850366577506,0.58541898429393,0.58716350793838,0.59222483634948,0.60402964055538,0.62842594832181,0.6754046082496601,0.76224207878112,0.9193516969680701,1.30627379752695,1.8338250890374101,2.7857387065887402
532.0,0.58484721183776,0.5848728120326899,0.5852552652359,0.58699943125247,0.59205985069274,0.60386146605014,0.62825289368629,0.67522172629833,0.76204031705856,0.91911885142326,1.30596679449081,1.83342891559004,2.78520314395427
533.0,0.5846856236457799,0.58470974117517,0.58509315550327,0.58683656156063,0.5918952822685201,0.60369457304477,0.62808063626289,0.6750397533178301,0.76184046268463,0.91888836026191,1.30566151253879,1.83303764835,2.78466699272394
534.0,0.58452421426773,0.58454861491918,0.58493092656135,0.5866745263338,0.59173226356506,0.60352902114391,0.62790903449058,0.67485816031694,0.76164102554321,0.9186587333679099,1.30535899288952,1.8326467946171698,2.78413492441177
535.0,0.5843634009361199,0.5843877792358301,0.58477018773555,0.5865129828453,0.59157013893127,0.6033639460802,0.62773886322975,0.6746776252985,0.76144343614578,0.9184298813342999,1.30505805462598,1.8322582803666498,2.78360496461391
536.0,0.58420306444168,0.58422757685184,0.58461101353168,0.58635352551937,0.59140908718109,0.60320004820823,0.6275705397129,0.67449880391359,0.76124691963195,0.918202906847,1.3047588355839201,1.8318724296987,2.78308071568608
537.0,0.5840445160865699,0.58406922966241,0.58445236086845,0.58619390428066,0.59124839305877,0.60303777456283,0.62740179896354,0.67432138323783,0.76105207204818,0.9179770052433,1.30446206964552,1.8314891792833798,2.78255932033061
538.0,0.58388704061508,0.58391150832176,0.58429446816444,0.58603589236736,0.59108930826187,0.6028752028942099,0.6272347941994599,0.6741443201899501,0.76085716485977,0.9177527427673301,1.30416582338511,1.83110893517732,2.7820388861000502
539.0,0.58373010158538,0.5837553218007,0.5841373950242901,0.5858787894248899,0.59093111753463,0.6027143150568001,0.62706860899925,0.6739683225750901,0.76066464185714,0.9175294637679999,1.30387194827198,1.8307300060987401,2.781522706151
540.0,0.58357465267181,0.58359876275062,0.5839817076921401,0.58572262525558,0.5907734632492,0.60255503654479,0.62690377235412,0.6737942174077,0.76047205924987,0.91730725765228,1.30357905477285,1.83035291731357,2.78101061657071
541.0,0.58341968059539,0.58344385772943,0.5838267356157301,0.58556699752807,0.5906167626380899,0.60239538550376,0.6267396509647299,0.67361999303102,0.76028132438659,0.9170867204666099,1.30328918434679,1.8299795016646299,2.78049985691905
542.0,0.5832652449607799,0.58329048752784,0.5836724638938899,0.58541269600391,0.5904614925384499,0.6022374182939499,0.6265762373805001,0.67344828695058,0.76009237766265,0.91686823964118,1.3029994983226,1.8296053372323502,2.77999223768711
543.0,0.58311229944229,0.58313672989606,0.58351954817771,0.5852589160203899,0.59030663967132,0.6020806282758701,0.6264147236943199,0.6732761189341501,0.75990331172943,0.91665017604827,1.30271285586059,1.82923705130815,2.7794888727366898
544.0,0.58295977115631,0.58298474550247,0.58336649835109,0.58510607481002,0.5901532769203099,0.6019242554902999,0.62625347822904,0.67310542613267,0.75971561670303,0.9164334237575501,1.30242703296244,1.8288678377866698,2.7789865434169703
545.0,0.58280843496322,0.5828341692686,0.58321578800678,0.58495430648326,0.5900005102157501,0.60176879167556,0.6260930597782101,0.67293615639209,0.75952982902526,0.91621854901313,1.30214358307421,1.8285018801689101,2.77848789095878
546.0,0.58265876770019,0.58268315345048,0.5830647945404,0.58480381965637,0.5898485183715799,0.60161450505256,0.6259330436587299,0.67276711761951,0.75934451818466,0.91600409150123,1.30186035111546,1.82813956961035,2.77799237146973
547.0,0.58250957727432,0.58253391087055,0.5829154998064,0.58465331792831,0.58969736099243,0.6014614701271,0.62577498704195,0.67259933799505,0.7591603398323,0.9157917499542201,1.30158035084605,1.82777710631489,2.77750013396143
548.0,0.5823606848716699,0.5823850631713801,0.58276657760143,0.5845043063163701,0.58954685926437,0.6013087481260201,0.62561713904142,0.67243311554193,0.7589766383170999,0.91558018326759,1.3013009764254,1.8274171911179997,2.77700985595583
549.0,0.58221226930618,0.58223678171634,0.58261850476264,0.5843561887741,0.58939778804779,0.60115730762481,0.62546127289533,0.67226694524288,0.75879472494125,0.91536948084831,1.30102442391216,1.82706148549914,2.7765245027840098
550.0,0.58206558227539,0.58209020644426,0.5824715942144301,0.58420901000499,0.5892495512962299,0.6010058522224401,0.62530576437711,0.67210217565298,0.75861424207687,0.9151605367660499,1.3007489554584,1.82670469954609,2.77603936195373
551.0,0.5819199681282,0.58194408565759,0.58232551813125,0.58406282961368,0.58910226821899,0.6008564978837899,0.62515118718147,0.67193861305713,0.75843405723571,0.9149522781372,1.30047472938895,1.82635162398219,2.7755581848323296
552.0,0.58177459239959,0.58179876953363,0.58218017220497,0.58391694724559,0.58895546197891,0.60070747137069,0.62499671429395,0.67177607119083,0.75825476646423,0.91474583745002,1.30020102299749,1.8260001540183999,2.77507654950022
553.0,0.5816301107406601,0.58165474981069,0.58203613758087,0.58377201855182,0.58880949020385,0.60055881738662,0.6248442158102899,0.67161375284194,0.75807774066925,0.91454064846038,1.29993088915944,1.8256518840789702,2.77460229769349
554.0,0.58148568868637,0.58151151239871,0.5818925797939299,0.58362792432308,0.58866447210311,0.60041218996047,0.62469223886728,0.67145282030105,0.7579001188278099,0.91433545947074,1.29966174438595,1.82530456036329,2.7741288654506198
555.0,0.5813439488410901,0.58136868476867,0.5817499756812999,0.58348487317562,0.58852040767669,0.6002656072378101,0.62454076856374,0.6712932735681499,0.7577242851257301,0.91413268446922,1.29939340427517,1.82495867833495,2.77365793660283
556.0,0.5812023282051,0.5812264159321701,0.58160746097564,0.5833426862955,0.58837711811065,0.60012012720108,0.62439077347517,0.67113395035266,0.7575502395629801,0.91393062472343,1.29912666417658,1.82461637631058,2.77319039404392
557.0,0.58106130361557,0.58108561486005,0.5814668536186199,0.58320140838623,0.58823496103286,0.5999746918678199,0.62424156069755,0.67097554355859,0.75737613439559,0.9137301445007301,1.29886242374777,1.8242734372615799,2.77272437885403
558.0,0.58092075586318,0.5809454917907699,0.58132635056972,0.58306062221527,0.58809316158294,0.59983128309249,0.62409275025129,0.6708183810114801,0.75720328092575,0.91353049874305,1.29859944060444,1.8239358216524102,2.77226109802722
559.0,0.5807815194129899,0.5808056369423801,0.58118690550327,0.58292061090469,0.58795219659805,0.59968818724155,0.62394472211599,0.67066216468811,0.75703179836273,0.91333159804344,1.2983375377953001,1.8235973082482801,2.77180169150233
560.0,0.58064252138137,0.58066772669553,0.58104768395423,0.58278149366378,0.58781212568283,0.5995454788208,0.62379816919565,0.67050668597221,0.75686055421829,0.91313433647155,1.2980762515217001,1.82326193898916,2.77134349569678
561.0,0.58050495386123,0.58052912354469,0.58090989291667,0.58264338970184,0.58767294883728,0.59940432012081,0.62365201860666,0.67035204917192,0.7566906809806799,0.9129377603530799,1.29781852848827,1.8229287229478301,2.77088914811611
562.0,0.58036786317825,0.5803920328616999,0.58077280223369,0.58250606060028,0.5875346064567499,0.59926316142082,0.6235065087675999,0.67019847035408,0.75652223825454,0.91274312138557,1.29756102897226,1.82259557768702,2.77043738961219
563.0,0.58023124933242,0.58025645464658,0.5806363970041201,0.58236920833587,0.58739680051803,0.59912398457527,0.62336264550685,0.67004554718732,0.7563539147377,0.91254925727844,1.29730495251715,1.82226709648966,2.76998777687549
564.0,0.58009612560272,0.58012025058269,0.5805012583732599,0.5822331309318499,0.5872597694396899,0.59898471832275,0.62321937829256,0.66989329457283,0.75618702173233,0.9123561680316901,1.29705036990344,1.82193844020366,2.76954099535942
565.0,0.57996118068695,0.57998585700988,0.5803664624691001,0.5820980519056299,0.5871236920356699,0.59884591400623,0.62307635694742,0.669742166996,0.7560213804244901,0.9121634960174501,1.2967968340963099,1.82161206007003,2.76909582316875
566.0,0.5798274874687099,0.5798517987132,0.58023236691951,0.58196388185024,0.5869885087013199,0.5987085849046699,0.62293403595685,0.66959242522716,0.7558556795120199,0.91197276115417,1.2965453341603201,1.8212863728404,2.76865291595459
567.0,0.5796934962272601,0.57971841096878,0.58009894192218,0.5818304419517499,0.58685368299484,0.5985716879367801,0.6227931752800899,0.6694430708885101,0.75569158792495,0.9117834866046899,1.29629496484994,1.82096372172236,2.76821188628673
568.0,0.57956176996231,0.5795863494276999,0.57996590435504,0.58169692754745,0.5867201089859,0.59843629598617,0.62265313416719,0.6692945063114101,0.75552839040756,0.91159424185752,1.29604599066078,1.8206431977450799,2.7677739560604
569.0,0.57942920923233,0.57945468276739,0.57983422279357,0.58156526088714,0.5865871310234,0.59830048680305,0.62251316010952,0.66914620250463,0.7553664445877,0.9114065170288,1.2957986369729,1.8203250989317799,2.76733861491084
570.0,0.57929807901382,0.57932361960411,0.57970309257507,0.5814340710639899,0.5864548087120001,0.59816618263721,0.6223739162087399,0.66899988800287,0.75520491600036,0.91122066974639,1.29555283859372,1.8200066201388798,2.76690692082047
571.0,0.57916849851608,0.57919311523437,0.57957269251346,0.5813031792640599,0.58632296323776,0.59803231060504,0.62223652005195,0.66885352134704,0.75504457950592,0.9110352993011399,1.29530813917517,1.81969125941395,2.76647639647126
572.0,0.5790387988090501,0.57906294614076,0.57944351434707,0.5811730623245199,0.58619207143783,0.59789985418319,0.62209934741258,0.66870834678411,0.75488412380218,0.9108506441116301,1.2950648944824898,1.8193766623735401,2.76604906097054
573.0,0.57891005277633,0.5789342150092099,0.57931467890739,0.5810439139604501,0.5860623717308,0.59776706993579,0.6219624802470199,0.66856388747692,0.7547258734703,0.91066670417785,1.2948226127773501,1.81906596571207,2.76562244072556
574.0,0.5787815451622,0.57880645990371,0.57918652892112,0.58091557025909,0.58593255281448,0.59763576090335,0.6218262612819601,0.66842032968997,0.75456792116165,0.91048458218574,1.29458123818039,1.8187558874487801,2.76519967988133
575.0,0.57865399122238,0.57867979258298,0.57905901968479,0.58078761398792,0.58580368757247,0.59750482439994,0.6216916665434801,0.66827744245529,0.75441080331802,0.91030287742614,1.29434279724955,1.8184470199048501,2.7647796459496
576.0,0.57852810621261,0.57855248451232,0.57893176376819,0.58066046237945,0.5856761932373,0.59737534821033,0.62155733257532,0.66813495010137,0.7542549967765799,0.91012200713157,1.29410447366535,1.81813951954245,2.76435938477516
577.0,0.57840150594711,0.57842668890953,0.5788058489561,0.58053429424762,0.58554881811141,0.59724552929401,0.62142387032508,0.66799446195364,0.75409984588623,0.9099425971508001,1.29386750794947,1.8178351931273902,2.7639424391090803
578.0,0.57827633619308,0.57830149680376,0.5786806344985901,0.58040887117385,0.58542197942733,0.59711714088916,0.62129164487123,0.6678528934717101,0.75394511222839,0.9097642600536301,1.29363273829221,1.81753026694059,2.7635308615863297
579.0,0.57815253734588,0.5781768783926899,0.57855574786663,0.5802837163209901,0.58529651165008,0.59698905050754,0.6211587116122199,0.66771425306797,0.75379109382629,0.90958705544471,1.2933974247425701,1.8172276988625498,2.7631178535521
580.0,0.57802802324295,0.5780524313449801,0.57843229174613,0.5801590681076,0.58517134189605,0.59686218202114,0.6210275590419699,0.66757448017597,0.75363838672637,0.90941107273101,1.29316517710685,1.81692910194396,2.76270638406276
581.0,0.57790488004684,0.57792951166629,0.57830838859081,0.58003564178943,0.58504647016525,0.59673517942428,0.6208977475762301,0.66743568331003,0.753486931324,0.9092352390289301,1.2929338254034501,1.81662881374359,2.7623003162443602
582.0,0.57778292894363,0.57780719548463,0.57818596065044,0.57991260290145,0.58492296934127,0.5966097563505101,0.62076760083436,0.66729845851659,0.75333619117736,0.9090602397918699,1.29270346276462,1.81633231043815,2.76189504936337
583.0,0.57766050100326,0.57768511772155,0.5780638307332899,0.57979041337966,0.58479934930801,0.59648458659648,0.6206387206912001,0.66716156899929,0.75318533182144,0.9088867008686,1.2924739047884901,1.81603642180562,2.7614921815693303
584.0,0.5775391459465,0.57756330072879,0.57794250547885,0.57966889441013,0.58467710018157,0.59636016190052,0.62051031738519,0.6670261174440301,0.7530362010002101,0.90871432423591,1.29224613122642,1.81574315577745,2.76109021902084
585.0,0.5774193406104999,0.57744358479976,0.57782226800918,0.57954788208007,0.58455562591552,0.59623688459396,0.62038242816925,0.66689063608646,0.75288730859756,0.90854188799858,1.29201943986117,1.81545018032193,2.76069213449954
586.0,0.57729870080947,0.57732381671667,0.57770237326622,0.57942767441272,0.58443444967269,0.59611305594444,0.62025509029626,0.66675606369972,0.75274014472961,0.90837156772613,1.29179398342967,1.8151592239737497,2.76029615104198
587.0,0.57717949151992,0.57720460742712,0.57758311927318,0.57930822670459,0.58431357145309,0.595990806818,0.6201290413737199,0.66662234812974,0.7525923252105701,0.90820172429084,1.29156988486647,1.8148700706660699,2.7598995603621
588.0,0.57706040143966,0.57708558440208,0.57746440172195,0.57918907701969,0.58419406414031,0.59586957097053,0.62000358849763,0.66648972779512,0.75244629383087,0.90803217887878,1.29134708084166,1.81458365172147,2.75950838252902
589.0,0.57694309949874,0.57696716487407,0.57734578847885,0.5790709406137401,0.5840749144554099,0.5957483202218999,0.61987850815057,0.66635683923959,0.75230085849761,0.90786445140838,1.29112463817,1.8142965622246199,2.75911788642406
590.0,0.57682591676712,0.57685048878192,0.57722896337509,0.5789529681205701,0.5839560031890799,0.59562727808952,0.61975397914648,0.6662254929542499,0.75215673446655,0.9076974391937199,1.29090476036071,1.8140120282769199,2.7587304897606297
591.0,0.57670867443084,0.57673382014036,0.57711224257946,0.57883571088314,0.58383840322494,0.59550781548023,0.61962988227605,0.66609444469213,0.7520129680633499,0.9075307548046099,1.2906842324882701,1.8137284591793998,2.75834229588508
592.0,0.5765920877456601,0.5766175687313,0.57699601352214,0.57871942222118,0.58372122049331,0.59538862109184,0.61950703710317,0.6659647896885801,0.75186991691589,0.90736472606658,1.29046550765633,1.81344894692301,2.75796031579375
593.0,0.5764777064323401,0.57650199532508,0.57688046991825,0.57860343158245,0.58360427618026,0.5952705442905399,0.6193847954273201,0.66583509743213,0.7517275810241699,0.90720066428184,1.2902490068227,1.813167180866,2.7575767301022998
594.0,0.57636255025863,0.5763866677880201,0.57676509022712,0.57848870754241,0.58348870277404,0.59515233337879,0.61926305294036,0.66570632904767,0.75158554315567,0.90703678131103,1.29003353789448,1.81288946792483,2.75719707086682
595.0,0.5762482285499501,0.5762727037072101,0.57665105164051,0.57837373018264,0.58337330818176,0.59503529965877,0.61914261430501,0.66557797789573,0.7514447569847099,0.90687355399131,1.28981843031942,1.8126122578978499,2.75681884214282
596.0,0.57613462209701,0.5761592388153,0.57653756439685,0.57826013863086,0.58325833082199,0.59491884708404,0.61902141571044,0.66545037925243,0.75130468606948,0.90671202540397,1.28960534185171,1.8123354949057102,2.7564418353140296
597.0,0.57602173089981,0.57604601979255,0.57642449438571,0.57814687490463,0.58314406871795,0.59480266273021,0.6189019978046401,0.66532438993453,0.75116533041,0.90655097365379,1.2893919255584398,1.81206253543496,2.75606892630457
598.0,0.57590943574905,0.57593351602554,0.57631158828735,0.5780338793992901,0.5830307602882301,0.59468722343444,0.61878285557031,0.66519776731729,0.75102722644805,0.90639063715934,1.2891803458333,1.8117883875965999,2.75569594278931
599.0,0.57579809427261,0.57582233846187,0.57620015740394,0.5779216289520199,0.5829175710678101,0.5945720821619,0.6186641827225601,0.6650724112987499,0.75088942050933,0.90623176097869,1.28897095657885,1.81151735037565,2.75532534718513
600.0,0.57568567991256,0.57571013271808,0.57608856260776,0.57781030237674,0.58280533552169,0.59445802867412,0.6185469105839699,0.66494743525981,0.7507522702217101,0.9060733616352,1.28876138478517,1.81124913692474,2.75495699048042
601.0,0.57557564973831,0.57559973746538,0.57597780227661,0.57769918441772,0.58269375562667,0.59434469044208,0.61842881888151,0.66482396423816,0.7506154179573,0.90591537952423,1.28855271078646,1.81097981333732,2.75459139049053
602.0,0.57546508312225,0.57548952847719,0.57586757838726,0.57758873701095,0.5825821161270099,0.5942315310239701,0.61831250786781,0.6646996960043899,0.75047934055328,0.90575823187828,1.28834601677954,1.81071370095014,2.75422662496566
603.0,0.5753557085990899,0.57538086175918,0.57575799524784,0.57747930288314,0.58247172832489,0.59411907196044,0.61819633841514,0.66457735747098,0.75034493207931,0.90560248494148,1.28814040124416,1.81044586747884,2.7538627088069902
604.0,0.57524687051773,0.57527143508195,0.57564949989318,0.57736957073211,0.5823615193367,0.59400768578052,0.61808167397975,0.66445489972829,0.75021070241928,0.90544751286506,1.28793550468981,1.8101814687252,2.75350216031074
605.0,0.5751391053199699,0.57516361027956,0.57554045319557,0.57726109027862,0.58225268125534,0.5938966125249799,0.6179663836956001,0.66433350741863,0.7500768303871099,0.9052930176258001,1.28773166984319,1.8099196814000602,2.7531441338360296
606.0,0.5750303864478999,0.57505585998296,0.57543291151523,0.57715290784835,0.5821436047554,0.5937854647636399,0.61785248667001,0.6642128303646999,0.74994361400604,0.9051389396190599,1.2875284217298,1.8096570707857602,2.75278604030609
607.0,0.57492315769195,0.57494857162237,0.5753256380558001,0.57704544067382,0.58203536272048,0.59367525577545,0.61773890256881,0.6640918627381299,0.74981158971786,0.90498623251914,1.28732739761471,1.80939806625247,2.75243163108825
608.0,0.57481724023818,0.57484183460474,0.57521960139274,0.57693837583065,0.58192735910415,0.5935661047697,0.61762598156929,0.66397251933813,0.74968034029006,0.90483418107032,1.28712590038776,1.80913914367556,2.75207786262035
609.0,0.5747113823890599,0.57473509013652,0.57511319220066,0.5768319517374,0.58182054758071,0.59345692396163,0.6175132766366,0.66385342180728,0.74954932928085,0.9046825170516901,1.2869258634746,1.8088812045753002,2.7517265677452
610.0,0.57460606098175,0.5746302679181,0.57500699162483,0.57672590017318,0.5817142128944299,0.59334909915924,0.61740198731422,0.66373557597398,0.74941909313201,0.9045326411724,1.2867276202887201,1.80862437561154,2.75137727335095
611.0,0.57449996471405,0.5745254382491101,0.57490199804306,0.57662105560302,0.5816075205802901,0.5932412147521899,0.6172901466488799,0.6636177226901,0.74928992986679,0.9043833911418899,1.28653024695813,1.8083702288568,2.75102935731411
612.0,0.57439595460891,0.5744210705161,0.5747976303100499,0.5765160471200901,0.5815026164054801,0.59313397109508,0.61717953532934,0.6635008230805299,0.74916160106658,0.90423440933227,1.28633403778076,1.80811682343482,2.75068354979157
613.0,0.57429140806198,0.57431691139936,0.57469381392002,0.57641173899173,0.5813974142074501,0.59302741289138,0.6170692145824399,0.66338399052619,0.7490334510803199,0.9040859937667799,1.2861377671360898,1.80786476284265,2.7503379248082602
614.0,0.5741892457008301,0.57421326637268,0.57459078729152,0.5763083249330501,0.58129304647445,0.59292101860046,0.6169596016407,0.66326836496591,0.74890559911727,0.9039380550384499,1.28594396449625,1.8076129667460898,2.74999412894248
615.0,0.57408601045608,0.57410980761051,0.57448749244213,0.57620501518249,0.5811889767646701,0.59281577169895,0.61685118824243,0.66315269470214,0.7487783432006799,0.9037913978099801,1.2857499849051202,1.8073623962700298,2.7496541291475203
616.0,0.57398337125778,0.57400789111852,0.57438538968563,0.57610267400741,0.58108568191528,0.59271073341369,0.61674201488494,0.6630380898714,0.74865239858627,0.9036453962326,1.2855569850653399,1.80711499601602,2.7493151277303602
617.0,0.57388192415237,0.5739063993096299,0.57428380846977,0.57600040733814,0.58098268508911,0.5926062464714,0.61663449555635,0.6629233956336901,0.74852710962295,0.90350127220153,1.28536543436348,1.80686632543802,2.74897779524326
618.0,0.57378059625625,0.57380507141351,0.57418248057365,0.5758989006280799,0.58088034391403,0.59250216186046,0.61652720719575,0.66280981153249,0.74840193986892,0.9033561646938301,1.28517581708729,1.80662024766206,2.74864087998867
619.0,0.57368022203445,0.57370392978191,0.57408140599727,0.57579779624938,0.58077877759933,0.5923986881971299,0.61642014235258,0.6626966446638101,0.74827766418457,0.9032128155231399,1.28498566895723,1.80637731403112,2.7483064122498
620.0,0.57357943058013,0.57360457628965,0.57398085296154,0.57569736242294,0.58067744970321,0.59229622781276,0.61631473898887,0.66258500516414,0.74815446138381,0.9030698835849701,1.284797526896,1.8061331696808298,2.7479750216007197
621.0,0.57348006963729,0.57350413501262,0.57388149201869,0.5755970925092599,0.58057701587677,0.59219324588775,0.61620857566595,0.66247250884771,0.7480315566062901,0.9029271304607299,1.2846085578203201,1.80588954314589,2.74764433130621
622.0,0.57338088750839,0.57340536266565,0.57378181815147,0.5754977017641,0.5804765224456699,0.59209163486957,0.61610350757837,0.66236185282468,0.74790930747985,0.9027861356735201,1.28442215174436,1.80564844608306,2.74731498584151
623.0,0.57328277826309,0.57330664992332,0.5736828893422999,0.575399056077,0.5803766846656699,0.59199030697345,0.61599922925233,0.66225007921457,0.7477877140045099,0.90264463424682,1.2842367421835599,1.80540895834565,2.74698846042156
624.0,0.57318407297134,0.57320864498615,0.57358467578887,0.57530011236667,0.58027791976928,0.5918892621994,0.6158948838710699,0.66214007884263,0.74766594171524,0.90250453352928,1.28405153006315,1.8051705025136402,2.74666258692741
625.0,0.57308655977249,0.57311051338911,0.57348683476448,0.5752024054527201,0.5801793336868201,0.59178878366947,0.6157911792397399,0.66203096508979,0.74754577875137,0.9023659527301701,1.28386767953634,1.8049341738223998,2.74633722007274
626.0,0.5729888677597,0.57301291823387,0.57338999211788,0.5751044154167101,0.58008104562759,0.5916893929243,0.6156888082623401,0.66192159056663,0.74742531776428,0.90222680568695,1.2836852800101,1.8046967275440602,2.7460136525332897
627.0,0.57289212942123,0.57291673868894,0.57329267263412,0.57500779628753,0.57998305559158,0.5915902107954,0.6155856475234001,0.6618136763572601,0.74730610847473,0.90208935737609,1.2835024669766402,1.80446266382932,2.74569350481033
628.0,0.57279527187347,0.57282074540853,0.5731969475746099,0.57491087913513,0.5798858404159499,0.59149158000946,0.61548373103141,0.66170496493577,0.74718797206878,0.9019521474838201,1.28332135081291,1.80422852933406,2.74537479504942
629.0,0.5726998448371801,0.57272396236658,0.57310134172439,0.57481521368026,0.57978922128677,0.5913932770490601,0.6153822913765901,0.66159765422344,0.74706971645355,0.90181532502174,1.2831411510705901,1.80399603396654,2.7450572066009
630.0,0.57260447740554,0.5726286023855199,0.57300597429275,0.5747196227312,0.57969284057617,0.59129518270492,0.61528115719556,0.66149159520864,0.7469525337219199,0.9016790390014601,1.28296192735433,1.80376351252198,2.74473997950553
631.0,0.57250922918319,0.5725347325205801,0.57291086018085,0.57462447881698,0.5795972347259499,0.59119766950607,0.61518163233995,0.66138485819101,0.74683505296707,0.9015441834926601,1.2827830016613,1.80353450402617,2.7444253116846
632.0,0.57241564989089,0.57244012504816,0.57281626760959,0.5745294541120499,0.57950192689895,0.59110122919082,0.61508106440305,0.66127838939428,0.74671882390975,0.9014098644256501,1.2826047986745799,1.8033035025000501,2.74411334097385
633.0,0.57232171297073,0.57234682887792,0.57272285223007,0.57443565130233,0.57940679788589,0.5910046845674499,0.61498204618692,0.66117319464683,0.7466027736663801,0.9012757837772299,1.28242903016507,1.80307622253894,2.74380129948258
634.0,0.5722284913063,0.5722525268793099,0.57262870669364,0.57434169948101,0.57931250333786,0.5909086316823899,0.6148823201656299,0.6610689535737,0.74648833274841,0.90114247798919,1.28225235082209,1.80284932255744,2.74349135160446
635.0,0.57213550806045,0.57215998321771,0.5725356936454701,0.57424892485141,0.5792188048362701,0.59081326425075,0.61478386074304,0.66096437722444,0.74637311697006,0.90101039409637,1.28207772970199,1.8026227094232998,2.74318343400955
636.0,0.57204347848892,0.57206749916076,0.57244329154491,0.5741563439369199,0.57912498712539,0.59071813523769,0.61468564718961,0.66086060553789,0.74625915288925,0.9008786678314199,1.28190408833324,1.8023974783718502,2.74287542328238
637.0,0.5719508528709399,0.57197523862123,0.57235135138034,0.57406395673751,0.57903236150741,0.59062433242797,0.61458916217088,0.6607572287321001,0.74614578485488,0.9007462263107301,1.28172968327999,1.8021750301122599,2.7425692230463
638.0,0.5718590617179801,0.57188344746828,0.57226023077964,0.57397182285785,0.57893991470336,0.59053008258342,0.6144914552569299,0.66065454483032,0.7460326552391,0.9006165266036901,1.28155839256942,1.80195268988609,2.74226605892181
639.0,0.57176893949508,0.5717930868268,0.5721687823534,0.57388043403625,0.5788477659225401,0.5904368013143501,0.6143954694271,0.66055268794298,0.7459203004837,0.90048623085021,1.2813863512128498,1.8017294555902401,2.7419627159833904
640.0,0.57167762517929,0.5717017501592601,0.57207843661308,0.57378979027271,0.5787563323974599,0.59034331142902,0.61429950594902,0.66045115888118,0.74580889940261,0.9003572762012401,1.28121517784893,1.80150889232754,2.74166139960289
641.0,0.5715872645378101,0.57161171734333,0.57198733091354,0.57369887828826,0.57866543531417,0.59025073051452,0.61420411616563,0.66034989804029,0.7456978559494,0.90022763609886,1.2810445856302901,1.80129097774624,2.74136228486895
642.0,0.57149773836135,0.57152221351861,0.5718976855278,0.57360857725143,0.57857453823089,0.59015853703022,0.61410877108573,0.66024879366159,0.74558639526367,0.9001008272171,1.28087585978209,1.80107201635837,2.74106429517269
643.0,0.57140839099884,0.57143280655145,0.57180832326412,0.5735191553831099,0.5784840583801201,0.59006725251674,0.61401399970054,0.66014862060546,0.7454762458801201,0.89997288584709,1.28070827573537,1.80085584521293,2.74076710641384
644.0,0.57131987810134,0.5713435858488,0.5717194974422399,0.57343040406703,0.57839447259902,0.58997575938701,0.61391925066709,0.6600492969155299,0.74536705017089,0.8998455703258501,1.28054073639214,1.8006378263235,2.7404720671474903
645.0,0.57123094797134,0.57125606387853,0.57163140177726,0.57334125041961,0.57830518484115,0.5898852795362399,0.61382622271776,0.65994920581579,0.74525773525238,0.8997199833392999,1.2803744599223101,1.8004230149090201,2.74017789959907
646.0,0.57114344835281,0.57116746902465,0.57154297828674,0.57325339317321,0.5782160162925699,0.58979469537734,0.61373197287321,0.65985079109668,0.74514949321746,0.89959433674812,1.28020833246409,1.8002087213099,2.73988698422908
647.0,0.57105487585067,0.57108028978109,0.5714556276798199,0.5731653571128801,0.57812756299972,0.58970457315444,0.61363944411277,0.6597521752119,0.7450409531593299,0.8994696140289299,1.28004357218742,1.79999567568302,2.7395946122705896
648.0,0.57096832990646,0.5709923207759801,0.57136788964271,0.57307784259319,0.57803982496261,0.5896151512861201,0.61354699730873,0.65965454280376,0.74493312835693,0.8993447721004401,1.2798781413584899,1.79978467151522,2.73930465057492
649.0,0.57088142633438,0.57090576738119,0.57128101587295,0.5729911327362001,0.57795220613479,0.58952598273754,0.61345487087965,0.65955737978219,0.74482637643814,0.8992203474044801,1.27971576154232,1.79957230016589,2.7390173934399997
650.0,0.57079535722732,0.57081943750381,0.57119458913803,0.57290464639663,0.57786506414413,0.5894373655319199,0.6133642271161,0.6594601124525,0.74472033977508,0.8990975618362399,1.27955229580402,1.79936352744698,2.7387296855449597
651.0,0.57070904970169,0.57073316723108,0.57110878825187,0.5728184133768,0.57777786254882,0.58934962749481,0.61327248066663,0.65936437249183,0.74461406469345,0.8989752233028401,1.27939081005752,1.7991542927920798,2.7384442538022897
652.0,0.5706244707107501,0.57064865529537,0.57102367281913,0.57273219525814,0.57769149541854,0.58926147222518,0.61318257451057,0.65926855802536,0.74450886249542,0.89885306358337,1.2792297527193999,1.79894633218646,2.73816023394465
653.0,0.57053905725479,0.57056276500225,0.5709380954504,0.57264685630798,0.57760578393936,0.58917413651943,0.61309257149696,0.65917310863733,0.7444033622741599,0.8987314403057001,1.27906975150108,1.79873944818973,2.7378781028091903
654.0,0.57045429944992,0.57047877460718,0.5708537995815199,0.57256217300891,0.5775202512741,0.58908754587173,0.61300187557935,0.65907807648181,0.74429893493652,0.89861133694648,1.2789099738001801,1.79853229969739,2.73759494721889
655.0,0.57036930322647,0.5703947469592,0.57076904177665,0.57247763872146,0.57743495702743,0.5890010744333201,0.61291373521089,0.6589830815791999,0.7441947460174501,0.89849019050598,1.27875077165663,1.79832857847213,2.73731626570224
656.0,0.57028549909591,0.57030988484621,0.5706849694252,0.57239347696304,0.5773503780364899,0.58891479671001,0.61282454431056,0.65888837724924,0.7440922260284399,0.89837086200714,1.27859247662127,1.79812286421656,2.73703623190522
657.0,0.57020205259323,0.5702264383435199,0.57060152292251,0.57230983674526,0.57726609706878,0.58882911503314,0.61273581534624,0.6587955951690599,0.74398839473724,0.89825165271759,1.27843585610389,1.7979203723371002,2.73675988987088
658.0,0.5701189637184101,0.57014440745115,0.57051852345466,0.57222640514373,0.57718187570571,0.5887440443038899,0.61264716833829,0.65870256721973,0.7438865900039601,0.8981339037418301,1.27827846258878,1.79771867766976,2.73648270964622
659.0,0.5700370073318399,0.57006151974201,0.5704363435506801,0.57214379310607,0.57709842920303,0.5886587351560499,0.61256006360054,0.6586095765233,0.7437845468521099,0.89801549911499,1.27812296897172,1.7975168786942899,2.7362082302570303
660.0,0.56995493173599,0.56997861713171,0.57035382091999,0.5720612555742199,0.57701569795608,0.5885747671127299,0.61247327923774,0.6585174575448,0.74368321895599,0.89789843559265,1.27796877920627,1.79731613025069,2.73593488335609
661.0,0.5698733925819299,0.56989726424217,0.5702714025974199,0.57197903096675,0.57693296670913,0.58849070966243,0.6123863980174,0.6584252193570099,0.74358201026916,0.8977808952331501,1.2778142914175898,1.79711833596229,2.73566193506121
662.0,0.56979078054428,0.56981509923934,0.57019005715847,0.5718973875045701,0.57685071229934,0.58840708434581,0.61230003088712,0.65833350270986,0.74348145723342,0.8976645171642299,1.27766057103872,1.79691853001713,2.73539152368903
663.0,0.56970971822738,0.5697341710329,0.57010938227176,0.57181596755981,0.57676857709884,0.58832381665706,0.61221405118703,0.65824326872825,0.7433809638023301,0.89754974842071,1.27750750631093,1.7967223636806002,2.73512172326445
664.0,0.5696296095847999,0.56965358555316,0.57002872228622,0.57173484563827,0.5766869187355,0.5882409363985,0.61212798953056,0.65815205872058,0.7432817816734301,0.89743411540985,1.27735490351915,1.79652572795748,2.73485268652439
665.0,0.56954878568649,0.56957317143678,0.56994825601577,0.5716542005538899,0.5766060948371801,0.58815805613994,0.61204353719949,0.65806176513433,0.74318271875381,0.8973189294338201,1.2772030401974899,1.7963304929435198,2.73458465933799
666.0,0.5694687962532,0.5694932043552301,0.56986804306507,0.5715739578008601,0.576524913311,0.58807629346847,0.61195817589759,0.65797232836484,0.743084192276,0.8972049653530101,1.27705309540033,1.7961353659629802,2.73431998863816
667.0,0.56938922405242,0.56941430270671,0.56978791952133,0.57149429619312,0.5764451622962901,0.58799415826797,0.6118743047118099,0.6578829884529099,0.74298584461212,0.897091537714,1.27690229564905,1.7959411926567501,2.7340551763772902
668.0,0.5693102478981,0.56933452934026,0.56970934569835,0.57141478359699,0.5763649344444199,0.58791333436965,0.61179035156965,0.6577941775321899,0.7428882122039699,0.8969784677028599,1.27675359509885,1.7957474142313,2.7337909787893198
669.0,0.56923085451126,0.56925629824399,0.56962995231151,0.57133555412292,0.57628482580184,0.58783262968063,0.61170688271522,0.6577054709196001,0.74279034137725,0.8968658149242401,1.2766052950173599,1.7955565452575601,2.73353003337979
670.0,0.56915289163589,0.5691769272089,0.56955190002918,0.5712569206953,0.57620579004287,0.58775167167186,0.61162377148866,0.6576178446412,0.7426939606666499,0.89675414562225,1.27645699679851,1.79536602273583,2.7332674562931003
671.0,0.5690751671791,0.56909912079572,0.56947377324104,0.5711790472269,0.57612669467926,0.5876717120409,0.6115406155586199,0.6575294509530001,0.7425972223281799,0.8966423273086501,1.27630990743637,1.7951742708683,2.7330066598951803
672.0,0.56899768114089,0.5690216124057701,0.56939622759819,0.5711007267236701,0.57604879140853,0.587591573596,0.61145792156457,0.6574426814913701,0.74250125885009,0.8965314328670501,1.27616337500512,1.79498479142785,2.73275006935
673.0,0.56892019510269,0.56894414126873,0.56931874155998,0.5710232257843001,0.5759703516960101,0.58751207590103,0.61137655377388,0.65735585242509,0.74240583181381,0.89642095565795,1.27601705305278,1.7947961091995202,2.73249195516109
674.0,0.56884282827377,0.56886682659387,0.5692414939403501,0.57094593346118,0.57589238882064,0.58743333816528,0.61129414290189,0.65726963430643,0.7423105239868101,0.8963108956813799,1.27587131410837,1.79461004585027,2.73223577812314
675.0,0.5687655806541401,0.56878996640443,0.5691647082567199,0.57086916267871,0.57581490278244,0.5873541831970199,0.61121319234371,0.6571831330657,0.74221688508987,0.8962013721465999,1.27572742849588,1.7944224737584498,2.73198026418685
676.0,0.56868994235992,0.5687144547700801,0.56908801198005,0.57079219818115,0.57573789358139,0.58727590739727,0.61113245785236,0.6570975035429,0.74212247133255,0.8960930109024,1.27558239735662,1.79423763230443,2.73172739520668
677.0,0.56861388683319,0.5686379075050301,0.56901247799396,0.57071627676486,0.57566142082214,0.58719818294048,0.61105204373598,0.65701258927583,0.74202811717987,0.89598378539085,1.27544012479484,1.79405111074447,2.73147240281105
678.0,0.5685387253761199,0.5685626566409999,0.56893625855445,0.57064020633697,0.5755844712257301,0.5871206074953,0.61097165942192,0.65692725032567,0.74193501472473,0.89587590098381,1.27529782056808,1.79386774823069,2.7312216758728
679.0,0.5684633851051301,0.56848756223917,0.5688610523939099,0.57056517899036,0.57550865411758,0.5870432257652201,0.61089184880256,0.6568432524800301,0.7418423891067499,0.8957686126232101,1.27515513636171,1.79368457943201,2.7309715002775103
680.0,0.5683878660202,0.56841292232275,0.56878630816936,0.5704898238182,0.57543319463729,0.58696646988391,0.61081314831972,0.65675953775644,0.7417499423027,0.89566180109977,1.27501391619443,1.79350206628441,2.73072247207164
681.0,0.56831300258636,0.5683383867144499,0.56871175765991,0.57041525840759,0.5753577351570099,0.58689014613628,0.6107336357235901,0.65667576342821,0.74165767431259,0.89555597305297,1.27487351745367,1.7933196723461098,2.73047413304448
682.0,0.5682389140128999,0.56826400011777,0.56863731145858,0.57034075260162,0.5752830505370999,0.5868137329816799,0.61065534502267,0.65659256279468,0.74156618118286,0.89544963836669,1.27473412454128,1.7931380942463802,2.73022677004337
683.0,0.56816554069519,0.5681899562478,0.56856347620487,0.57026648521423,0.57520842552185,0.5867381542921001,0.61057726293802,0.65650933235883,0.7414755821228,0.89534452557563,1.27459521777927,1.79295985028147,2.72998032346367
684.0,0.56809192895889,0.5681159384548601,0.5684902966022399,0.57019287347793,0.57513409852981,0.58666203916072,0.61049848049879,0.6564265489578199,0.741384267807,0.89523872733116,1.27445510588586,1.7927814647555302,2.7297353260219
685.0,0.56801837682724,0.56804340332746,0.56841675937175,0.57011936604976,0.57505989074707,0.58658723533153,0.61042097210884,0.65634468197822,0.74129408597946,0.89513432979583,1.27431803196668,1.7926010675728299,2.7294916473329
686.0,0.56794619560241,0.56796987354755,0.5683442056179,0.57004660367965,0.57498639822006,0.58651262521743,0.6103447675704899,0.65626284480094,0.74120444059371,0.8950301110744401,1.27418005280196,1.79242433980107,2.7292486615478904
687.0,0.56787341833114,0.5678979344666001,0.56827098131179,0.56997339427471,0.57491338253021,0.58643813431262,0.61026751250028,0.65618150681257,0.7411149740219101,0.89492729306221,1.2740433532744602,1.79224754497408,2.729007974267
688.0,0.56780046224594,0.56782587245106,0.5681991130113601,0.56990091502666,0.57484018802642,0.58636373281478,0.6101906970143299,0.65610061585903,0.74102574586868,0.89482378959655,1.2739068288356,1.79207151010632,2.7287663258612103
689.0,0.56772881746292,0.5677529349923099,0.5681273490190499,0.56982910633087,0.57476764917373,0.5862900018692,0.61011397093534,0.65602004528045,0.74093663692474,0.89472162723541,1.27377096563577,1.79189608991146,2.7285279892384997
690.0,0.56765729188919,0.56768140941858,0.56805582344532,0.56975752115249,0.57469570636749,0.58621680736541,0.61003876477479,0.65593968331813,0.7408490180969199,0.89461883902549,1.2736362386494802,1.7917228825390301,2.7282897382974602
691.0,0.56758588552474,0.56761121377348,0.56798447668552,0.5696859955787601,0.57462334632873,0.58614337444305,0.6099635288119301,0.65585964173078,0.74076062440872,0.89451739192008,1.2735017389059,1.7915481664240298,2.72805231809616
692.0,0.56751579046249,0.56754023954272,0.56791315972805,0.56961472332477,0.57455176115036,0.5860708206892,0.60988747328519,0.65577974170446,0.7406733632087701,0.8944160640239699,1.27336844056844,1.79137620329856,2.72781701385974
693.0,0.56744480133056,0.56746912375092,0.5678424835205,0.56954354047775,0.5744804739952,0.58599811792373,0.60981299728155,0.6557009294629,0.7405856847763,0.8943148553371401,1.27323473244905,1.79120324924588,2.72758123651146
694.0,0.56737452745437,0.56739963963627,0.56777270138263,0.5694735050201399,0.57440966367721,0.5859258770942599,0.60973843187093,0.65562157332897,0.7404991388320901,0.89421546459198,1.2731026560068102,1.79103168100118,2.72734625637531
695.0,0.56730502843856,0.56732899695634,0.56770223379135,0.5694031715393,0.57433867454528,0.5858541578054399,0.60966528207063,0.6555436030030201,0.74041283130645,0.89411509037017,1.2729705926030799,1.7908614985644802,2.72711461782455
696.0,0.56723552942276,0.5672597028315001,0.56763286888599,0.56933344900608,0.57426863908767,0.58578263223171,0.6095913127064699,0.6554656997323,0.7403274774551301,0.8940159380435899,1.2728395834565098,1.79069126397371,2.7268803268671
697.0,0.56716585159301,0.56718961521983,0.5675635933876,0.5692633986473,0.57419842481613,0.58571134507656,0.6095171943306901,0.655388019979,0.74024182558059,0.8939169645309399,1.27270796149969,1.7905224561691202,2.72665091976523
698.0,0.56709653139114,0.5671209357678799,0.5674948096275301,0.56919455528259,0.5741287469863801,0.58564054965972,0.6094447672367,0.65531053394079,0.74015635251998,0.89381864666938,1.27257827669382,1.79035529866814,2.72641998529434
699.0,0.56702834367752,0.5670520514249799,0.56742531061172,0.56912590563297,0.5740593671798699,0.5855706334114,0.6093713268637599,0.65523324161767,0.74007189273834,0.89372026920318,1.27244891971349,1.79018670693039,2.7261921018362
700.0,0.5669594407081601,0.56698384135961,0.56735676527023,0.5690572261810299,0.5739900469779899,0.5854997485876,0.60929927229881,0.65515628457069,0.73998767137527,0.8936225473880699,1.27231875807046,1.7900211960077201,2.7259626276791
701.0,0.56689167022705,0.56691543385386,0.56728939712047,0.56898887455463,0.5739213228225699,0.58543056249618,0.60922721773386,0.6550794839859,0.7399030327796899,0.8935250043869,1.27219077199697,1.78985387831926,2.72573697566986
702.0,0.5668242573738,0.56684843078255,0.56722140312194,0.5689206123352,0.57385277748107,0.58536040782928,0.60915440320968,0.65500358492136,0.7398190498352,0.8934286832809399,1.27206251583993,1.78968899324536,2.72551183775067
703.0,0.5667566657066301,0.56678063049912,0.56715343892574,0.5688530057668599,0.57378447055816,0.58529108762741,0.6090828776359499,0.6549277231097199,0.7397361397743201,0.89333269000053,1.2719352543354001,1.78952469304203,2.7252849340438803
704.0,0.56668907403945,0.56671286746859,0.5670867562294,0.56878596544265,0.57371681928634,0.58522228896617,0.60901264101266,0.65485245734453,0.73965287208557,0.8932358920574099,1.2718091532588,1.7893609292805102,2.7250620275735797
705.0,0.56662219762802,0.56664649397134,0.56701932847499,0.56871865689754,0.5736497044563199,0.5851537436246801,0.60894164443016,0.65477741509675,0.73957121372222,0.89314043521881,1.27168289385735,1.78919716924428,2.72483824193477
706.0,0.56655603647232,0.56658029183745,0.5669531375169701,0.568652048707,0.5735817551612801,0.58508521318435,0.60887064784765,0.6547030955553,0.7394882440567,0.89304515719413,1.27155686356127,1.78903475403785,2.72461752220988
707.0,0.5664890408515899,0.56651315465569,0.56688690185546,0.5685854107141399,0.57351559400558,0.58501695096492,0.6088010221719701,0.65462838113307,0.73940676450729,0.8929512500762901,1.27143232524395,1.78887474536895,2.72439527511596
708.0,0.56642311811447,0.56644740700721,0.5668202638626,0.56851904094219,0.5734485387802101,0.5849499553442,0.60873040556907,0.65455427765846,0.7393250465393,0.89285665750503,1.27130734175443,1.78871203586459,2.72417591512203
709.0,0.56635743379592,0.56638147681951,0.56675453484058,0.56845282018184,0.57338190078735,0.58488225936889,0.60866110771894,0.65448033064603,0.73924386501312,0.89276221394538,1.27118352055549,1.78855354711413,2.72395621240139
710.0,0.56629198789596,0.56631627678871,0.5666891336441,0.56838721036911,0.5733161568641599,0.58481478691101,0.6085911318659699,0.65440731495618,0.73916321992874,0.8926690518856001,1.2710602581501,1.7883918993174999,2.7237381823360898
711.0,0.56622678041458,0.56625089421868,0.56662458181381,0.5683222860097801,0.57325041294097,0.5847482830285999,0.60852230340242,0.65433389693498,0.73908275365829,0.89257651567459,1.27093608118593,1.78823404386639,2.7235208302736202
712.0,0.5661626458168001,0.56618681922554,0.56655968725681,0.56825697422027,0.57318496704101,0.5846817493438701,0.60845344513654,0.65426157414913,0.73900246620178,0.89248394966125,1.2708141878247199,1.78807532787323,2.72330584004521
713.0,0.56609767675399,0.5661219693720301,0.5664945691823899,0.56819230318069,0.5731194615364,0.58461511135101,0.60838520526885,0.65418860316276,0.73892372846603,0.89239162206649,1.27069244533777,1.78791787847876,2.7230900228023502
714.0,0.56603342294692,0.56605720892548,0.56643085181713,0.56812773644924,0.57305425405502,0.58454899489879,0.60831686109304,0.65411654859781,0.7388442158699,0.8922995030879901,1.27057094685733,1.7877610996365498,2.72287392616271
715.0,0.5659697651863,0.56599371880292,0.5663663595914801,0.56806387007236,0.5729900598526,0.58448338508605,0.60824980586767,0.65404447168111,0.73876464366912,0.89220777153968,1.27044995874166,1.78760655969381,2.72266265377402
716.0,0.56590503454208,0.5659304447472,0.56630277633666,0.56799958646297,0.57292568683624,0.58441786468029,0.60818188637495,0.65397294610738,0.73868626356124,0.89211744070053,1.2703301757574,1.78745055198669,2.7224507741629997
717.0,0.5658422708511299,0.56586623191833,0.56623893976211,0.56793655455112,0.57286143302917,0.584352850914,0.6081142053008001,0.65390197187662,0.7386080622672999,0.8920260369777601,1.27021048776805,1.78729474171996,2.7222375832498003
718.0,0.56577914953231,0.56580314785242,0.5661756843328399,0.56787307560443,0.5727975964546199,0.58428835868835,0.60804776847362,0.65383097529411,0.73853039741516,0.89193603396415,1.2700907066464402,1.7871418036520401,2.72202707827091
719.0,0.56571614742279,0.56574043259024,0.5661129951477,0.5678097307682,0.57273405790328,0.58422376215457,0.60798141360282,0.6537608951330101,0.73845183849334,0.89184641838073,1.26997279375791,1.78698873147368,2.72181853279471
720.0,0.565653860569,0.5656778179109,0.5660503655672,0.56774708628654,0.57267075777053,0.58415913581848,0.60791433602571,0.6536900326609599,0.73837542533874,0.8917569220066001,1.26985376328229,1.7868346981704202,2.72160837054252
721.0,0.56559109687805,0.56561533734202,0.56598787009716,0.56768450140953,0.5726079344749401,0.58409543335437,0.60784826427698,0.65362052619457,0.73829811811447,0.8916676938533701,1.26973651535809,1.78668224811553,2.72139989957213
722.0,0.56552892923355,0.56555296853184,0.56592553853988,0.56762215495109,0.57254534959793,0.58403122425079,0.6077826693654,0.65355039387941,0.73822140693664,0.89157888293266,1.26961988210678,1.7865308187901898,2.72119323909282
723.0,0.5654671788215601,0.5654909722507,0.56586362421512,0.56756022572517,0.57248276472091,0.58396784961223,0.60771711170673,0.65348128229379,0.73814487457275,0.8914911150932301,1.26950216293334,1.78637978807091,2.7209873050451203
724.0,0.56540584564208,0.56543032452464,0.5658027082681599,0.56749852001667,0.57242041826248,0.58390493690967,0.60765168070793,0.65341211110353,0.7380693554878199,0.8914026319980599,1.26938560605049,1.7862295620143398,2.72078195214271
725.0,0.56534427404403,0.56536855921149,0.56574080884456,0.56743656098842,0.5723585486412,0.5838421583175599,0.60758659988641,0.65334366261959,0.73799395561218,0.8913157284259701,1.26927001588046,1.78608146309852,2.7205785363912502
726.0,0.5652839541435201,0.56530807912349,0.56568014621734,0.5673756748437799,0.5722969174385,0.5837795287370601,0.60752263665199,0.6532748490571899,0.73791766166687,0.89122873544692,1.26915501803159,1.78593194112181,2.72037260234355
727.0,0.5652227401733301,0.56524650007486,0.5656190067529601,0.56731437146663,0.57223558425903,0.58371712267398,0.6074578315019601,0.65320670604705,0.73784297704696,0.89114096760749,1.26904049515724,1.78578461334109,2.72017049416899
728.0,0.5651619434356601,0.56518626958131,0.5655586719512901,0.56725431978702,0.5721746683120701,0.58365468680858,0.60739434510469,0.6531384587287901,0.73776841163635,0.89105451107025,1.26892578788101,1.7856356240808902,2.7199688851833304
729.0,0.56510215997695,0.5651264116168,0.56549872457981,0.5671936571598,0.57211345434188,0.58359284698963,0.60732970386743,0.65307049453258,0.73769396543502,0.89096939563751,1.26881312578916,1.7854899540543498,2.7197665721177997
730.0,0.56504219770431,0.56506664305925,0.56543868780136,0.5671333968639299,0.57205283641815,0.5835316032171199,0.60726673156023,0.65300402790308,0.73761963844299,0.89088353514671,1.26869942247867,1.7853435575962,2.71956688165664
731.0,0.5649825334548899,0.5650067329406699,0.5653789043426499,0.56707356870174,0.5719928741454999,0.58346992731094,0.60720361024141,0.65293657034635,0.73754584789276,0.89079758524894,1.26858627237379,1.7851960435509602,2.71936855837702
732.0,0.56492298841476,0.56494743749499,0.56531929969787,0.5670139491558001,0.57193237543106,0.5834092348814001,0.60713966935873,0.65286973118782,0.73747313022613,0.89071324467659,1.2684746030718,1.78505104035139,2.71916943788528
733.0,0.56486374139785,0.5648879930377,0.56525993347167,0.56695440411567,0.57187271118164,0.58334796130657,0.607076972723,0.65280272066593,0.73739963769912,0.8906281590461701,1.26836214959621,1.7849060259759402,2.71897149085998
734.0,0.56480431556701,0.56482864171266,0.56520098447799,0.56689557433128,0.57181316614151,0.58328783512115,0.6070143952965701,0.65273670852184,0.73732715845108,0.89054402709007,1.26825115829706,1.78476394712924,2.7187747955322203
735.0,0.5647459030151301,0.56476966291666,0.56514178216457,0.56683684885501,0.57175427675247,0.58322761952877,0.60695200413465,0.65267094969749,0.73725485801696,0.8904604315757699,1.2681404426693899,1.7846204377710801,2.71857991442084
736.0,0.56468790769577,0.5647120289504499,0.5650838613510101,0.56677769124507,0.5716949105262701,0.5831669718027099,0.60689082741737,0.65260538458824,0.73718208074569,0.89037698507308,1.26802939176559,1.7844768129289101,2.71838426962494
737.0,0.56462901830673,0.5646529383957299,0.56502525508403,0.56671920418739,0.57163566350936,0.58310735225677,0.6068288609385399,0.6525399312376899,0.73711001873016,0.89029365777969,1.26791924796998,1.78433522582054,2.71818821132183
738.0,0.56457132101058,0.5645957738161,0.5649676322937001,0.56666131317615,0.57157748937606,0.58304774761199,0.60676703602075,0.65247476100921,0.73703849315643,0.8902103304862901,1.26780999451875,1.78419338539242,2.71799580752849
739.0,0.56451344490051,0.56453720852732,0.56490927934646,0.5666035115718799,0.57151907682418,0.58298902213573,0.60670645534992,0.6524105593562101,0.7369675040245,0.89012759923934,1.2677011881023599,1.7840528488159102,2.7178028970956802
740.0,0.56445604562759,0.56447992846369,0.56485225260257,0.56654541194438,0.57146084308624,0.58293014764785,0.60664484649896,0.65234571695327,0.7368961572647,0.8900461494922599,1.2675925437361,1.7839129306375898,2.7176109105348503
741.0,0.56439888477325,0.56442308053374,0.56479495763778,0.56648840010166,0.57140296697616,0.58287088572978,0.60658454895019,0.65228127688169,0.73682588338851,0.88996371626853,1.26748398691415,1.7837714776396703,2.71741908788681
742.0,0.56434220075607,0.56436632201075,0.56473809480667,0.5664309561252501,0.5713459849357599,0.58281226456165,0.60652434080839,0.65221766382455,0.73675519227981,0.8898825049400301,1.26737628318369,1.78363276645541,2.7172303982079
743.0,0.5642852187156601,0.5643093623220901,0.56468051671981,0.56637409329414,0.5712884068488999,0.5827543735504099,0.6064645126461901,0.65215311199426,0.73668563365936,0.88980177044868,1.2672699242830199,1.7834938988089502,2.71704074740409
744.0,0.56422895193099,0.56425307318568,0.56462389230728,0.5663174688816,0.57123112678527,0.58269602060317,0.6064036190509701,0.65209018439054,0.73661530017852,0.8897208571433999,1.26716311275959,1.78335533291101,2.71685066819191
745.0,0.56417232751846,0.56419651582837,0.5645682811737,0.566261023283,0.5711744427680899,0.58263833820819,0.60634394735097,0.65202706307172,0.73654633760452,0.88964080810546,1.2670559510588602,1.7832195572554999,2.71666249260306
746.0,0.5641161799430799,0.56414015218615,0.5645122677087699,0.5662050396203899,0.5711178183555601,0.58258092403411,0.60628443211317,0.6519640758633599,0.7364770174026399,0.88956040143966,1.26695097982883,1.78308236226439,2.7164755165576904
747.0,0.56406015157699,0.5640841387212201,0.56445603072643,0.56614871323108,0.57106125354766,0.58252322673797,0.60622612386941,0.65190175920724,0.7364074587821899,0.88948020339012,1.26684461347758,1.78294510766863,2.71628957614302
748.0,0.56400501728057,0.56402913108468,0.56440013647079,0.5660930573940199,0.57100522518157,0.58246631920337,0.60616710782051,0.65183907747268,0.7363388538360499,0.8894005119800499,1.2667403165250999,1.78281084448099,2.716102886945
749.0,0.56394934654235,0.56397328153252,0.5643453747034001,0.5660375058650899,0.57094889879226,0.58240920305252,0.60610791295766,0.65177685767412,0.7362713813781699,0.88932210206985,1.26663591712713,1.78267430886626,2.71591827273368
750.0,0.56389373540878,0.56391875818371,0.56428980827331,0.56598196923732,0.57089334726333,0.58235257863998,0.60605020076036,0.65171501040458,0.73620301485061,0.8892425298690699,1.26653093844652,1.7825403697788698,2.7157347202301
751.0,0.5638394355773899,0.56386311724781,0.56423516571521,0.5659270584583199,0.57083791494369,0.5822964906692499,0.60599154233932,0.6516536027193001,0.7361351847648601,0.8891644179821001,1.2664271593093799,1.7824063338339298,2.71555042266845
752.0,0.56378459930419,0.56380907446146,0.5641798377037,0.56587189435958,0.5707828998565599,0.58224010467529,0.60593403875827,0.65159194916486,0.73606747388839,0.8890866339206599,1.26632440090179,1.78227353096008,2.71536983549594
753.0,0.56372946500778,0.5637547895312299,0.5641254633664999,0.565817669034,0.57072764635086,0.58218459784984,0.60587546229362,0.6515304520726201,0.73600035905838,0.8890089988708401,1.26622171141207,1.78213886916637,2.71518634632229
754.0,0.5636757016181899,0.5636996626853901,0.56407149136066,0.5657631456851899,0.57067281007766,0.58212880790233,0.60581847280263,0.65147010236978,0.7359328269958401,0.88893151283264,1.26611924357712,1.78200635313987,2.71500446274876
755.0,0.5636216402053801,0.56364561989903,0.5640176087617801,0.5657088607549601,0.5706181526184,0.58207316696643,0.60576139390468,0.65140941739082,0.7358668446540799,0.8888541758060401,1.2660169750452,1.7818765901029099,2.7148251943290203
756.0,0.56356793642044,0.5635919459164099,0.5639639049768399,0.56565502285957,0.57056421041488,0.5820183902978799,0.60570450127124,0.6513484492897901,0.73580050468444,0.8887768685817701,1.2659148275852201,1.78174443170428,2.71464473009109
757.0,0.56351429224014,0.56353832781314,0.56391026079654,0.56560133397579,0.57050991058349,0.58196294307708,0.60564792901277,0.65128862857818,0.73573386669158,0.8887000977993,1.26581368595361,1.78161350265145,2.7144664712250197
758.0,0.56346076726913,0.56348505616188,0.56385685503482,0.56554773449897,0.57045620679855,0.58190828561782,0.60559124499559,0.65122862905263,0.7356681227684,0.88862460851669,1.26571399718523,1.7814819067716599,2.71428793296217
759.0,0.56340759992599,0.5634316019713801,0.5638033598661399,0.56549432873725,0.57040256261825,0.58185428380966,0.60553481429815,0.65116902440786,0.73560255765914,0.88854795694351,1.26561314798891,1.7813537679612599,2.71411076560616
760.0,0.56335538625717,0.5633795298635901,0.5637503862380899,0.5654414594173399,0.57034891843795,0.5817998647689799,0.60547861456871,0.65110950171947,0.73553705215454,0.88847270607948,1.26551221124827,1.78122341260314,2.71393281221389
761.0,0.56330227851867,0.56332651525735,0.56369805335998,0.56538869440555,0.57029551267623,0.58174532651901,0.60542234778404,0.65105033665895,0.73547267913818,0.88839763402938,1.26541348546743,1.7810951098799699,2.71375773474574
762.0,0.56324988603591,0.56327359378337,0.56364531815052,0.56533607840538,0.57024258375167,0.58169150352478,0.60536649823188,0.6509919911623,0.73540782928466,0.88832294940948,1.2653134986758199,1.78096605464816,2.71358186379075
763.0,0.56319814920425,0.56322207301855,0.56359268724918,0.56528350710868,0.57018989324569,0.58163785934448,0.6053117215633299,0.6509330868721,0.7353426814079199,0.8882471323013299,1.26521597802639,1.7808387503027898,2.71340727806091
764.0,0.56314522027969,0.56316931173205,0.56354101002216,0.56523112952709,0.570137321949,0.58158439397811,0.6052559763193099,0.65087458491325,0.7352789044380099,0.8881739377975401,1.26511657983064,1.78071212023496,2.71323381364345
765.0,0.56309366226196,0.56311789900064,0.56348937749862,0.56517925858497,0.57008528709411,0.58153164386749,0.60520152002573,0.65081687271595,0.7352144122123699,0.88809961080551,1.26501847244799,1.78058598935604,2.7130602300167
766.0,0.56304270029067,0.56306657195091,0.5634370893239901,0.56512752175331,0.570032954216,0.58147828280925,0.60514724999666,0.65075816959142,0.73515099287033,0.88802567124366,1.26492182165384,1.7804597839713,2.71288795769214
767.0,0.56299024820327,0.5630143657326601,0.5633860379457399,0.56507591903209,0.5699810385704,0.58142547309398,0.6050917431712101,0.65070065110921,0.7350871562957699,0.88795152306556,1.2648245319723999,1.7803337723016701,2.7127157300710603
768.0,0.56293952465057,0.5629634819924799,0.56333507597446,0.56502486765384,0.5699289441108699,0.58137279748916,0.60503786802291,0.6506436839699701,0.73502385616302,0.88787907361984,1.26472773589193,1.7802079282701,2.7125439606606903
769.0,0.56288844347,0.5629124492406801,0.56328397989273,0.56497338414192,0.56987732648849,0.58132082223892,0.60498390346765,0.65058550983667,0.73496109247207,0.8878054618835399,1.26463174074888,1.78008331358432,2.71237394213676
770.0,0.56283807754516,0.56286168843507,0.56323313713073,0.5649226605892099,0.5698263049125599,0.5812682956457099,0.60493022948503,0.65052890032529,0.7348983883857699,0.88773348927497,1.2645355593413101,1.77996027097105,2.7122038751840503
771.0,0.56278711557388,0.56281105801463,0.56318247318267,0.56487146019935,0.56977540254592,0.58121670782566,0.60487658530473,0.6504719778895299,0.73483592271804,0.8876613676548,1.26443994790315,1.77983605116605,2.7120353244245
772.0,0.5627368688583301,0.56276052072644,0.5631319880485499,0.5648213326931,0.56972402334213,0.58116507530212,0.60482297092676,0.6504156291484801,0.7347735166549599,0.88758844137191,1.26434433460235,1.7797119617462098,2.71186618506908
773.0,0.56268626451492,0.5627103485167,0.56308181583881,0.56477090716362,0.56967335939407,0.58111280202865,0.60476965457201,0.65035881847143,0.7347115278244001,0.8875167965888899,1.26424951106309,1.7795903757214502,2.71169942617416
774.0,0.5626373887062,0.56266110390424,0.5630314797163,0.5647209286689701,0.5696234107017499,0.58106188476085,0.60471623390913,0.6503037437796501,0.73465013504028,0.88744527101516,1.2641542777419,1.7794689312577199,2.71153146401047
775.0,0.56258690357208,0.56261109560728,0.5629815459251399,0.56467060744762,0.56957292556762,0.58101093769073,0.60466445237398,0.65024743974208,0.73458844423294,0.8873739540576899,1.26406034827232,1.7793456800282,2.71136574447155
776.0,0.56253689527511,0.56256117671728,0.56293231248855,0.56462088227272,0.5695224404335,0.58096021413803,0.60461153835058,0.65019139647483,0.73452693223953,0.8873038589954301,1.26396772079169,1.7792246416211102,2.7111997418105602
777.0,0.56248837709426,0.56251222640275,0.5628825277089999,0.56457129120826,0.56947273015975,0.58090955018997,0.6045586764812401,0.65013570338487,0.73446625471115,0.88723301887512,1.26387318223714,1.77910456433892,2.71103342995047
778.0,0.56243878602981,0.56246240809559,0.56283378601074,0.56452183425426,0.5694229602813701,0.58085888624191,0.60450705885887,0.65008076280355,0.7344057559967,0.8871622979640901,1.26378110237419,1.77898474782705,2.71086918190121
779.0,0.56238979101181,0.56241393461823,0.56278418004512,0.5644729286432201,0.56937342882156,0.58080846071243,0.60445448011159,0.65002523362636,0.73434489965438,0.88709288835525,1.26368740946054,1.77886506915092,2.71070644631981
780.0,0.56234055757522,0.56236451864242,0.56273567676544,0.56442412734031,0.56932437419891,0.58075796067714,0.60440308600664,0.64997085928916,0.73428457975387,0.8870222866535099,1.26359621435403,1.77874526754021,2.71054205670952
781.0,0.56229227781295,0.56231624633073,0.5626866817474301,0.56437541544437,0.56927508115768,0.5807080715894599,0.60435169935226,0.64991684257984,0.73422485589981,0.88695308566093,1.26350312493741,1.77862586453557,2.71037911996245
782.0,0.56224411725997,0.56226824223995,0.5626383274793599,0.5643266737461,0.5692261457443201,0.58065868914127,0.60430086404085,0.64986266940832,0.7341650724411,0.88688427209854,1.2634119074791599,1.77850757539272,2.71021753177046
783.0,0.5621963143348601,0.5622200295329,0.5625903159379899,0.5642781704664199,0.56917768716812,0.58060890436172,0.60424873977899,0.64980785548686,0.73410546779632,0.88681554794311,1.26332149654626,1.7783910483121799,2.71005617082118
784.0,0.56214725971221,0.562170997262,0.56254239380359,0.56422983109951,0.56912893056869,0.58056008815765,0.6041980460286099,0.64975401759147,0.73404604196548,0.8867469727993,1.26323054917156,1.7782728448510101,2.70989524200558
785.0,0.56209951639175,0.5621233023703001,0.56249465048313,0.56418190896511,0.56908100843429,0.5805105417966799,0.60414732247591,0.6497003734111699,0.73398673534393,0.8866784572601301,1.26314009912312,1.77815490216016,2.70973607525229
786.0,0.56205189228057,0.56207562237977,0.56244696676731,0.56413416564464,0.5690324306488,0.58046193420886,0.60409674048423,0.64964672923088,0.73392784595489,0.88661009073257,1.26305028796195,1.77803951129317,2.7095763683319
787.0,0.5620042681694001,0.56202926114201,0.56239934265613,0.56408654153347,0.56898468732833,0.58041296899318,0.60404619574546,0.64959327876567,0.73386949300765,0.8865418136119799,1.26296070776879,1.7779239416122399,2.7094184942543498
788.0,0.56195789575576,0.56198173761367,0.56235189735889,0.5640390366315801,0.56893652677536,0.58036442101001,0.6039969101548099,0.64954088628292,0.7338107228279099,0.88647392392158,1.26287119835615,1.7778065726160999,2.7092591971158897
789.0,0.5619106888770999,0.56193448603153,0.56230454146862,0.5639920532703301,0.56888931989669,0.58031648397445,0.60394678264856,0.64948777854442,0.73375308513641,0.8864074349403299,1.26278211921453,1.77769255265593,2.70910176262259
790.0,0.56186324357986,0.56188712269067,0.56225752830505,0.5639451444149,0.56884181499481,0.58026808500289,0.60389658808708,0.64943461120128,0.73369467258453,0.88633975386619,1.26269357092678,1.77757861837744,2.70894597843289
791.0,0.5618160367012001,0.5618401318788501,0.56221115589141,0.56389833986759,0.56879490613937,0.58022029697895,0.60384787619113,0.64938266575336,0.73363757133483,0.88627329468727,1.26260475069284,1.7774641476571498,2.70878832414746
792.0,0.56176996231079,0.5617944188416001,0.56216429173946,0.56385128200054,0.56874758005142,0.58017182350158,0.6037979722023,0.64933029562234,0.73358017206192,0.88620713353157,1.26251618377864,1.77735038474202,2.70863361656665
793.0,0.56172358989715,0.56174754351377,0.56211847066879,0.56380507349967,0.56870085000991,0.5801249295473,0.60374945402145,0.6492786258459,0.73352235555648,0.8861400485038701,1.2624296154826802,1.77723725885152,2.70847714319825
794.0,0.56167787313461,0.561701990664,0.5620718449354101,0.56375856697559,0.56865406036376,0.58007730543613,0.60369977355003,0.64922599494457,0.73346519470214,0.88607436418533,1.2623418495059,1.77712375670671,2.70832367613911
795.0,0.56163126230239,0.5616552196443,0.56202614307403,0.56371267139911,0.5686075091361901,0.58002990484237,0.60365139693021,0.64917463809251,0.73340839147567,0.88600832223892,1.26225419528782,1.77701171860098,2.70817007496953
796.0,0.56158566474914,0.56160982325673,0.56197969615459,0.5636663287878,0.56856149435043,0.57998295128345,0.60360220074653,0.64912365376949,0.73335176706314,0.88594284653663,1.2621683627367,1.7768984697759098,2.70801728963851
797.0,0.56154066324234,0.56156450137495,0.56193442642688,0.5636205971240901,0.56851512193679,0.5799356102943399,0.60355392098426,0.64907146990299,0.73329532146453,0.88587766885757,1.26208133995532,1.7767867073416699,2.7078637629747297
798.0,0.56149417161941,0.5615181364119,0.56188905239105,0.56357499957084,0.5684692859649599,0.57988955080509,0.60350603610277,0.64902088046073,0.7332392930984399,0.88581231236457,1.26199600845575,1.77667723596096,2.70771138370037
799.0,0.5614492893218901,0.56147297099232,0.56184327602386,0.56352941691875,0.56842368841171,0.57984288036823,0.60345812886953,0.64896969497203,0.7331838607787999,0.88574862480163,1.26191066950559,1.7765648774802598,2.7075592130422503
800.0,0.5614041686058,0.5614281073212599,0.5617979615926699,0.56348438560962,0.5683779120445199,0.57979629933834,0.60341034084558,0.64891923964023,0.7331281304359399,0.88568338751792,1.26182452403008,1.77645566686987,2.7074095159769
801.0,0.56135916709899,0.5613833293318701,0.5617531985044399,0.5634394437074599,0.56833231449127,0.57975049316883,0.60336265712976,0.6488686800003,0.73307234048843,0.8856198489665901,1.2617402952164398,1.77634498476982,2.70725926384329
802.0,0.56131464242935,0.56133860349655,0.56170831620693,0.56339468061923,0.56828731298446,0.57970476150512,0.60331515967845,0.64881835877895,0.7330171465873699,0.8855552077293299,1.26165556162595,1.7762362658977502,2.70710849389433
803.0,0.5612697601318299,0.56129392236471,0.56166379153728,0.5633499771356499,0.56824213266372,0.57965838909149,0.60326763987541,0.64876879751682,0.7329615354537901,0.8854918777942601,1.2615715637803,1.77612760290503,2.70695939660072
804.0,0.56122541427612,0.56124929711222,0.56161914765834,0.56330533325672,0.5681973695755,0.57961320877075,0.60322052985429,0.64871887862682,0.73290741443634,0.88542768359184,1.26148647814989,1.77601746842265,2.70681053772568
805.0,0.56118118762969,0.5612048059701901,0.5615750551223699,0.56326085329055,0.5681527256965601,0.57956773042678,0.60317433625459,0.64866890013217,0.73285204172134,0.8853644728660501,1.26140279322862,1.77590915560722,2.70666193962097
806.0,0.5611365437507599,0.5611606054008,0.56153142452239,0.56321631371974,0.5681080818176201,0.57952211797237,0.60312727838754,0.64861978590488,0.7327976226806601,0.88530173897743,1.26131935976445,1.77580166608095,2.7065152972936604
807.0,0.56109362840652,0.5611174777150101,0.56148739159107,0.56317248940467,0.5680637955665501,0.57947717607021,0.60308008641004,0.6485701277852,0.73274368047714,0.88523918390274,1.26123617403209,1.77569444105029,2.70636769011616
808.0,0.56104922294616,0.56107342243194,0.56144325435161,0.56312862038612,0.56801933050155,0.57943195104599,0.6030344069004,0.64852156490087,0.73268985748291,0.8851765692234,1.26115340180695,1.7755873575806598,2.7062207125127298
809.0,0.5610054135322501,0.56102946773171,0.5614002346992399,0.56308497488498,0.56797558069229,0.5793872475624,0.6029876768589,0.64847212284803,0.73263621330261,0.88511404395103,1.26107211969792,1.7754803933203198,2.70607543364167
810.0,0.56096297502517,0.56098677590489,0.56135648488998,0.56304131448268,0.56793129444122,0.57934258878231,0.60294210165739,0.64842353761196,0.73258256912231,0.8850516974925899,1.26098953746259,1.77537443116307,2.7059298157691902
811.0,0.56091892719268,0.56094288825988,0.56131279468536,0.56299830973148,0.56788796186447,0.5792984217405299,0.60289571434259,0.6483741775155001,0.73252910375595,0.88498967885971,1.26090774685144,1.7752699851989702,2.70578498020768
812.0,0.56087625026702,0.56090037152171,0.56127007305622,0.5629548728466,0.56784445047378,0.57925474643707,0.60285038501024,0.64832627773284,0.73247557878494,0.88492864370346,1.26082542724907,1.7751643955707501,2.70564187690615
813.0,0.56083267927169,0.5608566738665101,0.5612273812294001,0.5629119277000401,0.56780105829238,0.57921029627323,0.60280531644821,0.64827808737754,0.73242211341857,0.8848669230937901,1.2607452347874601,1.7750579714774999,2.70549871399998
814.0,0.5607903599739,0.5608142390847201,0.561183989048,0.56286868453025,0.56775802373886,0.57916641235351,0.60276002436876,0.64823024719953,0.7323701977729701,0.8848063945770199,1.26066434383392,1.77495489642024,2.70535340905189
815.0,0.5607480406761101,0.56077216565608,0.5611418634653,0.56282590329647,0.56771504878997,0.5791225433349599,0.60271402448415,0.6481825411319699,0.73231732845306,0.88474479317665,1.26058305799961,1.7748497240245302,2.70521147921681
816.0,0.5607061982154801,0.56072993576526,0.56109946966171,0.56278373301029,0.56767177581787,0.57907916605472,0.60266912728548,0.64813487976789,0.7322646975517201,0.8846847414970299,1.26050381362438,1.77474689856171,2.70507009327411
817.0,0.56066298484802,0.56068674102425,0.56105655431747,0.5627411901950801,0.56762957572937,0.57903552055358,0.60262448340654,0.6480873301625201,0.73221296072006,0.88462445139884,1.26042334549129,1.77464181557297,2.7049291729927
818.0,0.56062090396881,0.56064452975988,0.5610145479440599,0.56269881129264,0.5675868988037099,0.57899267971515,0.60257972031831,0.64803978055715,0.73216038942337,0.88456341624259,1.26034409739077,1.7745404243469198,2.70478798821568
819.0,0.56057906150817,0.5606027431785999,0.56097243726253,0.56265684962272,0.56754451990127,0.57894913852214,0.6025351062417,0.6479925140738401,0.73210889101028,0.88450336456298,1.26026377081871,1.7744380198419,2.7046458572149197
820.0,0.56053733825683,0.5605610162019701,0.5609306693077,0.56261454522609,0.56750202178955,0.57890683412551,0.6024906039237901,0.64794625341892,0.7320573329925499,0.8844437301158901,1.26018501073122,1.77433430403471,2.7045073769986603
821.0,0.56049561500549,0.5605192966759199,0.56088899075984,0.56257282197475,0.56746011972427,0.57886350154876,0.6024473011493601,0.64789921045303,0.73200547695159,0.8843841254711099,1.2601069957017799,1.7742324322461998,2.70436728373169
822.0,0.56045401096343,0.56047796458005,0.56084764003753,0.56253109872341,0.56741827726364,0.5788209438323899,0.60240319371223,0.6478526294231399,0.73195421695709,0.88432499766349,1.2600283604115199,1.77413123473525,2.70422779396176
823.0,0.56041264533996,0.56043640524148,0.5608061552047701,0.562490016222,0.56737655401229,0.5787789225578299,0.6023588702082601,0.6478065252303999,0.73190337419509,0.88426554203033,1.25994958169758,1.77403032407164,2.70408968254923
824.0,0.56037241220474,0.56039615347981,0.56076550483703,0.56244853138923,0.56733483076095,0.5787364393472599,0.60231605172157,0.6477597206830901,0.73185259103775,0.88420742750167,1.25987141579389,1.773929387331,2.7039518803358
825.0,0.56033116579055,0.56035498529672,0.56072445213794,0.56240758299827,0.56729328632354,0.57869452238082,0.60227215290069,0.64771399646997,0.7318019270896899,0.88414850831031,1.25979387946426,1.77382871508598,2.70381417497992
826.0,0.56028968095779,0.5603135600686,0.56068311631679,0.56236673891544,0.56725180149078,0.57865273952484,0.60222827643156,0.64766787737607,0.7317513823509201,0.8840896487236001,1.25971699506044,1.77372905239462,2.70367769524455
827.0,0.56024855375289,0.56027254834771,0.5606422573328,0.56232546269893,0.56721097230911,0.5786102265119499,0.60218565911054,0.64762241393327,0.73170089721679,0.8840320408344199,1.25964021682739,1.77362853661179,2.70354131236672
828.0,0.56020867824554,0.56023279950022,0.56060226261615,0.56228519976139,0.56716990470886,0.57856929302215,0.60214317589998,0.64757683873176,0.73165082931518,0.88397344946861,1.25956358015537,1.77353067696094,2.70340475812554
829.0,0.56016790866851,0.5601918660104199,0.5605615377426101,0.56224460899829,0.5671291947364799,0.57852762937545,0.6020995080471,0.64753212034702,0.73160135746002,0.88391605019569,1.2594867441803201,1.77343123406171,2.70326949656009
830.0,0.56012815237045,0.56015227362513,0.56052136421203,0.56220409274101,0.56708860397338,0.57848609983921,0.6020573750138201,0.64748587459325,0.7315515875816301,0.8838587105274199,1.2594106122851298,1.7733320780098398,2.70313515141606
831.0,0.56008750200271,0.5601114071905601,0.56048107147216,0.5621640831232,0.56704777479171,0.57844513654708,0.60201505571603,0.6474410444498,0.7315017580986,0.8838005959987599,1.25933459587395,1.7732356116175603,2.7030000537633803
832.0,0.56004774570465,0.56007196754217,0.56044133007526,0.56212368607521,0.5670074224471999,0.57840375602245,0.6019719466567,0.6473960503935801,0.7314525246620099,0.88374382257461,1.25925874710083,1.7731365412473599,2.70286688581109
833.0,0.5600074529647799,0.5600325092673301,0.5604009032249401,0.56208378076553,0.56696730852127,0.57836282253265,0.60192971676588,0.64735155552625,0.73140287399291,0.8836867511272399,1.25918391533195,1.7730402946472101,2.7027347125113
834.0,0.5599679350852901,0.5599918551743,0.56036143004894,0.56204405426979,0.56692761182785,0.57832270860671,0.6018877997994401,0.6473067253828,0.73135471343994,0.88362997770309,1.25910895317792,1.77294395118951,2.7026003412902297
835.0,0.55992865562438,0.55995282158255,0.56032229959964,0.56200441718101,0.5668876171112001,0.57828156650066,0.60184605419635,0.6472625657916,0.73130524158477,0.8835735023021599,1.25903392769396,1.7728454135358298,2.7024690359830803
836.0,0.55988973379135,0.55991385504603,0.56028293073177,0.5619647949934,0.56684780120849,0.57824152708053,0.60180432349443,0.6472189873456901,0.73125666379928,0.8835173249244601,1.2589601445943102,1.77275027707219,2.7023373097181302
837.0,0.55985057353973,0.5598746165633199,0.5602439045906,0.56192572414875,0.5668077468872,0.57820087671279,0.60176263004541,0.64717471599578,0.73120868206024,0.88346084952354,1.25888501666486,1.77265413105487,2.7022050730884
838.0,0.5598107576370199,0.5598344616591899,0.56020414829254,0.56188674271106,0.56676858663558,0.57816119492053,0.60172110050916,0.64713081717491,0.73116028308868,0.88340571522712,1.25881199538707,1.7725567296147298,2.70207534730434
839.0,0.5597717165946899,0.55979565903544,0.5601652264595,0.56184735894203,0.5667295455932599,0.5781206488609301,0.60167977958917,0.64708652347326,0.7311115860938999,0.88334974646568,1.2587374672293599,1.77246218547225,2.70194232463836
840.0,0.55973315238952,0.55975691601634,0.56012643873691,0.56180855631828,0.56669008731842,0.57808136940002,0.60163951665163,0.6470435857772799,0.73106384277343,0.8832938671112,1.25866463594138,1.77236754074692,2.70181534811854
841.0,0.5596942305564799,0.5597182251513,0.56008774042129,0.56176981329917,0.56665110588073,0.57804179191589,0.6015983298420899,0.64699988812208,0.73101603984832,0.88323929905891,1.25859097391366,1.77227292954921,2.70168474316596
842.0,0.5596557855606,0.55968083813786,0.5600491762161199,0.56173107028007,0.56661200523376,0.5780019611120201,0.60155699402093,0.64695692807435,0.73096847534179,0.8831835389137199,1.25851899385452,1.77217829599976,2.70155614614486
843.0,0.5596181154251001,0.55964225530624,0.56001144647598,0.5616929680109,0.56657326221466,0.57796244323253,0.6015160009264899,0.6469132527709,0.7309218049049301,0.88312917947769,1.25844551809132,1.7720840685069499,2.7014270462095697
844.0,0.55958014726638,0.55960396677255,0.55997294187545,0.5616544634103701,0.56653487682342,0.57792355120182,0.60147622972726,0.64687104523181,0.73087430000305,0.88307482004165,1.25837339274585,1.77199210226535,2.7012976557016297
845.0,0.55954122543334,0.55956546217203,0.5599348694086,0.56161592900753,0.5664961934089601,0.57788461446762,0.6014353185892101,0.64682756364345,0.7308272123336701,0.8830196559429101,1.2583017200231499,1.77189883217215,2.7011712193489
846.0,0.55950337648391,0.5595272779464701,0.55989651381969,0.56157806515693,0.5664576888084399,0.57784533500671,0.60139568150043,0.64678531140089,0.73078000545501,0.8829654157161699,1.2582298964262,1.77180503308773,2.70104422792792
847.0,0.5594664216041499,0.55949016660451,0.55985850095748,0.56154015660285,0.566419839859,0.5778065919876,0.60135493427515,0.64674288034439,0.73073309659957,0.88291159272193,1.25815883278846,1.77171217650175,2.70091709122061
848.0,0.5594279766082699,0.55945214256644,0.55982144176959,0.5615024715662,0.56638151407241,0.5777678489685,0.60131543129682,0.64670065045356,0.7306871414184499,0.8828578293323499,1.25808633863925,1.77162143215537,2.70079133287072
849.0,0.55939012765884,0.5594141818583,0.5597833245992601,0.5614647567272101,0.56634372472763,0.57772959768772,0.60127595812082,0.64665871113538,0.73064047098159,0.88280418515205,1.2580157611519,1.77152797952294,2.70066476985812
850.0,0.55935364961624,0.5593774728477,0.5597464442253101,0.56142708659172,0.56630635261535,0.57769095897674,0.6012356355786299,0.6466158404946301,0.73059475421905,0.8827506601810401,1.25794458389282,1.7714374884963,2.7005395591259003
851.0,0.5593159198760901,0.55933957919478,0.5597087591886499,0.56138961017131,0.56626808643341,0.5776524990797,0.6011963561177199,0.6465740352868999,0.73054814338684,0.88269710540771,1.25787379592657,1.7713450118899299,2.70041565597057
852.0,0.55927884578704,0.55930297076702,0.55967193841934,0.56135258078575,0.56623089313507,0.57761400938034,0.60115733742713,0.6465323120355599,0.73050254583358,0.88264366984367,1.2578034047037299,1.7712556757032798,2.7002912349998898
853.0,0.5592412352561901,0.55926523357629,0.55963468551635,0.56131516396999,0.5661934614181501,0.5775760859251,0.60111811757087,0.6464906707406001,0.73045694828033,0.8825906217098201,1.25773382931947,1.7711637504398798,2.70016720518469
854.0,0.55920487642288,0.5592287518083999,0.55959810316562,0.56127871572971,0.5661563873291,0.57753890752792,0.60107925534248,0.64645017683506,0.73041105270385,0.88253849744796,1.25766439177095,1.77107366546988,2.70004308596253
855.0,0.55916851758956,0.55919263884425,0.55956143140792,0.56124147772789,0.56611901521682,0.57750070095062,0.6010404229164099,0.64640889316797,0.73036557435989,0.8824855685233999,1.25759530812501,1.77098479494452,2.69991951063275
856.0,0.55913126468658,0.55915496870875,0.55952441692352,0.56120465695858,0.56608211994171,0.5774636268615699,0.60100042074918,0.6463673934340399,0.7303207516670199,0.8824340105056699,1.25752560794353,1.7708953619003198,2.69979728385806
857.0,0.55909502506256,0.55911865085363,0.5594879835844,0.56116850674152,0.56604546308517,0.57742591202259,0.6009630039334201,0.6463264375925,0.7302758693695001,0.8823812901973699,1.25745673291385,1.77080427482724,2.6996752768754897
858.0,0.5590591430664,0.55908266454935,0.5594518929719899,0.56113186478614,0.5660086274147,0.57738828659057,0.60092428326606,0.64628639072179,0.73023110628128,0.8823297619819599,1.2573872897773901,1.77071585878729,2.69955269619822
859.0,0.5590225458145099,0.55904676765203,0.5594156384468,0.56109544634819,0.56597191095352,0.57735140621662,0.6008857414126301,0.6462453901767701,0.73018592596054,0.8822771608829401,1.25732032954692,1.7706275247037402,2.699431553483
860.0,0.5589867830276399,0.55901084840297,0.55937963724136,0.56105944514274,0.56593549251556,0.57731461524963,0.60084750503301,0.64620435237884,0.73014175891876,0.8822261393070199,1.25725161284208,1.77053917944431,2.69931112229824
861.0,0.55895066261291,0.5589747466146899,0.55934293568134,0.5610230416059401,0.56589943170547,0.57727722823619,0.600808955729,0.64616452157497,0.73009723424911,0.8821748197078699,1.25718235410749,1.7704508490860402,2.6991898715496
862.0,0.55891489982604,0.5589389838278199,0.55930715799331,0.5609872341156,0.56586295366287,0.5772408992052,0.60077080875635,0.64612409472465,0.73005264997482,0.8821227848529799,1.25711554475128,1.77036280557513,2.69907113537192
863.0,0.55887913703918,0.55890322476625,0.55927139520645,0.56095133721828,0.56582695245742,0.57720434665679,0.6007336676120699,0.64608434587717,0.73000866174697,0.8820719420909799,1.25704759918153,1.77027743682265,2.69895144924521
864.0,0.55884373188018,0.55886784940958,0.5592365860939,0.5609157532453499,0.56579113006591,0.5771674960851599,0.60069567710161,0.6460435539484,0.72996515035629,0.88202086091041,1.2569809500128,1.7701896317303099,2.69883145391941
865.0,0.55880808830261,0.55883219465613,0.55920106172561,0.56088005006313,0.5657553076744,0.57713097333908,0.6006576642394,0.64600437879562,0.72992122173309,0.8819701671600301,1.25691311992704,1.77010253071784,2.6987120658159203
866.0,0.55877304077148,0.55879661813378,0.55916573107242,0.56084492802619,0.5657196640968299,0.57709509134292,0.6006209030747399,0.64596505463123,0.72987699508666,0.88191992044448,1.25684691965579,1.77001585438847,2.69859407842159
867.0,0.5587373971939,0.55876135453581,0.55913026630878,0.56080992519855,0.56568396091461,0.57705909013748,0.60058304667472,0.64592556655406,0.72983407974243,0.88186940550804,1.2567799035459701,1.7699305675923802,2.69847682118415
868.0,0.5587021112442,0.5587271638214499,0.55909489095211,0.5607744753360699,0.56564843654632,0.57702280580997,0.60054639726877,0.64588567614555,0.7297903895378101,0.88182011246681,1.25671424530446,1.7698441557586102,2.6983580701053103
869.0,0.5586681962013199,0.55869196355342,0.55905979871749,0.56073959171772,0.56561338901519,0.5769870430231,0.60050866007804,0.6458463221788401,0.7297476530075,0.88176998496055,1.25664807669818,1.7697578519582697,2.69824111461639
870.0,0.55863267183303,0.55865655094385,0.5590256601572,0.56070421636104,0.5655782818794199,0.57695128023624,0.6004721596837,0.64580766111612,0.7297041416168201,0.8817196786403599,1.25658121705055,1.76967377960681,2.69812513887882
871.0,0.55859750509262,0.55862150341272,0.5589905232191,0.56066986918449,0.56554347276687,0.57691556215286,0.60043572634458,0.6457685753703101,0.72966194152832,0.88166978955268,1.25651558488607,1.7695874907076299,2.69800931215286
872.0,0.55856359004974,0.55858774855732,0.55895644426345,0.56063522398471,0.56550812721252,0.57688029110431,0.60039839148521,0.6457296013832,0.7296184897422701,0.88162106275558,1.25645096600055,1.76950359344482,2.69789263233542
873.0,0.55852913856506,0.55855279415845,0.55892165005207,0.56060054898262,0.5654734969138999,0.57684476673603,0.6003620326518999,0.6456910893321001,0.72957599163055,0.88157126307487,1.25638574361801,1.7694200724363298,2.69777726754546
874.0,0.5584953427314701,0.55851911008358,0.5588869452476499,0.56056644022464,0.5654391050338701,0.57680928707122,0.6003259941935499,0.6456526890397,0.72953397035598,0.8815226852893799,1.25631953217089,1.7693351432681002,2.69766231998801
875.0,0.55846029520034,0.55848425254225,0.55885310471057,0.56053194403648,0.5654039978981,0.57677416503429,0.60029000788927,0.64561376720666,0.72949206829071,0.8814730048179601,1.25625518895685,1.76925148442387,2.69754713773727
876.0,0.55842649936676,0.55845072120428,0.55881935358047,0.56049789488315,0.56536984443664,0.57673962414264,0.60025385022163,0.64557573199272,0.72944974899291,0.8814246058464,1.2561908960342398,1.76916808634996,2.69743360579013
877.0,0.55839216709136,0.55841587111353,0.55878488719463,0.56046347320079,0.56533539295196,0.57670468091964,0.6002179682254699,0.6455369964241899,0.7294078469276399,0.88137659430503,1.2561267465353,1.76908581331372,2.69731873273849
878.0,0.55835849046707,0.55838246643543,0.55875147879123,0.56042964756488,0.56530129909515,0.57666979730129,0.60018218308687,0.6454998254776,0.7293661236762999,0.8813283145427699,1.25606262870132,1.7690012641251003,2.6972051262855503
879.0,0.55832517147064,0.55834929272532,0.5587170720100401,0.56039591133594,0.56526696681976,0.57663531601428,0.6001464203,0.64546195417642,0.72932440042495,0.88127920031547,1.25599848479032,1.7689189836382802,2.69709214568138
880.0,0.55829221010208,0.55831589549779,0.55868355929851,0.56036213040351,0.56523352861404,0.57660049200057,0.60011068731546,0.64542355388402,0.72928273677825,0.8812310397624901,1.25593524426221,1.76883598789572,2.6969797350466203
881.0,0.55825763940811,0.55828154459595,0.5586504340171801,0.56032840907573,0.56519937515258,0.5765665769577,0.60007511079311,0.64538664370775,0.72924119234085,0.8811832368373801,1.2558716237545,1.7687542550265702,2.69686777889728
882.0,0.55822467803955,0.5582482591271399,0.55861699581146,0.56029529869556,0.565165579319,0.57653193175792,0.6000397503376,0.6453488394618,0.72920018434524,0.8811355531215599,1.25580921024084,1.76867318898439,2.69675648584961
883.0,0.55819147825241,0.5582153424620601,0.55858395993709,0.5602618008852001,0.56513237953186,0.57649804651737,0.6000041291117599,0.64531183987855,0.72915858030319,0.8810878694057399,1.25574638135731,1.76859116926789,2.69664491713047
884.0,0.55815827846527,0.55818239971995,0.55855017900466,0.56022825837135,0.5650986433029099,0.57646362483501,0.59996872395277,0.64527412503957,0.72911763191223,0.88104033470153,1.25568341463804,1.7685095109045499,2.69653321802616
885.0,0.55812543630599,0.55814955383539,0.55851715803146,0.56019523739814,0.5650652647018399,0.5764302611351,0.5999334976077,0.64523756504058,0.72907721996307,0.8809931278228701,1.2556201890110898,1.76843056827783,2.6964225359261
886.0,0.55809235572814,0.55811643600463,0.55848433077335,0.56016239523887,0.56503224372863,0.5763958692550599,0.59989929199218,0.6452002227306299,0.7290363907814,0.8809468448162,1.2555575948208502,1.76834980025887,2.69631120562553
887.0,0.5580598711967399,0.55808365345001,0.55845153331756,0.56012903153896,0.56499874591827,0.5763622969388901,0.59986421465873,0.64516337960958,0.72899562120437,0.8808998465538,1.25549694150686,1.76826830953359,2.69620045647025
888.0,0.5580267906188899,0.55805087834596,0.55841881036758,0.56009624898433,0.56496584415435,0.57632912695407,0.59982918947935,0.6451270654797501,0.7289558053016599,0.8808525204658499,1.25543390773236,1.7681878656148902,2.69609181582927
889.0,0.55799466371536,0.55801848322153,0.55838620662689,0.56006404757499,0.56493294239044,0.5762956142425499,0.5997953787446,0.64508976787328,0.72891509532928,0.88080552220344,1.2553718835115402,1.7681100256741002,2.69598314538598
890.0,0.5579617023468,0.55798580870032,0.55835349857807,0.56003132462501,0.56490015983581,0.57626254856586,0.59976050257682,0.6450535878539,0.7288753390312099,0.8807598650455399,1.25531166791915,1.76802906766533,2.6958746910095197
891.0,0.5579293370246801,0.55795321241021,0.55832189321517,0.55999878048896,0.56486749649047,0.57622878253459,0.59972682595252,0.64501755684614,0.72883564233779,0.88071307539939,1.2552499398589099,1.76795102283358,2.69576492905616
892.0,0.55789697170257,0.55792092904448,0.55828960239887,0.55996675789356,0.56483483314514,0.57619594037532,0.59969196468591,0.6449815779924299,0.72879517078399,0.88066750764846,1.25518953986465,1.76787131652235,2.69565752148628
893.0,0.55786436796188,0.55788837000727,0.55825714766979,0.55993469059467,0.56480276584625,0.57616263628005,0.59965839982032,0.64494550228118,0.7287559509277299,0.88062074780464,1.25512783229351,1.76779355853796,2.69555009528994
894.0,0.5578333735466,0.55785716325044,0.55822503566741,0.55990223586559,0.5647702217102,0.5761298388242699,0.5996248796582201,0.6449097171425799,0.72871649265289,0.88057526946067,1.25506797432899,1.76771380752325,2.69544193521142
895.0,0.5578014850616401,0.55782500654459,0.55819356441497,0.55987039208412,0.56473803520202,0.5760970562696399,0.5995902344584401,0.64487385004758,0.72867655754089,0.88053020834922,1.25500673986971,1.7676361836493002,2.69533436372876
896.0,0.5577688813209499,0.55779284611344,0.55816163122653,0.55983844399452,0.5647062063217101,0.57606428861618,0.59955706447362,0.64483819156885,0.72863721847534,0.88048493862152,1.25494701601564,1.7675577327609,2.69522823020815
897.0,0.5577380061149501,0.5577617958188,0.55812966823577,0.5598067790269801,0.5646738409995999,0.5760320425033499,0.5995235815644201,0.64480245113372,0.7285982966422999,0.88043877482414,1.25488708913326,1.7674802280962398,2.69512130320072
898.0,0.55770617723464,0.55772979557514,0.55809837579727,0.55977502465248,0.56464201211929,0.5759994983673,0.5994894132017999,0.64476700127124,0.7285594344138999,0.88039356470108,1.25482708960771,1.7674038372933802,2.6950162500143
899.0,0.55767500400543,0.55769904330372,0.55806647241115,0.55974331498146,0.56461060047149,0.57596760988235,0.5994561240077,0.6447314545512199,0.7285206913948,0.88034877181053,1.2547675166279,1.76732718944549,2.69490966200828
900.0,0.55764323472976,0.5576671101152799,0.55803561210632,0.55971173942089,0.56457847356796,0.57593554258346,0.5994231179356501,0.6446959525346699,0.7284819483757,0.8803040087223,1.2547084856778299,1.76724878698587,2.69480568170547
901.0,0.5576127171516401,0.5576364584267101,0.55800388753414,0.5596806704998001,0.56454706192016,0.57590310275554,0.59939017891883,0.6446606144309001,0.72844320535659,0.8802592754364,1.25464867986738,1.7671716883778499,2.69469955563545
902.0,0.5575809478759699,0.55760462582111,0.55797320604324,0.55964915454387,0.5645155906677201,0.5758710950613,0.5993572846055001,0.64462628215551,0.72840458154678,0.8802146315574599,1.25458998233079,1.7670958042144702,2.6945955865085103
903.0,0.55754995346069,0.55757403746247,0.5579415410757,0.55961814522743,0.56448411941528,0.57583945989608,0.5993244200944899,0.6445911526679899,0.72836601734161,0.88017007708549,1.2545307893306001,1.76702013239264,2.69449145719408
904.0,0.5575185418128901,0.5575424991548,0.55791111290454,0.5595872700214299,0.56445294618606,0.57580764591693,0.59929163753986,0.64455649256706,0.72832787036895,0.8801258206367399,1.25447325408458,1.76694439351558,2.6943878382444297
905.0,0.5574881434440601,0.55751204490661,0.5578796267509399,0.55955643951892,0.5644218921661299,0.57577574253082,0.59925892949104,0.64452228695154,0.7282902598381,0.8800812959671,1.2544148415327,1.76686867699027,2.69428521394729
906.0,0.55745786428451,0.55748164281249,0.55784909427165,0.5595255196094501,0.56439065933227,0.5757447630167,0.5992262661457001,0.64448723196983,0.72825229167938,0.88003805279731,1.25435606203973,1.7667934820055902,2.69418141618371
907.0,0.557426571846,0.55745021626353,0.55781890451908,0.5594948381185499,0.56435960531234,0.575712621212,0.5991936400532699,0.64445333927869,0.7282138466835,0.87999409437179,1.25429881177842,1.76671789959073,2.6940782554447598
908.0,0.55739629268646,0.5574198588728899,0.55778843164443,0.55946414172649,0.56432908773422,0.5756817013025199,0.59916099905967,0.64441887289285,0.7281760573387099,0.87995013594627,1.25424087792634,1.76664313673973,2.6939773261547
909.0,0.55736565589904,0.5573898218572101,0.55775739252567,0.55943399667739,0.56429815292358,0.57565003633499,0.59912870079278,0.64438508450984,0.7281390428543,0.8799073696136399,1.2541830074042,1.76657048240304,2.69387451186776
910.0,0.5573357343673699,0.55735983327031,0.55772733688354,0.55940333008766,0.56426793336868,0.57561963796615,0.5990974009037,0.64435025304555,0.72810131311416,0.87986317276954,1.25412601232528,1.76649609208107,2.69377196207642
911.0,0.55730557441711,0.55732959881424,0.55769692361354,0.55937293171882,0.56423717737197,0.57558803260326,0.59906521439552,0.64431677758693,0.72806453704833,0.8798205256462001,1.25406901724636,1.76642102003097,2.69367058202624
912.0,0.55727565288543,0.55729969218373,0.55766706168651,0.55934284627437,0.5642068982124301,0.57555735111236,0.5990327373147001,0.64428244531154,0.72802680730819,0.8797771632671301,1.25401130877435,1.766347091645,2.69356990978121
913.0,0.55724447965621,0.55726982653141,0.5576371699571601,0.55931244790554,0.56417620182037,0.57552671432495,0.59900067746639,0.64424891769886,0.72799003124237,0.87973454594612,1.25395473092794,1.7662745006382399,2.69346991553902
914.0,0.55721467733383,0.55723867937922,0.5576073080301199,0.5592825859785,0.5641461610794,0.57549564540386,0.59896976500749,0.6442155316472,0.7279525399208,0.8796921968460001,1.25389755517244,1.7662004083395002,2.69336991012096
915.0,0.55718487501144,0.5572088770568301,0.55757750570774,0.55925260484218,0.5641161799430799,0.57546506822109,0.59893756359815,0.64418253302574,0.72791582345962,0.87964859604835,1.25384082086384,1.76612673327326,2.69326839968562
916.0,0.55715507268905,0.55718041956424,0.5575477033853501,0.55922280251979,0.5640863180160499,0.57543492317199,0.5989067777991199,0.64414812624454,0.72787976264953,0.87960654497146,1.25378586910665,1.76605527475476,2.69316881895065
917.0,0.55712664127349,0.55715068057179,0.5575179606676101,0.55919317901134,0.56405639648437,0.57540452480316,0.59887478500604,0.64411541819572,0.7278432250022799,0.8795642256736701,1.2537295371294,1.76598143205046,2.6930702738463803
918.0,0.5570969581604,0.55712098255753,0.55748830735683,0.5591634362936,0.56402659416198,0.57537443935871,0.59884408861398,0.64408203214406,0.7278062701225201,0.87952229380607,1.2536730170249901,1.7659102641046,2.69297052919864
919.0,0.55706751346588,0.55709161236882,0.5574587434530199,0.5591342747211401,0.5639969110488801,0.57534365355968,0.5988123044371599,0.6440493464469901,0.72776979207992,0.87947925925254,1.25361714512109,1.76583670824766,2.6928728967905
920.0,0.55703783035278,0.55706199631094,0.55742955207824,0.55910471081733,0.56396716833114,0.5753137916326501,0.59878169745206,0.64401633292436,0.72773391008377,0.8794374167919099,1.2535621151328,1.7657653838396001,2.69277471676468
921.0,0.55700886249542,0.55703242495656,0.5574008077383,0.55907568335533,0.56393748521804,0.5752834677696199,0.5987502038478799,0.64398375898599,0.72769796848297,0.8793956935405699,1.2535063624382,1.76569474861025,2.69267602264881
922.0,0.55697953701019,0.55700318142771,0.55737163126468,0.5590465813875101,0.5639079809188801,0.57525365054607,0.5987196490168499,0.64395076781511,0.7276621460914601,0.8793539702892299,1.25345104187726,1.7656221129000098,2.6925781220197598
923.0,0.55695122480392,0.55697495117783,0.5573422163724899,0.55901716649532,0.56387889385223,0.57522386312484,0.59868922829627,0.64391832053661,0.72762590646743,0.87931236624717,1.25339685939252,1.7655513212084701,2.69247988983988
924.0,0.55692189931869,0.55694576352834,0.557313144207,0.55898824334144,0.5638497471809301,0.5751940608024501,0.59865782409906,0.64388541877269,0.72759014368057,0.87927195429801,1.25334165804088,1.7654816545546002,2.6923830062150897
925.0,0.55689269304275,0.5569165945053101,0.55728477239608,0.55895945429801,0.56382083892822,0.5751647800207099,0.59862742573022,0.64385318756103,0.72755491733551,0.87923043966293,1.25328795611858,1.76541073620319,2.69228717684745
926.0,0.55686450004577,0.55688852444291,0.5572557896375601,0.55893059074878,0.5637914538383401,0.57513517141342,0.59859742969274,0.64382153004407,0.72751915454864,0.8791893124580299,1.25323254801332,1.7653409019112503,2.6921911984682
927.0,0.55683588981628,0.55685941129922,0.55722689628601,0.55890181660652,0.56376266479492,0.5751062631607,0.59856712073087,0.64378947764635,0.72748363018035,0.87914782762527,1.25317933410406,1.76526921987533,2.69209372997283
928.0,0.55680668354034,0.55683038756251,0.5571988373994801,0.55887308716773,0.56373369693756,0.5750767141580501,0.59853711724281,0.64375719428062,0.72744810581207,0.8791067898273399,1.25312399305403,1.7651994004845601,2.69199864566326
929.0,0.55677884817123,0.55680269002914,0.5571700334548899,0.5588444918394,0.56370502710342,0.57504767179489,0.59850596636533,0.64372479915618,0.7274129390716499,0.87906694412231,1.25307082571089,1.76512901857495,2.6919025145471
930.0,0.55674976110458,0.55677370354533,0.5571421533823,0.55881622433662,0.56367641687393,0.57501816749572,0.59847602993249,0.64369367063045,0.72737836837768,0.8790256679058001,1.25301747769117,1.7650598511099802,2.69180856645107
931.0,0.55672192573547,0.55674608424305,0.55711340904235,0.5587876886129299,0.56364804506301,0.5749891847372,0.59844622015953,0.6436613425612401,0.72734349966049,0.87898594141006,1.2529630362987498,1.7649904265999699,2.69171319901943
932.0,0.55669343471527,0.55671714246273,0.5570855885744,0.55875977873802,0.56361955404281,0.57496048510074,0.59841633588075,0.64362945407629,0.72730803489685,0.87894505262374,1.2529106605798,1.76492226123809,2.6916183978319097
933.0,0.55666571855545,0.55668959394097,0.5570570230484,0.5587312579154899,0.56359136104583,0.5749315470457,0.59838654100894,0.64359875023365,0.72727406024932,0.87890544533729,1.25285746157169,1.76485285907983,2.69152376428246
934.0,0.55663800239562,0.55666207894682,0.55702929198741,0.55870379507541,0.56356298923492,0.57490271329879,0.59835682064294,0.6435667425394,0.72723919153213,0.8788647353649099,1.25280348211526,1.76478376612067,2.69142933189868
935.0,0.55660986900329,0.5566335283219801,0.5570016503334,0.5586754977703,0.56353479623794,0.57487457990646,0.5983271449804299,0.6435356438159899,0.7272044420242301,0.87882551550865,1.2527510952204401,1.7647174037992899,2.6913366056978703
936.0,0.55658221244812,0.55660605430603,0.55697339773178,0.55864755809307,0.56350660324096,0.57484537363052,0.59829867631196,0.6435039490461301,0.72717064619064,0.87878483533859,1.25269867479801,1.76464912295341,2.6912434287369202
937.0,0.55655455589294,0.55657863616943,0.55694584548473,0.55861976742744,0.56347852945327,0.57481741905212,0.5982690975069901,0.64347358047962,0.72713589668273,0.8787454068660701,1.25264633633196,1.76458019763231,2.69115082547068
938.0,0.55652654170989,0.5565502420067701,0.55691863596439,0.55859205126762,0.56345063447952,0.57478873431682,0.59823980182409,0.64344201982021,0.72710210084915,0.87870639562606,1.25259332172572,1.7645124197006201,2.69105729460716
939.0,0.55649894475936,0.5565228611230799,0.5568911433219901,0.55856435000896,0.5634229183197,0.5747607946395801,0.59821018576622,0.6434115543961499,0.7270683646202,0.87866714596748,1.2525411564856699,1.7644461393356299,2.69096498191356
940.0,0.5564722418785,0.5564958192408,0.55686308443546,0.5585371404886199,0.56339508295059,0.57473212480545,0.59818097949028,0.64338064938783,0.72703385353088,0.87862694263458,1.25248937308788,1.7643783614039399,2.69087280705571
941.0,0.5564449429512,0.5564687661826601,0.55683577060699,0.55850949883461,0.56336784362792,0.57470472157001,0.59815267473459,0.6433494165539699,0.72700059413909,0.87858802080154,1.25243755243718,1.76431055739521,2.69078085198998
942.0,0.5564174652099599,0.55644154176115,0.55680866539478,0.55848237872123,0.56334006786346,0.5746762603521299,0.59812357276678,0.64331898093223,0.72696703672409,0.8785488605499201,1.25238590128719,1.76424444466829,2.6906887106597397
943.0,0.55639082193374,0.55641456320881,0.55678160488605,0.5584549605846401,0.56331264972686,0.57464843988418,0.59809416532516,0.64328889548778,0.7269330620765599,0.87851014733314,1.25233490020036,1.76417719200253,2.6905984282493502
944.0,0.5563623309135399,0.55638633668422,0.5567547231912601,0.55842790007591,0.56328505277633,0.57462078332901,0.59806624799966,0.6432586684823,0.7268995642662001,0.87847137451171,1.25228334218263,1.76411199942231,2.69050654768943
945.0,0.55633580684661,0.5563595034182001,0.5567275285720801,0.55840049684047,0.5632579922676,0.5745928287506099,0.59803730994462,0.64322866499423,0.72686648368835,0.8784326612949299,1.25223243236541,1.76404476165771,2.69041556119918
946.0,0.5563086867332401,0.55633262917399,0.55670064687728,0.55837361514568,0.56323099136352,0.57456521689891,0.59800826013088,0.6431975290179199,0.7268331646919199,0.8783943355083401,1.25218096561729,1.76397972181439,2.69032572209835
947.0,0.55628216266632,0.55630580708384,0.55667382478713,0.55834679305553,0.56320399045944,0.57453806698322,0.59798052161931,0.64316770434379,0.72680020332336,0.87835577130317,1.2521305065602,1.7639131471514702,2.69023516401648
948.0,0.55625504255294,0.55627904087305,0.55664706230163,0.55831997096538,0.56317710876464,0.57451047003269,0.5979516133666,0.64313750714063,0.7267664074897701,0.87831836938858,1.25207950174808,1.7638485878705898,2.6901466399431198
949.0,0.55622988939285,0.55625357106328,0.55662061274051,0.55829314887523,0.5631496310234,0.5744833946228,0.59792390465736,0.64310770481824,0.7267336249351499,0.8782801628112701,1.25202890671789,1.7637814097106401,2.69005606696009
950.0,0.55620276927948,0.55622681230306,0.55659385025501,0.55826638638973,0.56312280893325,0.57445572316646,0.59789501875638,0.6430779024958599,0.72670084238052,0.8782417178153901,1.25197860412299,1.76371693611145,2.68996816501021
951.0,0.55617636442184,0.5562001466751,0.5565672665834399,0.55824020504951,0.5630966424942,0.57442866265773,0.5978674441576001,0.64304810017347,0.72666805982589,0.8782036006450601,1.2519295066595,1.76365303248167,2.68987898901104
952.0,0.55614960193634,0.5561737269163101,0.5565405935049,0.5582136213779401,0.5630698800086901,0.57440131902694,0.59783986210823,0.64301837980747,0.7266362309455799,0.8781664669513699,1.25187936425209,1.7635883800685401,2.6897885203361502
953.0,0.55612331628799,0.55614713579416,0.55651438236236,0.55818739533424,0.56304323673248,0.57437443733215,0.59781143069267,0.6429888904094601,0.7266035079956,0.87812846899032,1.25182893872261,1.7635228782892198,2.68970112502574
954.0,0.55609691143035,0.55612053722143,0.55648785829544,0.5581613928079601,0.5630165934562601,0.57434748113155,0.59778385609388,0.64295922219753,0.72657090425491,0.8780905008315999,1.2517792135477,1.7634583897888598,2.68961356207728
955.0,0.5560702681541401,0.55609427019953,0.55646228790283,0.55813486874103,0.56299000978469,0.5743206590414,0.5977564975619301,0.64293073117733,0.7265388369560201,0.87805381417274,1.2517303917557,1.7633951231837202,2.68952650949358
956.0,0.55604523420333,0.55606902018189,0.5564361363649301,0.55810843408107,0.5629639625549301,0.5742939710617,0.5977281033992701,0.64290137588977,0.72650617361068,0.87801593542099,1.2516810297966001,1.76333174481987,2.68943923711776
957.0,0.55601930618286,0.55604282394051,0.55640970170497,0.55808249115943,0.56293773651123,0.5742672085762,0.5977007672190601,0.64287178963422,0.72647416591644,0.87797933816909,1.25163126178085,1.76326823607087,2.68935185670852
958.0,0.5559926629066401,0.55601662397384,0.5563845038414,0.5580570846795999,0.56291186809539,0.57424090802669,0.5976735875010399,0.64284233748912,0.72644257545471,0.8779414892196601,1.25158313661813,1.76320425420999,2.6892647035419897
959.0,0.5559677481651301,0.5559915266931,0.5563585907220799,0.55803070962429,0.56288546323776,0.5742142796516401,0.59764662384986,0.64281421154737,0.72641068696975,0.8779049813747399,1.25153405405581,1.76314112916588,2.68917755410075
960.0,0.55594182014465,0.55596536397933,0.5563325881958,0.5580049604177401,0.56285959482192,0.57418835163116,0.59761932492256,0.64278502017259,0.72637873888015,0.8778684437274901,1.25148462504148,1.7630782760679702,2.68909237161278
961.0,0.5559152960777201,0.55593929439783,0.55630725622177,0.55797964334487,0.56283348798751,0.57416178286075,0.59759236127138,0.64275603741407,0.72634732723236,0.8778311610221801,1.25143638066947,1.7630151733756,2.68900534138083
962.0,0.5558907389640799,0.55591454356908,0.55628131330013,0.55795346200466,0.56280785799026,0.5741356760263401,0.59756421297788,0.6427279934287,0.7263154387474,0.87779480218887,1.25138784199953,1.76295314729213,2.68891921639442
963.0,0.5558648109436001,0.55588847398757,0.5562563538551301,0.5579282939433999,0.5627821683883599,0.5741091966629001,0.59753736108541,0.64269891381263,0.7262836098670901,0.8777588009834201,1.2513400260359,1.7628901302814401,2.68883246183395
964.0,0.5558396577835,0.55586377903819,0.55623054504394,0.55790255963802,0.56275624036788,0.57408314943313,0.59751043468713,0.6426698267459799,0.7262527346611,0.87772244215011,1.25129126757383,1.76282738521695,2.68874740973114
965.0,0.55581384897232,0.55583780631423,0.55620568990707,0.55787745118141,0.56273072957992,0.57405745983123,0.59748361259698,0.6426419690251299,0.72622102499008,0.87768656015396,1.25124415941536,1.7627649419009601,2.68866344168782
966.0,0.55578935146331,0.55581315234303,0.5561799257993599,0.55785189568996,0.56270533800125,0.57403142750263,0.59745689481496,0.64261340349912,0.72619014978408,0.8776494264602599,1.25119584798812,1.7627029158174898,2.6885791681706896
967.0,0.55576360225677,0.55578725039958,0.55615508556365,0.55782695114612,0.56267982721328,0.57400546967983,0.59743009507656,0.64258555322885,0.7261593937873799,0.87761363387107,1.2511481642723,1.7626428678631698,2.68849356472492
968.0,0.55573916435241,0.55576268211007,0.5561295002698801,0.557801425457,0.56265467405319,0.57397997379302,0.59740460664033,0.6425566822290399,0.72612786293029,0.87757775187492,1.25110051035881,1.76258109882473,2.68840984627604
969.0,0.55571413040161,0.55573815107345,0.5561050325632,0.55777694284915,0.56262922286987,0.57395404577255,0.5973779186606399,0.64252885431051,0.72609758377075,0.8775419890880499,1.25105372071266,1.7625188678503,2.68832525983452
970.0,0.55568867921829,0.55571257695555,0.55607952177524,0.55775162577629,0.5626041889190599,0.57392823696136,0.59735149890184,0.64250157773494,0.72606605291366,0.8775063455104801,1.25100664794445,1.76245735958218,2.68824172392487
971.0,0.55566424131393,0.55568810552358,0.55605481564998,0.55772666633129,0.5625787973403901,0.5739032626152,0.59732489287853,0.64247278869152,0.72603547573089,0.87747061252594,1.25095890462398,1.7623971849679902,2.6881590001285
972.0,0.55563992261886,0.55566364526748,0.55603052675724,0.5577018558979,0.56255429983139,0.57387751340866,0.59729834645986,0.64244538545608,0.72600537538528,0.8774361312389299,1.25091248564422,1.76233592256903,2.6880751997232397
973.0,0.55561447143554,0.55563813447952,0.55600599944591,0.55767711997032,0.56252908706665,0.57385255396366,0.59727201610803,0.64241813123226,0.72597479820251,0.87740057706832,1.25086594559252,1.76227696612477,2.6879925616085503
974.0,0.55559015274047,0.55561373382806,0.55598054826259,0.5576523542404099,0.56250423192977,0.5738268941640801,0.5972466841340001,0.64238967746496,0.72594386339187,0.8773654103279099,1.25081856548786,1.7622158229351,2.6879100799560502
975.0,0.55556559562683,0.55558969825506,0.55595640838146,0.55762816965579,0.56247979402542,0.57380194962024,0.59722056239843,0.64236253499984,0.7259138226509,0.87732976675033,1.25077242404222,1.7621547430753701,2.68782772123813
976.0,0.55554127693176,0.55556530505418,0.55593222379684,0.5576034486293701,0.56245493888854,0.57377709448337,0.59719412028789,0.6423353254795,0.7258834838867101,0.87729468941688,1.2507265508174799,1.76209613680839,2.68774464726448
977.0,0.55551731586456,0.55554129555821,0.55590789020061,0.55757883191108,0.56243044137954,0.57375161349773,0.59716916829347,0.64230778813362,0.7258535027503901,0.87726047635078,1.2506804913282301,1.76203490421175,2.68766480311751
978.0,0.55549198389053,0.55551594495773,0.55588287115097,0.55755469202995,0.56240564584732,0.5737271904945299,0.59714307636022,0.64228095859289,0.72582364082336,0.87722539901733,1.25063368864357,1.7619763351976798,2.6875811368227
979.0,0.5554677844047501,0.55549170449376,0.55585879087448,0.55753016471862,0.56238144636154,0.5737017393112099,0.5971169546246501,0.64225269854068,0.72579377889633,0.8771903514862,1.25058773718774,1.7619177512824502,2.68750052526593
980.0,0.5554439425468399,0.5554677993059101,0.55583451688289,0.55750608444213,0.56235682964324,0.57367706298828,0.59709182381629,0.64222597330808,0.72576397657394,0.87715661525726,1.25054181553423,1.7618571519851598,2.6874186545610397
981.0,0.55541998147964,0.55544382333755,0.55581061542034,0.5574821382760999,0.56233274936676,0.57365274429321,0.59706588834524,0.64219892024993,0.72573417425155,0.8771213293075499,1.25049686431884,1.7617992945015402,2.6873384155333
982.0,0.55539613962173,0.55541995540261,0.55578659474849,0.55745811760425,0.56230849027633,0.57362812757492,0.5970410406589499,0.64217199385166,0.72570449113845,0.87708765268325,1.25045140832662,1.76173869892954,2.6872575096786
983.0,0.5553722381591699,0.55539604648947,0.55576275289058,0.5574342161417,0.5622844099998401,0.57360319793224,0.5970151126384701,0.6421449631452499,0.72567468881607,0.87705278396606,1.2504065465182002,1.76168050989508,2.68717722594738
984.0,0.55534839630126,0.5553722381591699,0.55573891103267,0.55741037428379,0.5622599124908401,0.5735787153244,0.59699038416147,0.6421183496713601,0.7256450653076101,0.87701952457427,1.25036083906888,1.76162293553352,2.68709656968712
985.0,0.555324614048,0.55534842982888,0.55571506917476,0.55738653242588,0.56223601102828,0.57355459034442,0.59696456044912,0.64209163188934,0.7256158590316699,0.8769846558570801,1.25031581521034,1.76156486570835,2.68701717257499
986.0,0.55530077219009,0.55532464757561,0.55569140613079,0.5573626905679699,0.56221199035644,0.5735304951667699,0.5969399139285001,0.64206504076719,0.7255871891975401,0.87695115804672,1.25027118623256,1.76150539144873,2.68693850934505
987.0,0.55527704954147,0.55530090630054,0.55566762387752,0.5573389083147,0.5621881484985299,0.57350611686706,0.5969143807888,0.6420382037758801,0.72555762529373,0.87691766023635,1.25022628903388,1.7614474408328502,2.68685852363705
988.0,0.55525356531143,0.55527713149785,0.55564421415328,0.5573152452707201,0.56216442584991,0.57348203659057,0.59688978642225,0.64201281964778,0.7255285382270801,0.8768833279609599,1.25018169730901,1.76139023900032,2.68677885457873
989.0,0.55522984266281,0.55525371804833,0.55562061071395,0.5572915524244301,0.56214064359664,0.5734573602676301,0.59686521440744,0.64198592305183,0.7254990339279099,0.87684994935989,1.25013749301433,1.7613332569599098,2.68669940531253
990.0,0.55520737171173,0.55523135140538,0.555597782135,0.55726794898509,0.56211686134338,0.57343345880508,0.59683979302644,0.6419598162174199,0.7254709601402201,0.8768168687820399,1.2500930801033898,1.76127616688609,2.68662302196025
991.0,0.55518370866775,0.5552077293395901,0.5555745512247,0.55724474787712,0.56209373474121,0.57340948283672,0.59681528061628,0.64193338155746,0.72544193267822,0.87678354978561,1.25004831701517,1.76121850311756,2.68654280528426
992.0,0.55516028404235,0.55518438667058,0.55555100739002,0.55722120404243,0.56207013130187,0.57338564097881,0.59679090231657,0.64190687984228,0.72541260719299,0.87674933671951,1.25000399537384,1.7611615657806299,2.68646506592631
993.0,0.55513721704483,0.5551607385277699,0.55552749335765,0.5571981370449,0.56204670667648,0.5733617991209,0.59676551073789,0.64188168942928,0.7253845930099401,0.87671643495559,1.24995967186987,1.7611049860715802,2.6863870806992
994.0,0.55511379241943,0.5551374554634,0.555504322052,0.5571751743555,0.56202375888824,0.57333813607692,0.5967411324381799,0.6418552994728,0.72535580396652,0.87668317556381,1.24991633743047,1.7610480375587898,2.68630941212177
995.0,0.5550915598869299,0.55511524900794,0.55548173189163,0.55715171992778,0.5620002150535499,0.57331430912017,0.59671706706285,0.6418290585279399,0.7253269553184499,0.87665027379989,1.24987319856882,1.7609914690256099,2.68623131886124
996.0,0.55506819486618,0.55509200319647,0.55545862019062,0.5571287572383801,0.56197673082351,0.57329130172729,0.59669295698404,0.64180420339107,0.72529906034469,0.8766174912452599,1.24983004294335,1.76093563437461,2.68615475296974
997.0,0.55504494905471,0.55506851524114,0.55543553829193,0.55710580945014,0.56195384263992,0.57326769828796,0.59666871279478,0.6417778134346,0.72527033090591,0.8765847086906401,1.2497858256101602,1.7608791850507202,2.68607804179191
998.0,0.55502265691757,0.55504663661122,0.5554130077362,0.55708293616771,0.5619306564330999,0.57324439287185,0.59664467722177,0.64175190776586,0.72524243593215,0.87655192613601,1.2497421503066999,1.76082250475883,2.68600073456764
999.0,0.5549994111061,0.55502351373434,0.5553900748491201,0.55706003308296,0.56190782785415,0.5732208043336801,0.5966207385063099,0.64172715693712,0.72521466016769,0.8765192627906799,1.24969871342182,1.76076617464423,2.68592450022697
1000.0,0.55497670173645,0.55500036105513,0.55536705255508,0.5570372641086501,0.5618850588798501,0.57319724559783,0.59659561514854,0.64170111715793,0.72518610954284,0.87648695707321,1.24965718388557,1.7607107274234202,2.68584829941391
