Wavelength,Reflectance-0,Reflectance-5,Reflectance-10,Reflectance-15,Reflectance-20,Reflectance-25,Reflectance-30,Reflectance-35,Reflectance-40,Reflectance-45,Reflectance-50,Reflectance-55,Reflectance-60
300.0,0.84108072519302,0.8411128595471299,0.84162771701812,0.8439660072326599,0.8507282137870701,0.8664292097091599,0.89868506044149,1.06183137651532,1.1801884155720401,1.3905680961906899,1.76028441637754,2.40897959470748,3.55381732061505
301.0,0.83966845273971,0.8397023379802699,0.84021610021591,0.8425506055355,0.84930384159088,0.86498498916625,0.89720076322555,1.06012322008609,1.17834558524191,1.38849896565079,1.7578442133963101,2.4059440195560398,3.54985127225518
302.0,0.83827412128448,0.8383080512285199,0.8388214707374501,0.84115290641784,0.84789764881134,0.86355873942375,0.89573449641466,1.05843717558309,1.1765263900160698,1.38645658269524,1.75543312355875,2.40294328331947,3.54593146219849
303.0,0.83689731359481,0.8369321003556199,0.83744448423385,0.83977290987968,0.8465088605880701,0.8621506989002201,0.89428623020648,1.0567713510245,1.17473010160028,1.3844387046992699,1.7530510872602398,2.3999782204627897,3.54205693304538
304.0,0.8355382680892901,0.8355721160769399,0.83608391880989,0.8384101390838601,0.84513729810714,0.86075919866561,0.8928576484322499,1.0551267107948599,1.17295513302087,1.38244474306702,1.75069852173328,2.39705038070678,3.53822696208953
305.0,0.83419644832611,0.8342285454273201,0.83473987877368,0.8370636999607001,0.8437820672988801,0.8593855202198001,0.8914431631565001,1.05350115615874,1.17120104283094,1.38047558441758,1.7483749017119399,2.39415688812732,3.5344399549067
306.0,0.83286905288696,0.83290318399667,0.83341351151466,0.8357337713241499,0.84244394302368,0.85802756249904,0.89004801958799,1.05189536139369,1.16946849972009,1.3785286433994701,1.7460765875875899,2.3912947922945,3.5307000093161998
307.0,0.83155810832977,0.83159216493368,0.8321023434400501,0.8344200849533001,0.8411226272583,0.8566864728927599,0.8886696845293,1.05030927900224,1.16775763966143,1.3766067661345,1.74380647763609,2.38846915960311,3.52699897065758
308.0,0.8302643299102699,0.83029846847057,0.83080720901489,0.8331216573715199,0.83981668949127,0.85536248981952,0.8873086571693399,1.04874099139124,1.16606696695089,1.37470646575093,1.7415647618472498,2.3856737166643103,3.5233429186046097
309.0,0.8289869427680899,0.82901881635189,0.82952785491943,0.83183950185775,0.83852636814117,0.8540536761283799,0.8859629780053999,1.04719224199652,1.1643958967179,1.37282978370785,1.73934707790613,2.38291077315807,3.51972777768969
310.0,0.8277233839035,0.82775521278381,0.82826380431652,0.8305727839469901,0.8372513651847799,0.85276107490062,0.88463377207517,1.04566348809748,1.16274450719356,1.37097324058413,1.73715671151876,2.3801812082529,3.51615370810031
311.0,0.8264737129211399,0.8265076279640101,0.8270145356655101,0.8293210864067001,0.83599114418029,0.8514829725027,0.88331892341375,0.94417998194694,1.16111351549625,1.3691394813358702,1.73499024659395,2.37748102843761,3.51262030005455
312.0,0.8252400159835801,0.82527390867471,0.82578063011169,0.82808429002761,0.8347473144531201,0.8502209037542299,0.88202193379402,0.9428162723779601,1.15950117260217,1.36732840165495,1.73284909129142,2.3748138099908798,3.5091249458491798
313.0,0.82402223348617,0.8240541890263501,0.8245610743760999,0.82686221599578,0.83351725339889,0.84897302091121,0.8807381466031,0.94146788120269,1.15790840424597,1.36553633585572,1.73073407262563,2.3721759766340202,3.50567240640521
314.0,0.8228179216384799,0.82284975051879,0.82335549592971,0.82565456628799,0.83230143785476,0.8477407544851301,0.87947190552949,0.94013650715351,1.15633272379636,1.3637663014233101,1.72864251956343,2.36956752836704,3.5022551305592002
315.0,0.8216265439987099,0.8216602802276599,0.8221646249294201,0.8244603276252699,0.8311004042625401,0.84652282297611,0.87821894884109,0.9388201683759599,1.15477642603218,1.36201629042625,1.72657460346817,2.36698983609676,3.49887504056096
316.0,0.82045060396194,0.82048241049051,0.8209881782531699,0.8232803940773,0.82991349697113,0.8453183472156499,0.87698056548833,0.9375174492597499,1.15323798544704,1.36028691008687,1.72452946752309,2.36443857848644,3.4955345280468397
317.0,0.81928819417953,0.81931993365287,0.81982421875,0.82211476564407,0.82873994112014,0.8441277593374199,0.87575709074735,0.9362320601940101,1.15171685069799,1.35857730731368,1.72250808775424,2.3619176894426297,3.4922291673719803
318.0,0.8181388974189701,0.81817073374986,0.81867399811744,0.82096177339553,0.82758045196533,0.8429520279168999,0.87454722821712,0.93495993316173,1.15021337755024,1.3568866774439798,1.7205098345875702,2.35942579805851,3.4889628700912
319.0,0.81700128316879,0.8170349150895999,0.81753738224506,0.8198229670524501,0.82643336057662,0.84178861975669,0.87335101515054,0.93370248377323,1.14872679859399,1.3552141673862899,1.7185333520174002,2.35696105659008,3.4857280105352397
320.0,0.81587982177734,0.8159107342362399,0.8164134025573699,0.8186965584754899,0.82530063390731,0.84063938260078,0.8721692636609,0.93246079981327,1.14725757203996,1.3535622581839502,1.71657931804656,2.35452209413051,3.4825306721031604
321.0,0.81476747989654,0.81480137258768,0.8153023719787499,0.81758284568786,0.8241801857948299,0.8395024389028499,0.87100064754486,0.93123249709606,1.14580421894788,1.35192791372537,1.71464750170707,2.35210928320884,3.4793685786425996
322.0,0.81367045640945,0.81370409578084,0.81420476734638,0.8164823651313701,0.82307183742523,0.8383792191743801,0.86984481662511,0.93001715838909,1.14436805993318,1.3503113314509299,1.71273654326796,2.34972544014453,3.4762391000986095
323.0,0.8125846385955799,0.8126183077692899,0.81311863660812,0.8153944611549301,0.8219776153564401,0.83726841211318,0.86870201677083,0.9288152903318401,1.14294714666903,1.3487144634127601,1.71084694936871,2.3473667949438,3.4731430299580097
324.0,0.8115116953849699,0.8115453273057901,0.81204530596733,0.81431847810745,0.82089394330978,0.8361699283123,0.86757337301969,0.9276285469532001,1.14154288917779,1.34713368490338,1.70897790789604,2.34503111243248,3.47008231654763
325.0,0.8104507327079701,0.8104843497276301,0.8109833300113599,0.8132545351982099,0.81982338428497,0.83508469164371,0.86645530164241,0.92645356059074,1.14015380106866,1.34557157382369,1.7071286141872402,2.342723056674,3.46705135330557
326.0,0.8094016313552801,0.8094353005289999,0.8099337369203499,0.8122025132179199,0.81876510381698,0.83401019871234,0.8653516918420701,0.9252925962209699,1.13877975754439,1.34402554109692,1.7053007371723599,2.3404396623373,3.46405418589711
327.0,0.80836427211761,0.80839782953262,0.8088954091071999,0.8111623525619499,0.8177183866500799,0.8329484462738,0.86425948888063,0.92414550483226,1.13742221146821,1.34249741211533,1.7034911699593,2.33818028867244,3.46108919009566
328.0,0.80733889341354,0.80737075209617,0.8078693598508799,0.8101335763931201,0.81668269634246,0.83189803361892,0.8631784915924,0.9230083972215599,1.13607832044363,1.3409851267933801,1.70170274376869,2.335946559906,3.4581533037126
329.0,0.8063251972198401,0.8063560053706099,0.80685417354106,0.8091153502464201,0.81565904617309,0.83085916936397,0.8621101453900301,0.92188650369644,1.13474848680198,1.33948941901326,1.69993317499756,2.33373469114303,3.4552501477301103
330.0,0.8053200840950001,0.8053535073995499,0.8058496713638299,0.80810993909835,0.8146464228629999,0.8298328518867399,0.86105446517467,0.9207745492458299,1.13343430869281,1.33800987899303,1.6981825008988298,2.33154693245887,3.45237582921981
331.0,0.80432856082916,0.8043603375553999,0.80485692620277,0.80711460113525,0.8136449456214899,0.82881633937358,0.86000967025756,0.9196759164333299,1.1321340855211,1.33654636517167,1.69644927233457,2.32938238978385,3.44953293725848
332.0,0.8033458590507501,0.8033791407942701,0.80387508869171,0.80612921714782,0.81265354156494,0.8278113156557,0.85897503793239,0.91858947277069,1.13084811717271,1.33509824424982,1.6947356313467,2.32723912596702,3.44671710208058
333.0,0.80237436294555,0.80240792036056,0.80290353298187,0.80515539646148,0.81167435646057,0.82681754231452,0.8579535037279099,0.91751383244991,1.12957556359469,1.33366673439741,1.69303977862,2.32511940598487,3.4439331591129303
334.0,0.8014143705368,0.8014462217688499,0.8019421398639599,0.8041925430297799,0.8107043504714899,0.8258341848850201,0.85694185644388,0.9164507538080201,1.12831653840839,1.33224951103329,1.6913615204393802,2.32302330434322,3.4411777369678003
335.0,0.80046504735946,0.80049642175436,0.80099113285541,0.8032402396202,0.8097461462020801,0.8248609006404801,0.85594078898429,0.91539786756038,1.1270712465047799,1.33084741979837,1.68970155715942,2.3209468424320203,3.4384480677545
336.0,0.7995246648788401,0.7995562925934699,0.8000501543283399,0.80229663848876,0.80879694223403,0.82389895617961,0.85495121031999,0.9143574386835,1.12583937495946,1.32945990189909,1.6880585700273498,2.31889237463474,3.4357495047152
337.0,0.79859483242034,0.7986263558268499,0.79911969602108,0.8013643026351901,0.8078582286834699,0.82294678688049,0.85397209972143,0.9133277237415299,1.12461990118026,1.32808684557676,1.6864341348409602,2.3168596029281603,3.4330742880702
338.0,0.7976751923561,0.79770664870738,0.79819957911968,0.80044198036193,0.80693042278289,0.8220050185918801,0.85300253331661,0.9123084992170301,1.12341300956904,1.32672871276736,1.68482476100325,2.3148466646671197,3.43042955547571
339.0,0.79676461219787,0.7967953383922499,0.79728889465332,0.79952853918075,0.80601066350936,0.8210725486278501,0.85204397141933,0.9113006889820099,1.1222201064229,1.3253836780786499,1.6832315474748598,2.31285579502582,3.4278098717331797
340.0,0.7958635687828,0.79589486122131,0.7963871806859899,0.79862546920776,0.80510169267654,0.8201504945755,0.85109518468379,0.9103016853332501,1.12103830464184,1.32405364885926,1.68165683746337,2.31088322401046,3.4252163283526897
341.0,0.79497110843658,0.79500294476747,0.7954954355955101,0.79773145914077,0.80420285463333,0.81923805177211,0.85015729069709,0.9093150049448001,1.11986941844224,1.32273799926042,1.68009607866406,2.30893228948116,3.42264995351433
342.0,0.7940889596938999,0.79412079602479,0.79461315274238,0.79684764146804,0.80331259965896,0.81833530962467,0.84922862052917,0.90833836793899,1.11871296726167,1.32143375650048,1.6785528771579201,2.30700057744979,3.42010895907878
343.0,0.7932171225547701,0.79324848204851,0.7937395721673899,0.79597216844558,0.80243128538131,0.8174417316913599,0.84830927848815,0.90737143158912,1.11756818741559,1.32014435902237,1.6770255714654898,2.3050879240036,3.41759260371327
344.0,0.79235291481018,0.79238432645797,0.79287536442279,0.79510533809661,0.80156022310256,0.8165571689605701,0.8473991677164999,0.90641388297081,1.11643435806036,1.31886906549334,1.6755127757787698,2.30319681763649,3.41510063409805
345.0,0.79149746894836,0.7915300875902099,0.79202033579349,0.7942488789558401,0.80069690942764,0.81568171083927,0.84649901092052,0.90546663105487,1.11531304381787,1.31760534644126,1.67401441931724,2.3013225197792,3.41263500228524
346.0,0.79065120220184,0.79068379849195,0.7911739349365199,0.79340034723281,0.7998436093330299,0.81481584906578,0.84560711681842,0.90453007817268,1.11420375853776,1.31635439768433,1.67253220453858,2.29946674406528,3.4101916216313803
347.0,0.78981482982635,0.7898456081748001,0.7903355956077499,0.79256016016006,0.79899805784225,0.81395840644836,0.84472507983446,0.9036019742488801,1.11310452036559,1.3151165433228,1.6710656844079401,2.29762889444828,3.4077719151973698
348.0,0.7889862656593299,0.7890169322490599,0.78950595855712,0.7917292118072501,0.7981620430946299,0.81310938298702,0.84385275840759,0.9026831984519901,1.11201653815805,1.31389141455292,1.6696121543645799,2.2958101183176,3.4053781852126095
349.0,0.78816455602645,0.78819617629051,0.7886852920055301,0.79090619087219,0.7973341345787,0.81227007508277,0.84298855811357,0.90177489817142,1.1109402105212198,1.31267745792865,1.66817417740821,2.29401022195816,3.40300594642758
350.0,0.78735339641571,0.78738395869731,0.78787271678447,0.79009228944778,0.7965145707130399,0.81143885850906,0.8421340361237499,0.9008749872446,1.10987395606935,1.31147709116339,1.66674983501434,2.29222504794597,3.4006576016545296
351.0,0.7865489125251699,0.7865804508328401,0.7870682477951,0.78928560018539,0.7957033514976499,0.81061519682407,0.84128589183092,0.8999839872121799,1.10881910473108,1.31028826907277,1.66534090042114,2.29046037793159,3.39833126217126
352.0,0.7857542634010299,0.78578546643257,0.7862722277641201,0.7884882688522299,0.7948996424674899,0.8098005503416,0.8404488489031701,0.89910195767879,1.1077748462557702,1.30911021679639,1.66394372284412,2.28871139883995,3.3960294686257804
353.0,0.78496491909027,0.7849974185228301,0.78548398613929,0.78769832849502,0.7941046357154801,0.8089939504861801,0.8396188467740999,0.89822953939437,1.10674008727073,1.30794504284858,1.6625619791448099,2.28697909414768,3.3937468305230096
354.0,0.78418660163879,0.7842177003622001,0.7847037017345401,0.78691560029983,0.79331767559051,0.80819524824619,0.8387976139783799,0.89736525714397,1.10571623593568,1.30679059773683,1.6611932478845097,2.2852659523487002,3.391486749053
355.0,0.7834135890006999,0.78344504535198,0.7839314937591499,0.7861413359642,0.7925388813018699,0.8074046075344,0.8379832729697201,0.8965081721544199,1.10470166057348,1.30564704537391,1.6598379574716,2.2835666835308,3.38924967870116
356.0,0.7826492190361001,0.78268044441938,0.78316591680049,0.7853747010230999,0.79176717996597,0.8066218048334101,0.8371775150299,0.89566130936145,1.1036973465234,1.30451586097478,1.65849573910236,2.2818846404552398,3.38703123107552
357.0,0.78189224004745,0.7819234654307301,0.7824088037014,0.78461557626724,0.79100340604782,0.80584682524204,0.8363800570368699,0.89482223987579,1.10270368680357,1.30339428782463,1.6571661084890301,2.28021758794784,3.38483776524662
358.0,0.7811425924301101,0.78117313235998,0.78165879845619,0.78386384248733,0.7902466058730999,0.8050797134637799,0.8355913460254599,0.89399199187755,1.10171917825937,1.30228562653064,1.6558495424687798,2.27856834232807,3.3826608844101402
359.0,0.78039944171905,0.78043165057897,0.78091628849506,0.7831194996833799,0.7894971966743399,0.8043194860219901,0.83480914682149,0.89316943287849,1.10074444860219,1.30118602514266,1.65454529598355,2.2769332230091,3.3805056102573796
360.0,0.77966463565826,0.7796961143612801,0.78018102049827,0.78238266706466,0.78875517845153,0.8035666644573201,0.8340352922677899,0.8923537135124201,1.09977869130671,1.30009739845991,1.6532538197934599,2.2753141969442296,3.3783724270761
361.0,0.7789372801780701,0.77896874397993,0.77945259213447,0.7816525697708099,0.78802114725112,0.8028211593627901,0.8332674503326399,0.8915478736162099,1.09882265701889,1.2990198805928201,1.65197496116161,2.27370953559875,3.37625557929277
362.0,0.77821618318557,0.7782476991415,0.77873139083385,0.7809303998947099,0.7872938513755701,0.80208371579647,0.8325093314051599,0.89074903726577,1.0978754740208299,1.29795250296592,1.6507079601287802,2.272121027112,3.37416240572929
363.0,0.77750235795974,0.77753450721502,0.77801737189292,0.78021490573883,0.7865729331970199,0.80135263502597,0.83175700902938,0.88995704054832,1.0969372354447802,1.29689364880323,1.6494529731571599,2.27054783701896,3.3720859885215697
364.0,0.77679604291915,0.77682725340127,0.77731005847454,0.77950578927993,0.78586024045944,0.80062836408615,0.83101220428943,0.88917395472526,1.09600815922021,1.2958474084734901,1.64820894971489,2.26898899674415,3.37002775073051
365.0,0.77609467506408,0.77612622827291,0.77660945057868,0.77880328893661,0.7851533889770499,0.7999121248721999,0.8302746117115,0.88839696347713,1.09508902579545,1.29480904340744,1.6469785682857,2.2674428373575197,3.36799002811312
366.0,0.77540266513824,0.77543303370475,0.7759154736995599,0.7781085968017499,0.78445369005203,0.79920215904712,0.8295432701706801,0.8876280635595301,0.99419426918029,1.29378148913383,1.64575822651386,2.26591232419013,3.3659712485969004
367.0,0.77471578121185,0.77474695444107,0.7752290666103301,0.77741962671279,0.78376007080078,0.79849882423877,0.8288202583789799,0.88686725497245,0.99336576461791,1.2927635312080301,1.6445492617785902,2.2643982321023897,3.36397067829966
368.0,0.77403593063354,0.77406700700521,0.77454778552055,0.77673721313476,0.7830738425254801,0.79780212044715,0.82810325175523,0.88611237704753,0.9925458431243799,1.2917538359761198,1.6433520913124,2.26289530098438,3.3619886152446203
369.0,0.77336025238037,0.7733924239873801,0.7738734781741999,0.77606135606765,0.7823936939239501,0.7971115559339499,0.82739212363958,0.88536541163921,0.99173209071159,1.29075530171394,1.64216508343815,2.2614071816205903,3.36002443730831
370.0,0.77269268035888,0.7727248519659,0.77320542931556,0.77539163827896,0.78171998262405,0.7964280396699899,0.82668878883123,0.8846243917942,0.9909272193908599,1.28976421803236,1.64099076390266,2.25993233919143,3.3580768443644002
371.0,0.77203106880187,0.77206332236528,0.77254381775856,0.7747290134429899,0.78105252981185,0.79575113952159,0.8259931653738,0.88389118015766,0.9901291131973199,1.28878473490476,1.6398262232542,2.25847122073173,3.35614809021353
372.0,0.77137768268585,0.77140874415636,0.77188855409622,0.77407151460647,0.78039145469665,0.79508028924465,0.82530312985181,0.88316422700881,0.98933911323547,1.28781262785196,1.63867110013961,2.25702294707298,3.35423481464386
373.0,0.77072829008102,0.77075941115617,0.77123907208442,0.77342092990875,0.77973610162734,0.7944159060716599,0.8246184065937899,0.88244523108005,0.9885555505752499,1.28684950619935,1.63752706348896,2.25558719038963,3.3523426614701703
374.0,0.7700856328010499,0.77011594176292,0.77059598267078,0.77277642488479,0.77908706665039,0.7937570810317899,0.8239405602216701,0.8817317336797701,0.98778000473976,1.28589592128992,1.6363943405449302,2.25416700541973,3.3504646159708504
375.0,0.76944822072982,0.7694786116480801,0.76995834708213,0.77213716506958,0.778444647789,0.7931051552295599,0.82326970249414,0.88102610409259,0.98701110482215,1.28495109081268,1.63527228310704,2.25275641679763,3.34860280528664
376.0,0.7688165307044901,0.76884793490171,0.76932701468467,0.7715045809745701,0.77780759334564,0.7924583703279401,0.82260416448116,0.88032506406307,0.98624885082244,1.2840139716863601,1.6341596841812098,2.25135920941829,3.34675826132297
377.0,0.76819097995758,0.76822227239608,0.76870110630989,0.77087783813476,0.77717608213424,0.79181799292564,0.82194600999355,0.8796327412128401,0.98549461364746,1.28308627009391,1.63305747509002,2.24997669458389,3.34492952004075
378.0,0.7675711512565601,0.76760263741016,0.76808121800422,0.7702559828758201,0.77655041217803,0.79118353128433,0.8212924674153301,0.87894418835639,0.9847464263439101,1.28216612339019,1.63196444511413,2.2486047744750897,3.34311696887016
379.0,0.76695722341537,0.76698870956897,0.76746688783168,0.76963990926742,0.77593100070953,0.79055450856685,0.8206448778509999,0.8782631754875101,0.98400518298149,1.28125519305467,1.6308819800615297,2.24724419414997,3.3413215018808797
380.0,0.76634895801544,0.7663804069161401,0.76685813069343,0.7690303325653001,0.7753170728683401,0.78993183374404,0.82000474631786,0.87758889794349,0.98327136039733,1.28035078942775,1.6298082359135098,2.24589619040489,3.3395412974059497
381.0,0.76574677228927,0.76577715575695,0.76625536382198,0.76842588186264,0.77470844984054,0.78931450843811,0.8193689212203,0.87692074477672,0.98254334926605,1.27945566922426,1.6287448666989799,2.24456243216991,3.33777532353997
382.0,0.76514929533004,0.7651804164052001,0.7656573504209501,0.767826795578,0.77410614490509,0.78870266675949,0.8187396675348201,0.8762577474117199,0.9818221330642699,1.27856899052858,1.6276917904615398,2.2432364374399096,3.33602735400199
383.0,0.7645565867424,0.76458840072155,0.7650648355484,0.76723319292068,0.77350807189941,0.78809647262096,0.8181154727935701,0.87560023367404,0.98110699653625,1.2776904106140101,1.6266456134617298,2.24192471802234,3.3342911228537497
384.0,0.7639705538749599,0.76400093734264,0.76447749137878,0.76664412021636,0.77291637659072,0.78749580681324,0.81749715656042,0.87494905292987,0.98039853572845,1.27681870758533,1.62561117485165,2.24062433838844,3.3325725570321
385.0,0.7633883357048,0.76342014968395,0.76389634609222,0.76606178283691,0.77232939004898,0.78690031170845,0.8168838098645201,0.87430468201637,0.9796969890594399,1.27595444768667,1.62458372488617,2.23933431506156,3.33086767047643
386.0,0.7628127932548501,0.76284390687942,0.76332007348537,0.76548379659652,0.7717469930648799,0.78631021082401,0.8162774965166999,0.8736652880907,0.97900041937828,1.27509824931621,1.6235662512481202,2.23805765807628,3.3291781060397603
387.0,0.76224195957183,0.76227205991744,0.76274847984313,0.76491034030914,0.77117091417312,0.7857254147529601,0.8156754896044701,0.873030975461,0.9783110320568,1.2742500081658301,1.62255848199129,2.23679040372371,3.32750270143151
388.0,0.76167571544647,0.76170583069324,0.76218184828758,0.76434308290481,0.77059942483901,0.78514537215232,0.81507778912782,0.87240330874919,0.97762691974639,1.27340836077928,1.62155885249376,2.23553264141082,3.32584143429994
389.0,0.76111507415771,0.76114528626203,0.76162014901638,0.76378011703491,0.77003318071365,0.78457018733024,0.81448621302843,0.8717813193798,0.97694972157478,1.2725750952959,1.62056700512766,2.23428724706172,3.32419403642416
390.0,0.7605571746826101,0.76058925688266,0.7610638141632,0.76322263479232,0.76947206258773,0.7840010523795999,0.8139012083411201,0.87116360664367,0.97627711296081,1.27174771577119,1.6195848919451201,2.23305279016494,3.32256235554814
391.0,0.7600068449974,0.7600372284650799,0.76051269471645,0.76267027854919,0.76891553401947,0.7834366112947401,0.8133193254470801,0.87055142223835,0.9756114482879601,1.27092909067869,1.61860914528369,2.2318281382322303,3.32094308361411
392.0,0.75946003198623,0.7594905719160999,0.75996527075767,0.76212209463119,0.76836371421813,0.78287699818611,0.81274442374706,0.86994592845439,0.97495117783546,1.27011688798666,1.61764464527368,2.23061373829841,3.31933753937482
393.0,0.75891798734664,0.75894978642463,0.7594230175018299,0.76157826185226,0.76781737804412,0.78232212364673,0.81217280775308,0.8693449944257701,0.9742974340915599,1.26931186020374,1.6166866980493002,2.22940997779369,3.31774390861392
394.0,0.75838124752044,0.75841172784566,0.7588862478733001,0.76104027032852,0.76727563142776,0.78177195787429,0.8116066455841,0.8687489628791799,0.97364804148674,1.2685132548212998,1.6157372072339,2.22821699082851,3.31616407632827
395.0,0.75784927606582,0.75787954777479,0.75835335254669,0.76050662994384,0.76673835515975,0.78122639656066,0.81104589998722,0.86815781891345,0.97300481796264,1.26772126555442,1.6147958301007699,2.22703213989734,3.31460012495517
396.0,0.75732070207595,0.75735265016555,0.75782544910907,0.75997704267501,0.76620560884475,0.7806863039731899,0.81048987060785,0.8675715029239601,0.97236704826354,1.2669364288449199,1.6138638518750599,2.22585944831371,3.31304709240794
397.0,0.75679868459701,0.75682947039604,0.75730168819427,0.75945252180099,0.76567751169204,0.78015051782131,0.80993771553039,0.8669912815093901,0.9717351198196399,1.26615781337022,1.6129372976720302,2.22469672560691,3.31150727346539
398.0,0.75628000497817,0.75631088763475,0.75678253173828,0.75893181562423,0.7651537656784,0.77961936593055,0.80939091742038,0.86641517281532,0.97110858559608,1.26538641005754,1.61202028021216,2.22354282438755,3.30998020246624
399.0,0.75576490163803,0.75579654425382,0.7562688589096,0.7584162354469299,0.76463496685028,0.77909238636493,0.8088485971093099,0.8658451288938499,0.97048678994178,1.26462189853191,1.6111103631556,2.22239968180656,3.30846500396728
400.0,0.7552559971809301,0.75528614968061,0.7557579278945901,0.7579051256179801,0.7641198039054801,0.7785703241825099,0.80831072479486,0.8652790188789301,0.9698710143566099,1.26386364549398,1.61020749434828,2.22126446664333,3.3069646060466704
401.0,0.7547498345375,0.75478009879589,0.75525248050689,0.7573983669281,0.7636099457740699,0.77805243432521,0.80777838081121,0.8647181689739201,0.9692602157592701,1.26311093568801,1.60931380465626,2.2201380431652,3.3054734617471597
402.0,0.75424897670745,0.7542789876461,0.75475049018859,0.7568954825401301,0.76310354471206,0.77753916382789,0.80724962800741,0.8641607165336599,0.96865355968475,1.2623645365238099,1.6084252223372402,2.21902404725551,3.3039985001087095
403.0,0.75375241041183,0.7537823468446699,0.7542531639337501,0.75639706850051,0.7626024484634399,0.7770299166440899,0.8067254871129901,0.86360995471477,0.96805307269096,1.26162509620189,1.60754600912332,2.21791571378707,3.30253219604492
404.0,0.75325924158096,0.75328937917947,0.75376041233539,0.75590294599533,0.76210492849349,0.77652522921562,0.80620638281106,0.8630628138780501,0.9674574136733999,1.26089145988225,1.60667347162961,2.2168178260326297,3.3010777309536903
405.0,0.7527704834938,0.7528006210923099,0.7532714903354599,0.75541234016418,0.76161104440689,0.7760246247053101,0.80569163709878,0.86252039670944,0.96686682105064,1.26016378402709,1.60580780357122,2.21573020517826,3.2996373176574703
406.0,0.75228613615036,0.75231605768203,0.75278627872467,0.7549263834953299,0.76112174987792,0.77552802860736,0.8051806166768001,0.8619823604822101,0.9662806987762401,1.25944253057241,1.60494995862245,2.2146481871604897,3.2982070222496898
407.0,0.75180518627166,0.75183517485857,0.75230577588081,0.75444483757019,0.76063668727874,0.77503585815429,0.80467397719621,0.8614481389522499,0.96569991111755,1.2587271630764,1.60409764572978,2.2135796546936,3.29678765311837
408.0,0.75132834911346,0.7513583600521,0.75182893872261,0.75396621227264,0.76015597581863,0.77454768121242,0.80417022109031,0.86091917753219,0.9651237726211501,1.25801713764667,1.60325303301215,2.21251510083675,3.2953816615045
409.0,0.75085598230361,0.75088669359683,0.7513557523488901,0.75349235534667,0.75967901945114,0.7740636318922001,0.80367305874824,0.86039379239082,0.96455207467079,1.25731419771909,1.60241661965847,2.2114611417055103,3.2939854040741903
410.0,0.75038665533065,0.75041671097278,0.75088715553283,0.7530221939086901,0.7592054605484,0.7735839486122099,0.8031784817576401,0.85987429320812,0.96398571133613,1.25661641359329,1.60158503055572,2.21041768789291,3.29260068386793
411.0,0.7499217391013999,0.74995179474353,0.7504217922687499,0.75255638360977,0.75873708724975,0.77310733497142,0.80268822610378,0.85935765504837,0.96342313289642,1.255923576653,1.6007622368633698,2.20938111841678,3.29122672975063
412.0,0.74946123361587,0.74949099123477,0.74996027350425,0.75209420919418,0.7582715153694101,0.7726350277662201,0.80220167338848,0.85884556174278,0.9628654420375801,1.25523656606674,1.5999435596168,2.20835228264331,3.28986577689647
413.0,0.74900376796722,0.7490337565541201,0.74950265884399,0.75163543224334,0.75780975818634,0.77216634154319,0.80171988159418,0.85833828151226,0.9623118340968999,1.2545558735728202,1.59913339838385,2.20733153820037,3.28851439803838
414.0,0.7485504746437001,0.74858052283525,0.74904897809028,0.7511804103851301,0.75735157728195,0.77170157432556,0.80124159157276,0.8578353524208,0.9617633819579999,1.2538796365261,1.5983305275440203,2.20631968975067,3.28717229515314
415.0,0.74809950590133,0.74812996387481,0.7485986649990001,0.75072944164276,0.75689774751663,0.7712415009736999,0.8007667958736401,0.8573352545499799,0.96122017502784,1.25320985913276,1.59753139317035,2.2053157687187097,3.28584183380007
416.0,0.74765282869338,0.74768450856208,0.7481522262096401,0.75028222799301,0.75644755363464,0.77078409492969,0.80029743909835,0.8568400889635,0.9606804251670801,1.25254482030868,1.59674034267663,2.20431940257549,3.28452241793274
417.0,0.7472102642059301,0.74724135547876,0.74770978093147,0.7498382925987199,0.75600069761276,0.7703306376933999,0.79983039945364,0.85634793341159,0.9601448178291301,1.2518851459026301,1.59595591574907,2.20332984626293,3.28321244195103
418.0,0.7467727065086299,0.74680264294147,0.74727007746696,0.74939751625061,0.75555747747421,0.76988086104393,0.79936778545379,0.8558610528707499,0.95961362123489,1.25123181194067,1.59517618641257,2.20235006511211,3.2819123603403497
419.0,0.74633556604385,0.74636724591255,0.7468343675136501,0.7489613294601399,0.75511837005615,0.76943546533584,0.79890865087509,0.85537658631801,0.95908662676811,1.25058202445507,1.59440429136157,2.20137780904769,3.28062256798148
420.0,0.74590450525283,0.74593444168567,0.7464023977518,0.74852782487869,0.7546814680099401,0.76899254322052,0.79845236241817,0.85489742457866,0.95856446027755,1.24993927776813,1.59363858029246,2.2004119604825902,3.27934501692652
421.0,0.7454754114151,0.74550571292638,0.7459733933210301,0.74809795618057,0.75424915552139,0.7685539722442599,0.7980006635189,0.8544211834669101,0.9580460190773,1.24929986149072,1.5928770601749398,2.19945548474788,3.2780752666294504
422.0,0.7450516223907401,0.74508170038461,0.74554766714572,0.74767178297042,0.75382000207901,0.76811833679676,0.79755207896232,0.8539495915174399,0.95753142237663,1.24866530299186,1.59212366119027,2.1985043734312,3.27681519463658
423.0,0.74462896585464,0.74465890228748,0.74512621760368,0.7472485899925201,0.7533940076828,0.76768614351749,0.7971085608005499,0.8534807115793199,0.9570214152336101,1.24803730845451,1.59137469157576,2.19756191968917,3.27556627988815
424.0,0.7442112565040501,0.74424129724502,0.74470710754394,0.74682909250259,0.7529726028442301,0.76725757122039,0.7966659888625099,0.8530160337686501,0.95651534199714,1.24741453677415,1.5906309373676701,2.19662669301033,3.2743244990706395
425.0,0.74379485845565,0.74382596462965,0.74429239332675,0.7464131116867,0.75255328416824,0.76683187484741,0.79622872918844,0.85255512595176,0.9560129344463301,1.24679475277662,1.5898937471210899,2.19569882750511,3.27309437096118
426.0,0.74338328838348,0.7434134930372199,0.7438800036907101,0.74599987268447,0.75213706493377,0.76641051471233,0.79579407721757,0.85209769010543,0.9555152952671,1.24618043005466,1.58916207402944,2.1947766393423,3.27187240123748
427.0,0.74297589063644,0.74300549924373,0.74347174167633,0.7455905675887999,0.7517248988151499,0.76599144935607,0.79536417126655,0.8516436219215299,0.9550206959247499,1.24557085335254,1.5884363874793,2.19386264681816,3.27066128328442
428.0,0.74257057905197,0.7426001876592601,0.7430653125047599,0.74518340826034,0.7513157725334101,0.7655766010284399,0.79493576288223,0.85119400918483,0.954529941082,1.2449672594666399,1.5877167843282198,2.19295667111873,3.26945824921131
429.0,0.74216729402542,0.7421972304582499,0.7426627874374301,0.74478065967559,0.750910282135,0.7651646584272299,0.79451210051774,0.8507472872734,0.9540432691573999,1.24436755478382,1.5870024934411,2.19205544888973,3.26826420426368
430.0,0.7417680025100699,0.74179819226264,0.7422634363174401,0.74437952041625,0.75050675868988,0.76475545763969,0.79409086704254,0.8503035902976901,0.95356038212776,1.2437714338302601,1.58629431203007,2.1911624670028598,3.2670784778892905
431.0,0.7413728833198501,0.74140255898237,0.74186725914478,0.74398243427276,0.75010681152343,0.7643499970436,0.7936733812093699,0.84986460208892,0.95308083295822,1.24318120628595,1.5855899937450801,2.19027702510356,3.2659036852419296
432.0,0.7409795522689799,0.74101028591394,0.7414749860763501,0.74358886480331,0.74971038103103,0.76394744217395,0.7932597994804299,0.8494273871183299,0.9526052772998801,1.24259487539529,1.58489132672548,2.18939566612243,3.26473727077245
433.0,0.74058926105499,0.74061936885118,0.74108453094959,0.74319815635681,0.74931687116622,0.76354809105396,0.79284852743148,0.8489945977926201,0.9521332383155799,1.24201299995183,1.58420019596815,2.1885228306055002,3.26357894018292
434.0,0.7402021884918201,0.74023235589265,0.74069756269454,0.74281013011932,0.74892646074295,0.7631518691778101,0.7924398779869,0.84856523573398,0.95166543126106,1.24143570661544,1.58351220935583,2.18765625357627,3.26242943108081
435.0,0.73981875181198,0.73984870314598,0.74031344056129,0.7424244880676201,0.7485390305519101,0.7627585530281,0.7920346930623,0.8481382429599701,0.95120051503181,1.2408634275197898,1.58282881230115,2.18679685890674,3.2612863481044703
436.0,0.73943746089935,0.73946764320135,0.7399319857358899,0.74204230308532,0.74815446138381,0.76236800849437,0.79163321852684,0.8477150499820699,0.9507392048835699,1.24029473960399,1.58215206116437,2.18594361841678,3.2601559609174697
437.0,0.73906022310256,0.7390898913145,0.73955383896827,0.74166363477706,0.74777299165725,0.76198069751262,0.79123431444168,0.84729558229446,0.95028200745582,1.23973048478364,1.5814795382320799,2.1850962489843297,3.25903145968914
438.0,0.73868477344512,0.73871447145938,0.73917832970619,0.74128782749176,0.74739438295364,0.7615964114665901,0.79083973914384,0.8468785583972901,0.94982725381851,1.23917021602392,1.58081348985433,2.18425518274307,3.2579151764512004
439.0,0.73831129074096,0.73834233731031,0.7388056218624101,0.74091356992721,0.7470188140869101,0.76121494174003,0.79044678807258,0.8464639782905501,0.94937673211097,1.23861536383628,1.5801514871418398,2.18342100083827,3.2568080015480496
440.0,0.73794174194335,0.7379728034138601,0.73843605816364,0.74054318666458,0.74664556980133,0.7608363032341,0.7900573387741999,0.8460538387298501,0.94892957806587,1.23806274682283,1.57949309051036,2.1825928390026,3.2557076700031695
441.0,0.7375761270522999,0.7376068457961,0.73806914687156,0.74017620086669,0.74627494812011,0.76046077907085,0.78967030346393,0.84564676880836,0.9484853148460299,1.23751560598611,1.57884161174297,2.18177050352096,3.25461711734533
442.0,0.73721247911453,0.73724214732646,0.73770496249198,0.7398106455802901,0.74590760469436,0.76008819043636,0.78928536921739,0.8452417701482701,0.94804435968399,1.23697312176227,1.5781936682760698,2.18095438182353,3.2535329721868
443.0,0.73685055971145,0.73688048124313,0.73734326660633,0.73944848775863,0.7455435991287199,0.75971817970275,0.78890499472618,0.8448415249586101,0.9476067721843701,1.23643275350332,1.57755085453391,2.1801444888114903,3.25245792418718
444.0,0.73649275302886,0.73652250319719,0.73698487877845,0.73908871412277,0.74518108367919,0.75935116410255,0.7885275185108099,0.8444427549839,0.9471734166145299,1.23589784651994,1.57691356167197,2.1793405860662403,3.25139072537422
445.0,0.73613572120666,0.7361656799912399,0.7366292476654,0.7387318611145001,0.74482238292694,0.75898678600788,0.78815202414989,0.84404735267162,0.94674229621887,1.23536717891693,1.5762792900204599,2.1785409152507698,3.25033080950379
446.0,0.73578345775604,0.73581331223249,0.73627556860446,0.73837840557098,0.74446523189544,0.7586243003606701,0.78777880966663,0.84365540742874,0.94631394743919,1.23483929783105,1.5756519474089101,2.17774911224842,3.2492782361805403
447.0,0.73543202877044,0.73546223342418,0.73592454195022,0.7380267381668001,0.7441112995147701,0.7582657039165399,0.78740924596786,0.8432648032903599,0.94589003920555,1.23431555926799,1.57502802833914,2.17696352303028,3.2482327818870496
448.0,0.73508465290069,0.73511531203985,0.73557691276073,0.73767697811126,0.7437607049942,0.75790891051292,0.78704303503036,0.8428790867328599,0.94546884298324,1.23379582911729,1.5744077749550298,2.17618124186992,3.2471968494355603
449.0,0.7347400188445999,0.7347697764635,0.73523122072219,0.73733055591583,0.74341213703155,0.7575550824403701,0.78667833656072,0.84249432384967,0.94505012035369,1.23328018933534,1.57379401475191,2.17540742456913,3.2461665570735896
450.0,0.73439633846282,0.73442633450031,0.73488757014274,0.73698753118515,0.74306631088256,0.7572045177221199,0.78631647676229,0.84211395680904,0.94463497400283,1.23276776075363,1.57318350300192,2.17463654279708,3.24514443054795
451.0,0.73405545949935,0.73408546298742,0.73454719781875,0.73664569854736,0.74272233247756,0.75685575604438,0.7859582230448701,0.84173625707626,0.94422313570976,1.23226030170917,1.57257802039384,2.1738721579313203,3.24412904307246
452.0,0.7337192296981799,0.7337487116456001,0.7342097908258399,0.73630732297897,0.74238157272338,0.75650899112224,0.78560122102499,0.84136076271533,0.9438137114048,1.23175537586212,1.5719749741256202,2.1731128841638503,3.2431227006018104
453.0,0.73338204622268,0.7334130331873799,0.73387366533279,0.73597109317779,0.74204230308532,0.75616556406021,0.78524781763553,0.84098756313323,0.94340771436691,1.23125395178794,1.5713778585195501,2.17235961556434,3.24212171137332
454.0,0.7330496311187701,0.7330797016620599,0.73354049026966,0.73563730716705,0.7417062520980799,0.75582480430603,0.78489714115858,0.84061780571937,0.94300487637519,1.23075719922781,1.5707851573824798,2.17161248624324,3.24112860485911
455.0,0.7327198386192301,0.73274961858987,0.73321060836315,0.73530578613281,0.7413735389709399,0.75548607110977,0.7845477834343899,0.84025083482265,0.94260376691818,1.23026336729526,1.57019735500216,2.1708704978227598,3.24014136567711
456.0,0.7323919534683201,0.73242169618606,0.73288153111934,0.7349761724472,0.74104166030883,0.75514985620975,0.7842010930180501,0.8398853391408899,0.94220647215843,1.2297721579670902,1.56961246207356,2.17013244330883,3.23916327953338
457.0,0.73206478357315,0.73209577053785,0.7325561791658399,0.73465013504028,0.7407129406929001,0.75481608510017,0.7838585972785901,0.83952388167381,0.94181239604949,1.22928622364997,1.5690324679017,2.16940146684646,3.23819103091955
458.0,0.73174238204956,0.7317722514271701,0.73223204910755,0.73432600498199,0.74038708209991,0.75448490679264,0.7835168167948701,0.83916410803794,0.94142019748687,1.22880307585001,1.56845561414957,2.16867437958717,3.23722371459007
459.0,0.73142093420028,0.7314508259296401,0.73191137611865,0.7340041399002,0.74006301164627,0.75415633618831,0.78317898511886,0.83880810439586,0.9410319626331299,1.22832265496253,1.56788318976759,2.1679531037807402,3.23626696318388
460.0,0.7311030030250499,0.7311325892806,0.73159267008304,0.73368448019027,0.73974126577377,0.75382970273494,0.7828419059515,0.8384531140327399,0.9406449496745999,1.22784610837697,1.56731535494327,2.16723665595054,3.23531471565365
461.0,0.7307868003845199,0.730816334486,0.7312754988670299,0.73336666822433,0.73942166566848,0.75350493192672,0.78250811994075,0.83810144662857,0.94026246666908,1.227374330163,1.5667528249323301,2.16652338206768,3.23436759412288
462.0,0.7304723858833301,0.73050210624933,0.7309614866971901,0.7330515384674,0.7391043305397,0.75318306684494,0.7821776196360499,0.83775308728218,0.9398815929889601,1.2269043624401,1.56619262322783,2.16581861674785,3.23342910781502
463.0,0.73016083240509,0.73019032925367,0.73064905405044,0.73273861408233,0.73878979682922,0.7528636753559099,0.7818478792905801,0.83740565180778,0.93950361013412,1.22643848508596,1.56563549488782,2.16511677205562,3.2324976362288
464.0,0.72985100746154,0.72988053411245,0.73033910989761,0.73242789506912,0.7384769320487901,0.75254699587821,0.78152195364236,0.83706200122833,0.93912810087203,1.2259750962257299,1.56508462876081,2.16442003846168,3.23157133907079
465.0,0.7295429110527,0.7295727059245101,0.7300317287445,0.73212003707885,0.73816680908203,0.75223164260387,0.78119656443595,0.83671985566616,0.93875536322593,1.22551530599594,1.5645348504185599,2.1637287437915798,3.23065185919404
466.0,0.72923743724823,0.72926706820726,0.72972579300403,0.73181384801864,0.73785799741744,0.75191864371299,0.78087467700243,0.83638013899326,0.93838563561439,1.22505845129489,1.56399148330092,2.16304059326648,3.22973883897066
467.0,0.72893458604812,0.7289642989635401,0.72942306101322,0.73150968551635,0.73755180835723,0.75160838663578,0.78055471181869,0.83604401350021,0.93801826238632,1.2246052250266,1.5634505152702298,2.16235752403736,3.22883059456944
468.0,0.72863268852233,0.7286627292633,0.7291217446327201,0.73120790719985,0.73724782466888,0.75129942595958,0.78023692965507,0.83570899069309,0.93765279650688,1.22415459156036,1.5629142858087999,2.16167981922626,3.22792978584766
469.0,0.72833347320556,0.7283634096384001,0.72882199287414,0.73090785741806,0.73694610595703,0.7509938031435001,0.77992146462202,0.8353767842054299,0.93729108572006,1.2237085253000202,1.5623808875679899,2.16100776195526,3.2270359583199
470.0,0.7280368804931601,0.7280669361352899,0.72852569818496,0.73060995340347,0.73664706945419,0.75068980455398,0.77960905432701,0.8350470364093701,0.93693128228187,1.22326475381851,1.5618514418601899,2.16034023463726,3.2261465489864296
471.0,0.72774279117584,0.72777254134416,0.72823083400726,0.7303146123886101,0.73634958267211,0.75038693845272,0.77929725497961,0.83471922576427,0.93657383322715,1.22282292693853,1.56132453680038,2.15967534482479,3.2252663522958698
472.0,0.72745043039321,0.72748012095689,0.72793750464916,0.7300206422805701,0.73605400323867,0.75008779764175,0.77898917347192,0.83439350128173,0.936219394207,1.22238606959581,1.56080255657434,2.15901686251163,3.22438946738839
473.0,0.72715884447097,0.7271886691450999,0.72764685750007,0.7297297120094199,0.735759973526,0.7497897893190301,0.77868170291185,0.8340709805488501,0.9358670115470801,1.22195061296224,1.56028480455279,2.15836083889007,3.22351777181029
474.0,0.72687077522277,0.72690032422542,0.72735804319381,0.7294396162033,0.73546862602233,0.74949340522289,0.77837751805782,0.83374968171119,0.93551668524742,1.22151900082826,1.55976964533329,2.15771159529685,3.22265304997563
475.0,0.72658455371856,0.7266140356659799,0.72707132995128,0.7291525006294199,0.73517942428588,0.74920034408569,0.77807515859603,0.8334301561117099,0.9351696372032099,1.22108969092369,1.55925697833299,2.15706570446491,3.2217954695224695
476.0,0.72629994153976,0.7263285592198301,0.72678606212139,0.7288665175437901,0.73489242792129,0.7489084303379,0.7777750492095901,0.8331140875816301,0.9348241388797701,1.22066409885883,1.55874837562441,2.15642467141151,3.22094167023897
477.0,0.7260159254074,0.72604592144489,0.7265032082796,0.7285832762718201,0.7346064448356601,0.74861861765384,0.77747694402933,0.8328002542257301,0.93448162078857,1.22024123370647,1.55824398994445,2.1557868868112497,3.22009366005659
478.0,0.72573471069335,0.72576456516981,0.7262227535247799,0.7283012270927399,0.7343232035636901,0.74833057820796,0.7771806269884101,0.83248780667781,0.93414166569709,1.219820946455,1.55774254724383,2.1551530957221896,3.21925235539674
479.0,0.72545599937438,0.72548605501651,0.7259430736303301,0.72802209854125,0.73404210805892,0.74804498255252,0.77688673138618,0.83217695355415,0.9338028132915401,1.2194035276770498,1.55724532157182,2.15452522039413,3.2184171229600897
480.0,0.7251797914505,0.7252095341682401,0.72566609084606,0.72774386405944,0.73376220464706,0.74776130914688,0.7765944153070401,0.8318700492382,0.9334676563739701,1.2189890965819299,1.5567517541348899,2.1539019346237103,3.21758754178881
481.0,0.72490519285202,0.72493483871221,0.72539108991622,0.7274684906005799,0.73348480463027,0.74747993052005,0.77630335092544,0.83156393468379,0.9331343173980701,1.21857734024524,1.55625933036208,2.15328140556812,3.2167636081576303
482.0,0.72463148832321,0.7246611714363,0.7251175194978701,0.72719448804855,0.7332085967063899,0.74719981849193,0.77601607143878,0.8312599658966,0.9328028261661501,1.21816885471344,1.55577263981103,2.15266604721546,3.2159418128430803
483.0,0.7243593335151599,0.72438938915729,0.72484603524208,0.7269223928451499,0.73293453454971,0.74692152440547,0.7757299467921199,0.83095860481262,0.9324731528758999,1.2177628055214802,1.55528803169727,2.15205259621143,3.21512888744473
484.0,0.7240895628929099,0.72411946952342,0.72457587718963,0.72665190696716,0.73266249895095,0.74664549529552,0.77544459700584,0.83065846562385,0.93214708566665,1.2173591926693899,1.5548057295382,2.15144477784633,3.21431905031204
485.0,0.72382247447967,0.7238514199852899,0.7243087738752301,0.7263836860656699,0.73239213228225,0.74637131392955,0.77516254782676,0.8303605765104201,0.93182256817817,1.21695832908153,1.55432810261845,2.15084099769592,3.21351556852459
486.0,0.7235569953918399,0.7235863134264899,0.72404214739799,0.72611647844314,0.73212379217147,0.74609845876693,0.77488213777542,0.8300656825304,0.9314994215965201,1.21656073629856,1.55385240167379,2.15024062991142,3.21271893382072
487.0,0.72329211235046,0.7233220487833,0.7237783670425401,0.7258514165878199,0.73185759782791,0.74582770466804,0.77460362017154,0.8297719657421101,0.9311795234680099,1.21616522222757,1.5533808805048401,2.1496442258357997,3.2119249701499903
488.0,0.7230298519134499,0.72305978089571,0.7235160171985601,0.7255882620811399,0.73159253597259,0.7455589473247499,0.77432602643966,0.82948027551174,0.9308610856533,1.21577218919992,1.55291318893432,2.1490531861782,3.21113957837224
489.0,0.72276991605758,0.7227993607520999,0.7232546806335399,0.7253268957138,0.73132896423339,0.7452925145626,0.77405139058828,0.82919010519981,0.93054515123367,1.2153828740119899,1.55244607850909,2.1484644860029203,3.2103546410799004
490.0,0.72251003980636,0.72253968566656,0.72299560904502,0.72506743669509,0.73106801509857,0.7450273633003199,0.7737778425216599,0.8289022594690301,0.93023172020912,1.21499460935592,1.55198477394878,2.14788043498992,3.20957934856414
491.0,0.72225338220596,0.72228305786848,0.72273866832256,0.7248101234436,0.7308086156845,0.74476319551467,0.7735071703791601,0.8286170810461,0.92991933226585,1.21460979431867,1.55152545310556,2.14730069041252,3.20880538225173
492.0,0.7219974398612901,0.7220270186662601,0.7224826067686,0.72455382347106,0.7305503487586901,0.7445015758275899,0.77323742955923,0.82833193242549,0.9296097457408901,1.21422643214464,1.55106863006949,2.14672422409057,3.20803951472044
493.0,0.72174471616744,0.72177415341138,0.72222924232482,0.72429871559143,0.73029404878616,0.74424155056476,0.77297026664018,0.8280508369207301,0.92930206656456,1.21384766697883,1.55061523802578,2.1461523771286,3.20727623999118
494.0,0.7214919924736,0.72152087837457,0.7219765037298199,0.72404646873474,0.73003989458084,0.74398316442966,0.7727032303810101,0.82776977121829,0.92899602651596,1.21346980333328,1.55016462877392,2.14558206498622,3.20651923865079
495.0,0.7212415933609,0.7212705388665199,0.72172603011131,0.72379487752914,0.7297872900962801,0.74372671544551,0.77243989706039,0.8274913579225499,0.9286932051181701,1.2130943983793199,1.54971753247082,2.14501658082008,3.20576598122715
496.0,0.72099363803863,0.72102185338735,0.7214775532484,0.72354578971862,0.72953605651855,0.74347233772277,0.77217752486467,0.8272150009870499,0.92839062213897,1.2127222046256,1.5492726862430501,2.1444540470838502,3.20501970872282
497.0,0.72074538469314,0.72077519446611,0.7212301492691,0.7232973575592,0.72928661108016,0.74321892857551,0.7719159945845601,0.8269392848014799,0.9280914068222,1.2123516947031,1.5488297492265701,2.1438959985971398,3.20427649468183
498.0,0.7205005288124,0.72053021937608,0.72098396718502,0.7230517864227199,0.72903853654861,0.74296669661998,0.7716574445366801,0.8266669511795,0.92779377102851,1.21198414266109,1.5483905784785699,2.14334228634834,3.20353867486119
499.0,0.72025650739669,0.72028617560863,0.7207396775484001,0.72280687093734,0.7287920117378199,0.74271656572818,0.77139943838119,0.82639509439468,0.92749792337417,1.2116190418601,1.54795530438423,2.14279048144817,3.2028029076755
500.0,0.72001373767852,0.72004268318414,0.7204977571964201,0.7225635051727199,0.72854757308959,0.7424685508012699,0.77114333957433,0.82612624764442,0.9272038042545301,1.2112556770443899,1.54752243869006,2.14224353432655,3.20207649841904
501.0,0.71977365016937,0.7198030501604,0.72025664150714,0.7223221063613801,0.72830420732498,0.74222175776958,0.77089025080204,0.8258582055568601,0.9269117414951299,1.21089512854814,1.54709104076027,2.14169885218143,3.2013521045446303
502.0,0.71953481435775,0.71956335008144,0.72001746296882,0.72208261489868,0.72806274890899,0.74197670817375,0.77063808590173,0.8255919963121401,0.9266217350959701,1.21053763478994,1.54666328057646,2.14115868508815,3.2006314694881404
503.0,0.71929675340652,0.71932620555162,0.71977965533733,0.72184419631958,0.72782331705093,0.74173301458358,0.77038633823394,0.82532772421836,0.92633345723152,1.21018123626708,1.54623818956315,2.14062051475048,3.1999170742928897
504.0,0.71906006336212,0.71908893436193,0.71954347193241,0.72160685062408,0.7275848984718299,0.74149154126644,0.77013786137104,0.8250653743743799,0.9260469675064,1.20982722193002,1.54581634514033,2.14008717238903,3.1992061771452396
505.0,0.71882593631744,0.71885533630847,0.71930876374244,0.72137194871902,0.72734755277633,0.74125133454799,0.76988956332206,0.82480384409427,0.92576166987419,1.20947657525539,1.54539638757705,2.13955764472484,3.1985006295144505
506.0,0.7185931205749501,0.7186216786503701,0.7190756946802099,0.72113847732543,0.7271130681037901,0.7410117983818,0.76964443922042,0.82454515993595,0.9254791736602701,1.20912662148475,1.54498035646975,2.13903073966503,3.1978003308176897
507.0,0.7183610200881899,0.71839043498039,0.71884371340274,0.72090601921081,0.72687870264053,0.74077515304088,0.76940006017684,0.82428820431232,0.92519843578338,1.20878046751022,1.54456430673599,2.13850603997707,3.19710040837526
508.0,0.71813035011291,0.71816020458936,0.71861350536346,0.72067475318908,0.7266462445259,0.7405392974615,0.76915641129016,0.82403203845024,0.92491888999938,1.20843392610549,1.54415413737297,2.13798773288726,3.1964081302285097
509.0,0.7179021239280701,0.71793179214,0.71838475763797,0.72044533491134,0.72641587257385,0.74030476808547,0.76891565322875,0.82377769052982,0.92464157938957,1.20809192210435,1.54374525137245,2.13746915757656,3.19571958109736
510.0,0.71767526865005,0.71770479530096,0.71815757453441,0.72021788358688,0.72618639469146,0.74007196724414,0.7686755657195999,0.8235252499580299,0.92436650395393,1.20775111019611,1.54333840496838,2.13695532083511,3.1950358636677203
511.0,0.71744912862777,0.7174787968397099,0.71793167293071,0.71999138593673,0.72595798969268,0.73984050750732,0.76843716204166,0.82327336072921,0.9240924417972499,1.2074133306741701,1.5429336614906701,2.13644528388977,3.19435610249638
512.0,0.71722429990768,0.71725319325923,0.7177063226699799,0.7197667956352201,0.72573149204254,0.73961043357849,0.76820082962512,0.8230245858430799,0.92382037639617,1.20707739889621,1.5425319802016,2.1359375715255697,3.19368002191185
513.0,0.71700203418731,0.71703144907951,0.71748411655426,0.71954327821731,0.7255069613456699,0.73938280344009,0.76796478778123,0.8227763473987499,0.92354992032051,1.20674291998147,1.54213433153927,2.13543403148651,3.19300887361168
514.0,0.71678006649017,0.71680953353643,0.7172617912292399,0.7193207144737199,0.72528338432312,0.73915518820285,0.76773173362016,0.8225300014019001,0.92328110337257,1.20641073584556,1.5417368710041002,2.13493287563323,3.19234135001897
515.0,0.71656066179275,0.71658916026353,0.71704171597957,0.71910017728805,0.72506076097488,0.73892997205257,0.7674992904067001,0.82228547334671,0.9230136871337801,1.2060813382267899,1.54134263098239,2.13443286716938,3.19167766720056
516.0,0.71634066104888,0.71637042611837,0.71682325005531,0.71888047456741,0.72484016418457,0.7387051731348,0.7672685608267701,0.82204163074493,0.92274820804595,1.2057531103491699,1.54095220007002,2.13394020497798,3.19101875647902
517.0,0.7161242961883499,0.71615352481603,0.7166055738925899,0.71866238117218,0.72462046146392,0.73848342895507,0.76703971624374,0.8217992633581099,0.92248401045799,1.20542811602354,1.54056321457028,2.13344670832157,3.19036342203617
518.0,0.71590739488601,0.71593712270259,0.71638892590999,0.71844559907913,0.72440230846405,0.73826113343238,0.76681159436702,0.8215599656105,0.9222217500209801,1.20510409027338,1.54017558507621,2.13295809924602,3.1897101476788503
519.0,0.71569281816482,0.71572245657444,0.71617433428764,0.7182302474975499,0.724185526371,0.73804184794425,0.76658509671688,0.82132056355476,0.92196190357208,1.20478215068578,1.5397920943796601,2.13247275352478,3.1890654973685697
520.0,0.71548026800155,0.71550969034433,0.71596123278141,0.7180163860321,0.72397017478942,0.73782280087471,0.76636011898517,0.8210835754871301,0.92170259356498,1.20446217060089,1.53941012360155,2.13198964297771,3.18842245265841
521.0,0.71526771783828,0.71529737114906,0.71574851870536,0.71780389547348,0.7237563133239701,0.7376054674386899,0.76613595336675,0.82084716856479,0.92144587635993,1.2041442096233301,1.53902959823608,2.13150830566883,3.1877812966704298
522.0,0.71505737304687,0.7150866240262901,0.71553842723369,0.7175924777984599,0.72354382276535,0.73738975822925,0.76591365784406,0.82061299681663,0.92118987441062,1.20382853597402,1.53865307196974,2.1310314089059803,3.18714660778641
523.0,0.71484839916229,0.7148765996098501,0.71532817184925,0.71738284826278,0.72333222627639,0.73717518150806,0.76569297909736,0.8203803598880699,0.92093610763549,1.20351456850767,1.53827801160514,2.13055850565433,3.1865150630474
524.0,0.71463990211486,0.7146692797541601,0.71512067317962,0.71717423200607,0.72312259674072,0.73696173727512,0.7654727399349199,0.82014822959899,0.92068323493003,1.20320210605859,1.53790419735014,2.1300872862339,3.18588851764798
525.0,0.71443307399749,0.71446248888969,0.71491335332393,0.71696645021438,0.72291392087936,0.73674991726875,0.7652542814612301,0.81991918385028,0.9204325973987499,1.20289206504821,1.5375340450555002,2.12961816787719,3.18526304885745
526.0,0.7142265439033499,0.71425628662109,0.71470759809017,0.71676069498062,0.72270625829696,0.7365397959947501,0.76503761857748,0.81968957185745,0.9201826751232101,1.2025833874940801,1.53716560266911,2.12915307283401,3.18464146926999
527.0,0.71402233839035,0.7140519022941499,0.71450380980968,0.71655535697937,0.7224999070167499,0.7363299280405,0.7648224979639,0.81946262717247,0.9199348688125599,1.20227763801813,1.53680056147277,2.12868961691856,3.18402441218495
528.0,0.71381938457489,0.71384913474321,0.71430003643035,0.71635222434997,0.7222949862480099,0.73612244427204,0.7646081894636101,0.81923656165599,0.9196879863739,1.20197296887636,1.53643688745796,2.12823063135147,3.18341380357742
529.0,0.71361714601516,0.71364691853523,0.7140985131263701,0.7161497473716699,0.7220914363861,0.73591494560241,0.7643943503499,0.81901185214519,0.9194434583187101,1.2016700506210298,1.53607535362243,2.1277730166912,3.1828033328056304
530.0,0.71341794729232,0.71344617009162,0.71389743685722,0.71594816446304,0.72188889980316,0.7357093989849,0.76418337225914,0.8187890946865,0.9191996753215701,1.20137052983045,1.53571657650172,2.12731900811195,3.1821982711553503
531.0,0.71321767568588,0.71324715018272,0.71369789540767,0.71574831008911,0.72168713808059,0.73550558090209,0.76397250592708,0.8185679316520599,0.9189579486846899,1.2010708749294199,1.53535796329379,2.1268673539161598,3.1815966963767996
532.0,0.71302044391632,0.71304969489574,0.7135000377893399,0.71554994583129,0.7214873433112999,0.73530277609825,0.76376370340585,0.8183473944664,0.91871699690818,1.20077385008335,1.53500419482588,2.12641759216785,3.1809961348772
533.0,0.71282345056533,0.71285297721624,0.71330288052558,0.7153520584106401,0.72128850221633,0.7351007908582601,0.76355554163455,0.81812760233879,0.9184780120849599,1.20047782361507,1.53465008735656,2.12597131729125,3.1804021857678797
534.0,0.71262717247009,0.71265679597854,0.7131068557500799,0.71515637636184,0.72109097242355,0.7349004745483301,0.76334904134273,0.81791052222251,0.91824129223823,1.20018491148948,1.5342997610569,2.12552762031555,3.17981161549687
535.0,0.7124321460723799,0.71246206015348,0.71291257441043,0.71496075391769,0.72089439630508,0.73470078408718,0.76314381510019,0.81769293546676,0.91800472140312,1.1998928040266,1.5339504927396699,2.12508629262447,3.17922395840287
536.0,0.7122396230697601,0.71226887404918,0.71271875500679,0.7147669196128801,0.72069960832595,0.73450216650962,0.76293953508138,0.8174779266119,0.91776928305625,1.19960273057222,1.53360480070114,2.1246477514505298,3.17863848805427
537.0,0.71204733848571,0.71207642555236,0.7125260680913901,0.7145735621452299,0.72050487995147,0.7343053817749,0.76273679733276,0.81726385653018,0.9175362288951799,1.1993148848414399,1.53326033987104,2.12421299517154,3.1780579797923503
538.0,0.71185630559921,0.71188452094793,0.7123350352048801,0.71438246965408,0.72031235694885,0.7341094166040399,0.76253467798233,0.81705221533775,0.9173042476177199,1.19902748614549,1.5329171773046202,2.12377949059009,3.17748058959841
539.0,0.7116659283638,0.7116951197385699,0.71214461326599,0.71419179439544,0.72012025117874,0.73391486704349,0.76233515888452,0.81684014201164,0.91707384586334,1.1987423300743099,1.53257767856121,2.12334814667701,3.17690514400601
540.0,0.71147686243057,0.7115064337849599,0.7119562625885001,0.71400207281112,0.7199295759201,0.7337213307619,0.7621349841356201,0.81663078069686,0.91684460639953,1.19845879077911,1.53223755769431,2.12292027473449,3.1763357371091803
541.0,0.71128994226455,0.71131811290979,0.71176862716674,0.71381413936614,0.71974021196365,0.73352852463722,0.76193763315677,0.81642204523086,0.91661730408668,1.19817733764648,1.53190084360539,2.12249447405338,3.17576739937067
542.0,0.71110183000564,0.71113135665655,0.71158145368099,0.71362662315368,0.71955221891403,0.73333764076232,0.76174075901508,0.81621401011943,0.9163908064365299,1.19789781421422,1.5315675381571,2.1220695078372898,3.17520546913146
543.0,0.71091663837432,0.71094632148742,0.71139599382877,0.7134408354759201,0.7193647027015599,0.73314809799194,0.76154462248086,0.81600731611251,0.9161650240421201,1.19761873781681,1.53123491629958,2.1216492652893,3.17464233934879
544.0,0.71073216199874,0.71076163649559,0.71121142804622,0.71325606107711,0.71917796134948,0.73295854032039,0.7613497227430299,0.8158026039600299,0.91594123840332,1.19734308868646,1.5309045780450101,2.12123259902,3.1740854978561397
545.0,0.7105489373206999,0.71057857573032,0.7110277414321899,0.7130720615386901,0.71899318695068,0.7327706813812199,0.7611568123102099,0.81559842824935,0.91571828722953,1.19706667214632,1.53057489916682,2.1208145767450297,3.17353070899844
546.0,0.71036773920059,0.7103961780667299,0.71084523200988,0.7128894329070999,0.71880912780761,0.73258376121521,0.76096437871456,0.8153956532478299,0.91549745202064,1.19679382443428,1.53024880215525,2.12040297687053,3.1729808971285802
547.0,0.71018534898757,0.71021507680416,0.71066415309906,0.71270769834518,0.71862643957138,0.7323982566595,0.76077345013618,0.81519432365894,0.9152770936489101,1.1965217515826199,1.52992397360503,2.11999106407165,3.1724303252995
548.0,0.7100051045417699,0.7100345641374499,0.7104842364788,0.71252685785293,0.71844464540481,0.73221349716186,0.7605829238891599,0.81499291956424,0.91505861282348,1.19625191390514,1.52960020303726,2.11958262324333,3.1718862876296003
549.0,0.7098261713981601,0.70985572785139,0.71030521392822,0.71234726905822,0.71826362609863,0.73203063011169,0.76039412617683,0.81479495763778,0.9148416817188201,1.19598345458507,1.52928026951849,2.11917546391487,3.1713450588285905
550.0,0.7096485495567301,0.70967742055654,0.71012689173221,0.71216905117034,0.71808403730392,0.73184767365455,0.76020574569702,0.8145966231822901,0.91462478041648,1.19571568071842,1.52895931713283,2.11877266690135,3.17080657184124
551.0,0.70947211980819,0.70950148254632,0.7099502235651001,0.7119915485382,0.7179052233695901,0.73166690766811,0.76001890748739,0.81439980864524,0.9144101142883301,1.19544979929924,1.52864341437816,2.1183708049356897,3.17027021199464
552.0,0.70929539203643,0.70932500809431,0.70977412164211,0.71181553602218,0.7177283167839,0.73148617148399,0.75983384251594,0.8142036795616101,0.91419613361358,1.19518567621707,1.52832696400582,2.11797042563557,3.1697379164397703
553.0,0.7091208696365301,0.7091503143310499,0.70959903299808,0.71163988113403,0.71755129098892,0.73130719363689,0.7596490830182999,0.8140088021755201,0.91398379206657,1.19492316246032,1.52801384218037,2.11757410690188,3.16920771077275
554.0,0.70894759893417,0.7089757993817299,0.70942439138889,0.71146494150161,0.71737551689147,0.7311286777257899,0.75946471095085,0.81381580233573,0.9137728214263899,1.19466280937194,1.52770189940929,2.11717934906482,3.16868332773447
555.0,0.70877462625503,0.7088029384613,0.70925152301788,0.71129196882247,0.71720159053802,0.73095178604125,0.7592820823192501,0.81362301111221,0.91356301307678,1.1944031342864,1.5273909252136901,2.11678789183497,3.1681598387658596
556.0,0.70860224962234,0.70863144099712,0.70907999575138,0.7111192345619199,0.7170279622077901,0.73077590763568,0.75910100340843,0.8134312033653199,0.91335439682006,1.19414507597684,1.5270833671092898,2.11639569699764,3.1676380485296205
557.0,0.70843106508255,0.70846063643693,0.70890852808952,0.7109482884407,0.71685528755187,0.73060062527656,0.75892145186662,0.81324154138565,0.91314649581909,1.19388875365257,1.52677521668374,2.11600689589977,3.16712180152535
558.0,0.7082620263099599,0.7082901895046201,0.70873832702636,0.71077746152877,0.7166833281517,0.73042586445808,0.75874157249927,0.81305274367332,0.9129404127597799,1.193632543087,1.52647165581583,2.11562213301658,3.16660712286829
559.0,0.70809167623519,0.70812123268842,0.70856902003288,0.7106085419654801,0.71651315689086,0.7302529960870701,0.75856380909681,0.8128643780946699,0.91273510456085,1.1933798789978,1.52616799995303,2.11523918807506,3.1660926453769203
560.0,0.70792430639266,0.7079539075493799,0.70840129256248,0.7104396224021899,0.7163434624671899,0.7300803810358,0.7583857253193801,0.81267766654491,0.91253125667572,1.1931273564696299,1.5258668251335599,2.11485726013779,3.1655845195055003
561.0,0.70775741338729,0.70778676867485,0.70823438465595,0.71027255058288,0.71617448329925,0.72990964353084,0.75820910930633,0.8124910891056001,0.91232860088348,1.1928772330284099,1.52556739561259,2.11447833105921,3.16507865861058
562.0,0.70759069919586,0.70762031525373,0.70806773006916,0.71010565757751,0.7160068154335,0.7297395914793,0.7580340579152101,0.8123063147068,0.91212654113769,1.19262700527906,1.5252689830958799,2.11409892141819,3.1645758226513796
563.0,0.70742565393447,0.70745526999235,0.70790314674377,0.70993983745574,0.71584010124206,0.72957010567188,0.75786047428846,0.8121230453252699,0.9119264185428599,1.19237904250621,1.52497181296348,2.11372552812099,3.1640741154551497
564.0,0.70726233720779,0.70729077607393,0.70773889124393,0.70977514982223,0.7156749367713899,0.72940206527709,0.75768657028675,0.81194034218788,0.91172659397125,1.19213238358497,1.5246775448322198,2.11335114762187,3.16357792541384
565.0,0.7070979475975,0.70712754875421,0.7075753360986701,0.7096112370491,0.71550929546356,0.72923502326011,0.75751478224992,0.81175795197486,0.91152796149253,1.19188742339611,1.5243847426027,2.1129803918302,3.16308338195085
566.0,0.7069354653358401,0.70696491003036,0.70741246640682,0.70944827795028,0.71534538269042,0.72906835377216,0.7573426589369701,0.81157736480236,0.91133108735084,1.19164315611124,1.52409254573285,2.11261146888136,3.1625905446708202
567.0,0.70677411556243,0.7068037316203101,0.70725105702877,0.70928639173507,0.71518319845199,0.72890254855155,0.75717204809188,0.81139802932739,0.9111345708370199,1.1914015114307401,1.52380384504795,2.11224554106593,3.1621006205677897
568.0,0.70661348104476,0.70664295554161,0.70709013938903,0.70912545919418,0.71502035856246,0.72873823344707,0.75700289756059,0.81121930480003,0.9109399318695,1.19115989655256,1.5235143601894299,2.11188039556145,3.1616139672696497
569.0,0.70645409822463,0.70648371428251,0.70693112909793,0.70896530151367,0.71485942602157,0.72857451438903,0.7568342462182,0.8110411316156301,0.9107462465763,1.19091963022947,1.5232278816401899,2.11151754856109,3.16113097220659
570.0,0.70629662275314,0.7063250541687,0.70677183568477,0.70880645513534,0.71469920873641,0.72841246426105,0.75666714459657,0.8108653724193501,0.91055309772491,1.19068121165037,1.52294407598674,2.11115576326847,3.16064916551113
571.0,0.70613783597946,0.70616653561592,0.70661376416683,0.70864832401275,0.7145402431488,0.7282497882843,0.75650027394294,0.8106889575719801,0.9103616476058901,1.19044461846351,1.5226597636938,2.1107973456382703,3.1601705737411905
572.0,0.70598119497299,0.7060105279088,0.70645739138126,0.70849061012268,0.7143815755844101,0.7280889302492101,0.75633474439382,0.81051522493362,0.9101709127426101,1.19020935148,1.52237821556627,2.1104401946067797,3.15969361364841
573.0,0.7058257460594101,0.70585387200117,0.7063004970550499,0.7083336710929801,0.71422374248504,0.72792969644069,0.75616902858018,0.81034116446971,0.90998089313507,1.1899741217494,1.52209801599383,2.11008624732494,3.15921968594193
574.0,0.70566970109939,0.70569887757301,0.70614531636238,0.70817792415618,0.71406686305999,0.72777004539966,0.7560057416558199,0.8101683259010299,0.90979269146919,1.18974150717258,1.52181914076209,2.10973388329148,3.15874985232949
575.0,0.70551580190658,0.70554425567388,0.7059909999370501,0.70802354812622,0.71391141414642,0.72761186957359,0.75584268569946,0.8099967837333599,0.90960517525672,1.18950951099395,1.52154122292995,2.10938232764601,3.1582808569073597
576.0,0.70536142587661,0.7053909897804199,0.70583751797676,0.7078698873519801,0.71375644207,0.72745458781719,0.75568025559186,0.80982500314712,0.90941807627677,1.18927918374538,1.52126545645296,2.10903288424015,3.15781689807772
577.0,0.70520836114883,0.70523799955844,0.7056841403245899,0.70771652460098,0.71360194683074,0.727298527956,0.75551921874284,0.80965572595596,0.9092330038547499,1.18904969841241,1.52099151536822,2.10868677124381,3.15735214948654
578.0,0.7050573229789701,0.7050866633653601,0.7055332958698199,0.707563996315,0.71344888210296,0.72714291512966,0.75535944849252,0.80948656797409,0.90904840826988,1.18882202357053,1.5207183845341201,2.10834151878952,3.1568912304937804
579.0,0.70490670204162,0.7049346268177,0.7053818702697701,0.70741260051727,0.71329671144485,0.72698807716369,0.75520043820142,0.8093180656433101,0.90886557102203,1.18859473615884,1.52044823765754,2.10799707844853,3.1564339734613798
580.0,0.7047553658485399,0.70478500425815,0.70523113012313,0.70726251602172,0.71314489841461,0.72683404386043,0.75504174828529,0.80915114283561,0.90868258476257,1.18836905807256,1.52017721533775,2.10765665397048,3.1559769511222804
581.0,0.7046063542366,0.7046348825097001,0.70508190989494,0.7071127295494,0.7129938006401,0.72668121755123,0.75488451123237,0.80898469686508,0.90850076079368,1.18814498186111,1.51990933716297,2.10731728374958,3.1555237472057303
582.0,0.70445746183395,0.70448706299066,0.7049331068992599,0.70696371793746,0.71284449100494,0.7265289872884699,0.75472657382488,0.80881944298744,0.90832105278968,1.18792185932397,1.5196422804147,2.10697877407073,3.15507435426116
583.0,0.70431065559387,0.70433973520994,0.70478582382202,0.70681548118591,0.7126949429512001,0.7263777405023499,0.75457104295492,0.80865570902824,0.9081416428089101,1.18769915401935,1.5193783342838199,2.10664166137576,3.15462563186883
584.0,0.70416337251663,0.70419292151927,0.70463813841342,0.70666772127151,0.712546646595,0.72622673213481,0.75441605597734,0.8084916174411699,0.90796330571174,1.18747954070568,1.5191133264452201,2.10630817711353,3.1541792415082397
585.0,0.70401817560195,0.7040463835000901,0.70449203252792,0.70652151107788,0.71239870786666,0.72607707977294,0.75426153838634,0.8083289265632599,0.90778490900993,1.18725909292697,1.51885123550891,2.10597571730613,3.15373588353395
586.0,0.7038716673851,0.70390105247497,0.70434738695621,0.70637547969818,0.71225249767303,0.72592806816101,0.75410820543766,0.80816753208637,0.90760862827301,1.18704126775264,1.5185902211815099,2.10564391314983,3.15329407155513
587.0,0.70372807979583,0.70375730097293,0.7042022049427,0.70623075962066,0.71210646629333,0.72577990591526,0.7539564892649601,0.8080066144466399,0.90743312239646,1.1868238821625698,1.51833004318177,2.1053162664175,3.1528538241982402
588.0,0.70358461141586,0.70361298322677,0.7040587216615599,0.70608639717102,0.71196156740188,0.72563283145427,0.7538039535284,0.80784624814987,0.90725815296173,1.18660775572061,1.5180729776620798,2.10498897731304,3.15241795405745
589.0,0.7034415602684,0.70346993207931,0.7039156705141,0.70594280958175,0.71181678771972,0.7254865467548299,0.75365313142538,0.80768696963787,0.90708470344543,1.1863939985632799,1.51781481318175,2.10466377437114,3.15198409557342
590.0,0.7032989263534499,0.7033281698822901,0.70377305150032,0.70580047369003,0.71167355775833,0.72534075379371,0.75350351631641,0.80752947926521,0.90691184997558,1.18617945164442,1.5175594668835402,2.1043393947183997,3.15155208110809
591.0,0.70315653085708,0.70318588614463,0.70363213121891,0.7056591510772701,0.71153050661087,0.7251955717802,0.75335438549518,0.8073724061250599,0.9067408144474,1.1859673634171402,1.5173049308359599,2.1040179729461603,3.15112234652042
592.0,0.70301687717437,0.70304513722658,0.7034906744956899,0.7055173516273401,0.7113884091377201,0.72505164146423,0.75320580601692,0.80721542239189,0.90656897425651,1.18575609475374,1.51705197431147,2.10369789227843,3.15069442614912
593.0,0.70287626981735,0.702905587852,0.70335066318511,0.70537728071212,0.71124738454818,0.72490838170051,0.7530572116374901,0.80705904960632,0.9063992500305099,1.18554475903511,1.5168013125658,2.1033787429332698,3.1502695530653
594.0,0.70273822546005,0.70276659727096,0.7032118737697599,0.70523816347122,0.71110719442367,0.72476553916931,0.75291032344102,0.8069043457508,0.90622982382774,1.1853360235691,1.51655176281929,2.10306313261389,3.1498462036252
595.0,0.7025995850563,0.70262779295444,0.7030727863311701,0.7050990462303101,0.71096724271774,0.72462338209152,0.75276485085487,0.8067505210638,0.9060620367527,1.1851278766989701,1.51630290225148,2.10274833813309,3.1494256965816003
596.0,0.70246070623397,0.7024902254343001,0.70293545722961,0.70496118068695,0.7108279466629,0.72448246181011,0.75261956453323,0.80659767985343,0.9058950245380399,1.18492096662521,1.51605503074824,2.10243466496467,3.1490061096847004
597.0,0.70232361555099,0.70235327631235,0.70279844105243,0.7048239111900301,0.71068996191024,0.7243423461914,0.7524745911359699,0.80644480884075,0.9057282507419501,1.18471528589725,1.51580844819545,2.10212199389934,3.1485922075808
598.0,0.70218837261199,0.7022166326642,0.7026619613170599,0.70468699932098,0.7105526924133301,0.7242024689912699,0.75233037024736,0.8062935173511501,0.90556225180625,1.18451058119535,1.51556413993239,2.10181273892521,3.1481764949858095
599.0,0.7020531892776399,0.7020813301205601,0.70252686738967,0.70455080270767,0.71041578054428,0.7240632325410801,0.7521873190999,0.8061416298151001,0.9053978919982899,1.18430687487125,1.51531954295933,2.10150249674916,3.1477652564644796
600.0,0.70191782712936,0.70194621384143,0.70239214599132,0.70441579818725,0.71027958393096,0.72392535209655,0.75204543769359,0.80599209666252,0.90523383021354,1.18410421162843,1.51507732085883,2.10119482502341,3.14735569059848
601.0,0.70178455114364,0.70181267708539,0.7022579759359301,0.70428150892257,0.71014440059661,0.72378803789615,0.7519043087959201,0.8058429509401299,0.90507188439369,1.18390303105115,1.5148360338062,2.10089154541492,3.1469481177628005
602.0,0.70165002346038,0.7016784921288399,0.70212416350841,0.70414757728576,0.71000969409942,0.7236511707305899,0.75176339596509,0.8056940883398,0.90490913391113,1.18370160460472,1.5145971160382001,2.1005863584578,3.1465437598526402
603.0,0.70151728391647,0.70154660195112,0.70199102163314,0.70401436090469,0.70987558364868,0.72351494431495,0.75162275880575,0.8055467009544299,0.90474808216094,1.18350329995155,1.5143577940761999,2.10028478875756,3.14613794535398
604.0,0.7013856768608,0.7014150172472,0.7018594443798,0.70388233661651,0.7097423672676,0.72337993979454,0.75148352980613,0.8053999543190001,0.9045872688293399,1.1833040714263898,1.5141208153218,2.0999834686517698,3.1457379460334702
605.0,0.7012545466423,0.70128387957811,0.70172818005084,0.7037501335144,0.7096101641654899,0.7232456356287,0.75134570896625,0.80525338649749,0.9044282734393999,1.18310781568288,1.51388507895171,2.09968565776944,3.14533711969852
606.0,0.70112353563308,0.70115308463573,0.70159719884395,0.70361989736557,0.70947790145874,0.72311170399188,0.75120744854211,0.80510900914669,0.90426883101463,1.18291066586971,1.5136496983468501,2.09938697889447,3.1449394412338703
607.0,0.70099395513534,0.7010223418474101,0.70146696269512,0.70348954200744,0.70934677124023,0.72297829389572,0.7510702908039,0.80496431887149,0.90411102771759,1.18271518498659,1.51341597177088,2.09909133985638,3.1445462927222203
608.0,0.70086514949798,0.70089332014322,0.70133797824382,0.70335948467254,0.7092167735099699,0.7228462696075401,0.75093441456556,0.80481955409049,0.9039547145366599,1.18252132087945,1.51318445242941,2.09879617765545,3.14415135979652
609.0,0.70073610544204,0.7007653415203,0.70120960474014,0.70323055982589,0.70908659696578,0.7227144986391,0.7507979869842499,0.80467648804187,0.90379783511161,1.18232813477516,1.5129533223807798,2.09850532934069,3.14376212283968
610.0,0.7006087899208,0.7006369978189401,0.70108152925968,0.70310240983963,0.7089576721191401,0.7225833684206,0.7506627887487399,0.8045339435338901,0.90364238619804,1.18213526904582,1.51272195763885,2.09821258485317,3.1433720849454403
611.0,0.70048028230667,0.70050963014364,0.70095388591289,0.70297443866729,0.70882934331893,0.72245289385318,0.75052922219038,0.8043927550315799,0.90348789095878,1.18194412440061,1.51249465718865,2.09792288020253,3.14298456534743
612.0,0.70035451650619,0.7003837078809699,0.70082767307758,0.70284819602966,0.7087013721466,0.72232285141944,0.75039482116699,0.80425164103508,0.90333437919616,1.18175407499074,1.51226697862148,2.09763415157794,3.1426002010703002
613.0,0.70022898912429,0.70025726407766,0.70070098340511,0.7027216553688,0.70857405662536,0.72219394147396,0.7502617388963599,0.8041119873523701,0.9031810760497999,1.18156488239765,1.5120392628014,2.0973473675549004,3.1422172188758797
614.0,0.70010381937026,0.70013208687305,0.70057581365108,0.70259577035903,0.70844787359237,0.72206568717956,0.75013020634651,0.8039718121290199,0.9030284583568501,1.18137642741203,1.5118147898465302,2.0970628112554497,3.1418345868587396
615.0,0.69997894763946,0.70000816881656,0.70045085251331,0.70247077941894,0.70832157135009,0.72193765640258,0.7499987483024501,0.8038336932659099,0.9028772115707301,1.18118802458047,1.51159073039889,2.09677894413471,3.1414554044604297
616.0,0.69985401630401,0.69988361001014,0.70032747089862,0.7023463845252901,0.70819640159606,0.72181136906147,0.7498676329851099,0.80369538068771,0.90272688865661,1.18100246787071,1.51136768981814,2.0964940637350002,3.14107969030737
617.0,0.6997307538986199,0.69976030290126,0.70020353794097,0.7022231221199,0.70807236433029,0.72168435156345,0.74973709136247,0.80355817079544,0.9025772511959,1.18081738054752,1.51114563643932,2.09621442854404,3.14070291444659
618.0,0.69960910081863,0.69963736832141,0.70008063316345,0.70210015773773,0.70794814825057,0.72155882418155,0.7496076002717,0.80342128872871,0.9024270474910701,1.18063270300626,1.5109242014586899,2.09593377634882,3.14032812789082
619.0,0.6994860768318101,0.69951467961072,0.6999585032463,0.701977789402,0.70782500505447,0.7214336544275199,0.7494788467884,0.80328574776649,0.90227937698364,1.18044877052307,1.5107055269181702,2.0956568419933297,3.13995644077658
620.0,0.6993650794029199,0.6993942707777,0.69983692467212,0.70185577869415,0.70770186185836,0.72130885720252,0.74935011565685,0.8031503856182,0.90213143825531,1.18026596307754,1.51048550009727,2.09537995234131,3.13958678022027
621.0,0.69924420118331,0.6992733255028699,0.69971671700477,0.7017344236373899,0.70758062601089,0.72118565440177,0.74922273308038,0.80301576852798,0.90198495984077,1.18008445203304,1.51026839017868,2.0951038300991,3.1392194032668996
622.0,0.69912463426589,0.69915252923965,0.69959668815135,0.7016142010688701,0.70745921134948,0.7210619598627,0.74909561872482,0.8028812408447199,0.90183877944946,1.1799039989709799,1.5100520197302099,2.09482899308204,3.13885480910539
623.0,0.6990036368370001,0.69903313368558,0.69947616755962,0.70149385929107,0.7073380947112999,0.72093929350376,0.7489688545465399,0.802748888731,0.9016930162906601,1.1797240525484,1.50983658246695,2.09455716609954,3.1384883634746
624.0,0.6988844275474501,0.69891394674777,0.69935715198516,0.70137405395507,0.7072179913520801,0.72081708908081,0.74884349107742,0.80261640250682,0.9015480279922401,1.1795442327857,1.50962351262569,2.0942844301462102,3.1381262280046904
625.0,0.69876706600189,0.6987953186035101,0.6992392688989599,0.70125544071197,0.70709860324859,0.72069564461708,0.74871842563152,0.80248476564884,0.90140438079833,1.1793659552931701,1.50940934196114,2.0940141528844802,3.1377665773034
626.0,0.69864946603775,0.6986777335405301,0.69912084937095,0.7011375427246,0.70697957277297,0.72057534754276,0.74859442561864,0.80235363543033,0.90126121044158,1.17918919771909,1.50919816084206,2.09374753013253,3.13740621879696
627.0,0.69853109121322,0.6985604763031,0.69900378584861,0.70102000236511,0.7068606615066501,0.72045546770095,0.74847108125686,0.80222271382808,0.90111830830574,1.1790132299065499,1.50898745842278,2.09347900748252,3.13705029338598
628.0,0.6984153985977101,0.69844356924295,0.69888739287853,0.70090299844741,0.70674335956573,0.72033604979515,0.74834802746772,0.8020931482315,0.90097716450691,1.07884049415588,1.5087773501873,2.09321389719843,3.13669346272945
629.0,0.6982986330986,0.69832793623209,0.69877111911773,0.70078665018081,0.70662599802017,0.72021704912185,0.74822494387626,0.80196313560009,0.90083548426628,1.07867920398712,1.50856800191104,2.09294717013835,3.13633953779935
630.0,0.69818443059921,0.6982124745845699,0.69865562021732,0.70067054033279,0.70650959014892,0.72009849548339,0.74810364842414,0.80183520913124,0.90069508552551,1.07851827144622,1.50835946761071,2.09268373250961,3.13598881661892
631.0,0.69806784391403,0.69809736311435,0.6985403448343199,0.70055526494979,0.70639336109161,0.71998031437397,0.74798231571912,0.80170653760433,0.90055534243583,1.0783587694168,1.5081538055092,2.09242305159568,3.1356380842626095
632.0,0.6979541182518001,0.6979828104376701,0.6984260827302899,0.70044094324111,0.7062782645225499,0.71986326575279,0.74786118417978,0.8015803992748199,0.90041688084602,1.07820013165473,1.5079481471329899,2.09216167032718,3.13529052212834
633.0,0.69783979654312,0.69786914438009,0.6983123570680599,0.70032691955566,0.70616310834884,0.7197468429803799,0.7477407902479101,0.80145359039306,0.9002783298492399,1.07804143428802,1.5077421553432901,2.09190270677208,3.13494202122092
634.0,0.69772654771804,0.6977559030056,0.69819910824298,0.70021349191665,0.70604902505874,0.719630792737,0.7476212531328199,0.8013267070054999,0.9001407623291,1.07788422703742,1.50753855518996,2.09164486825466,3.1345986649394004
635.0,0.69761449098587,0.69764307141304,0.69808633625507,0.70010042190551,0.70593553781509,0.71951526403427,0.7475023716688101,0.8012015223503101,0.90000367164611,1.07772707939147,1.50733689032495,2.09138794615864,3.13425581902265
636.0,0.6975033879279999,0.69753128290176,0.69797374308109,0.69998800754547,0.70582246780395,0.71940097212791,0.74738434702157,0.80107666552066,0.89986717700958,1.07757103443145,1.50713490322232,2.0911314636468803,3.13391252979636
637.0,0.69739180803298,0.69742006063461,0.69786286354064,0.69987577199935,0.70570981502532,0.71928596496582,0.74726705998182,0.8009529411792701,0.8997321128845199,1.07741597294807,1.50693354010581,2.09087584912776,3.13357355445623
638.0,0.69727951288223,0.6973088458180401,0.69775186479091,0.69976472854614,0.70559763908386,0.7191724926233201,0.7471499741077401,0.8008295297622601,0.8995971679687499,1.0772620439529401,1.50673400983214,2.09062369167804,3.1332350596785496
639.0,0.69716995954513,0.69719901680946,0.6976405531167901,0.69965416193008,0.70548629760742,0.71905924379825,0.7470327839255301,0.8007056713104199,0.8994632065296101,1.07710888981819,1.50653588213026,2.09037199616432,3.13289791345596
640.0,0.69705897569656,0.6970884129405,0.6975313425064,0.69954395294189,0.70537543296813,0.71894726157188,0.74691720306873,0.80058389902114,0.89932942390441,1.07695481181144,1.50633766688406,2.09012116491794,3.13256353139877
641.0,0.69695103168487,0.69697917252779,0.69742193818092,0.6994339227676301,0.70526498556137,0.7188348770141599,0.74680086970329,0.80046221613883,0.8991962671279901,1.0768032073974598,1.50614107772707,2.08987073600292,3.1322298645973197
642.0,0.6968421339988701,0.6968701109290101,0.69731251895427,0.6993253827095,0.70515543222427,0.71872377395629,0.74668592959642,0.8003411591053,0.8990643322467801,1.07665130496025,1.5059444904327302,2.08962370455265,3.13189681619405
643.0,0.69673269987106,0.69676221907138,0.69720460474491,0.6992163658142,0.7050455212593,0.71861220896244,0.74657210707664,0.8002204298973,0.89893272519111,1.07650139927864,1.5057491045445202,2.08937509730458,3.13156726211309
644.0,0.69662535190582,0.69665382057428,0.6970968991518,0.69910877943038,0.7049371600151,0.7185014784336,0.7464586868882099,0.8001007139682701,0.89880204200744,1.07635191082954,1.50555566512048,2.08912984654307,3.13123985379934
645.0,0.6965180635452201,0.6965465396642601,0.6969896107912,0.6990013122558499,0.70482873916625,0.71839168667793,0.7463454529643,0.79998138546943,0.89867123961448,1.07620176672935,1.5053632706403701,2.08888528123497,3.13091128319501
646.0,0.69641262292861,0.69644051790237,0.69688273966312,0.69889420270919,0.70472085475921,0.71828290820121,0.74623246490955,0.79986238479614,0.8985408544540399,1.07605400681495,1.5051715858280599,2.0886413455009403,3.1305861994624102
647.0,0.69630581140518,0.6963348314166,0.6967762708663899,0.69878721237182,0.7046135663986199,0.7181736379861801,0.74612077325582,0.79974460601806,0.89841222763061,1.0759056508541098,1.50497861206531,2.08840024843812,3.1302630454301803
648.0,0.69620007276535,0.69622940570116,0.69667091965675,0.69868183135986,0.7045070528984,0.7180658429861,0.7460094094276399,0.79962620139122,0.89828380942344,1.0757589340209899,1.5047895219176999,2.08815735578536,3.1299414373934202
649.0,0.69609457254409,0.696123175323,0.69656594097614,0.69857621192932,0.7044014930725,0.7179580479860299,0.74589839577674,0.79950913786888,0.8981559276580799,1.07561293244361,1.50459985248744,2.0879178494215003,3.1296199001371803
650.0,0.69599097967147,0.696019038558,0.69646148383617,0.6984711289405799,0.70429527759552,0.71785075962543,0.7457874417304899,0.79939314723014,0.89802825450897,1.07546687126159,1.5044109951704698,2.08767921850085,3.12929977476596
651.0,0.69588595628738,0.69591453671455,0.69635711610317,0.69836682081222,0.70419019460678,0.71774411201477,0.74567786604166,0.7992766797542499,0.8979022502899101,1.0753216445446,1.50422418117523,2.087441470474,3.1289829462766603
652.0,0.69578284025192,0.69581200927495,0.69625353813171,0.6982626914978,0.7040857672691301,0.7176377028226799,0.74556845426559,0.79916128516197,0.89777639508247,1.07517817616462,1.50403802283108,2.08720406517386,3.1286666654050297
653.0,0.69567984342575,0.69570780545473,0.69614975154399,0.69815915822982,0.70398157835006,0.71753239631652,0.74545928835868,0.79904723167419,0.8976512253284399,1.07503476738929,1.50385075807571,2.08696986362338,3.1283503063023
654.0,0.69557631015777,0.69560478627681,0.6960473954677501,0.6980567574501,0.7038780450820901,0.71742734313011,0.74535065889358,0.7989325523376399,0.8975265324115699,1.0748917162418299,1.50366599671542,2.08673366904258,3.12803920730948
655.0,0.69547456502914,0.69550295174121,0.69594472646713,0.69795447587966,0.70377504825592,0.7173219472169801,0.7452430203557,0.79881909489631,0.8974016606807699,1.0747493207454601,1.50348186306655,2.08650110661983,3.1277266927063403
656.0,0.6953721642494199,0.6954015195369699,0.69584318995475,0.6978520154953001,0.70367181301116,0.71721768379211,0.7451357319951,0.7987058460712401,0.89727854728698,1.07460808753967,1.50329992733895,2.08626873791217,3.1274164840579
657.0,0.6952719092369,0.69530028104782,0.6957418769597999,0.6977506875991799,0.70357018709182,0.71711465716362,0.74502877891063,0.7985930889844801,0.89715504646301,1.07446706295013,1.50311711616814,2.08603976666927,3.1271073594689303
658.0,0.6951709985733,0.6951994448900201,0.6956418603658601,0.6976495385169901,0.70346868038177,0.71701119840145,0.7449228391051199,0.7984811812639201,0.89703270792961,1.07432660460472,1.5029364824295,2.0858087688684397,3.12680010125041
659.0,0.69507157802581,0.6950997263193099,0.69554135203361,0.69754934310913,0.70336753129959,0.71690885722637,0.74481741338968,0.79836896061897,0.89691078662872,1.07418826222419,1.5027552489191198,2.08557845279574,3.1264945529401302
660.0,0.6949718594551,0.69500012695789,0.6954411268234201,0.69744908809661,0.70326650142669,0.7168061882257399,0.74471214413642,0.79825758934021,0.89678978919982,1.07404839992523,1.50257559493184,2.08535134792327,3.12618930265307
661.0,0.6948714852333,0.69490081816911,0.69534191489219,0.6973502635955799,0.70316690206527,0.71670435369014,0.74460693448781,0.79814782738685,0.89666864275932,1.0739107131958,1.50239722430706,2.085125207901,3.1258872970938603
662.0,0.69477385282516,0.69480180740356,0.69524334371089,0.6972511410713099,0.70306664705276,0.71660304069519,0.7445032000541599,0.79803824424743,0.89654913544654,1.0737724304199199,1.5022189579904,2.0848991535604,3.12558409199118
663.0,0.69467467069625,0.69470396637916,0.69514505565166,0.69715183973312,0.7029680013656601,0.716502353549,0.7443986684083901,0.79792790114879,0.8964298069476999,1.07363653182983,1.50204128026962,2.0846743620932098,3.12528377398848
664.0,0.69457727670669,0.69460629671812,0.6950469315052,0.69705444574356,0.7028688788414,0.71640236675739,0.74429531395435,0.79781956970691,0.89631071686744,1.07350003719329,1.50186648964881,2.08445194736123,3.12498639151453
665.0,0.6944795846939,0.69450803101062,0.69494932889938,0.6969568729400599,0.70277070999145,0.71630254387855,0.74419325590133,0.79771095514297,0.89619180560112,1.07336449623107,1.5016901623457601,2.08422875776886,3.12468919903039
666.0,0.69438260793685,0.69441182911396,0.6948528438806499,0.69685900211334,0.70267295837402,0.71620336174964,0.74409058690071,0.7976031601428899,0.89607441425323,1.07322943210601,1.50151634588837,2.08400759473443,3.12439265102148
667.0,0.69428676366806,0.69431592524051,0.69475568830966,0.6967625617980899,0.7025750875473,0.71610435843467,0.74398891627788,0.7974958717823,0.89595654606819,1.0730956792831399,1.5013414323329901,2.08378740027546,3.12409714981913
668.0,0.6941909790039,0.69421929121017,0.69466008245944,0.6966660618782,0.70247846841812,0.71600602567195,0.74388758093118,0.7973887771368,0.89584001898765,1.07296130061149,1.50116840377449,2.08356809616088,3.12380462139844
669.0,0.69409555196762,0.69412361085414,0.69456426799297,0.69657045602798,0.70238137245178,0.7159081548452301,0.7437865883111899,0.79728201031684,0.89572393894195,1.07282927632331,1.5009965095669,2.08334892615675,3.12351382896304
670.0,0.69400030374526,0.69402855634689,0.69446891546249,0.69647461175918,0.7022858262062,0.71581028401851,0.7436865121126099,0.79717628657817,0.89560806751251,1.0726964473724299,1.50082491338253,2.08313070237636,3.1232219710946
671.0,0.69390529394149,0.69393446296453,0.6943742185831,0.69637995958328,0.70219033956527,0.71571381390094,0.74358589202165,0.7970708012580799,0.89549341797828,1.0725642442703198,1.50065395236015,2.0829157121479502,3.12293326109647
672.0,0.69381046295166,0.6938396990299199,0.6942806392908,0.69628572463989,0.70209509134292,0.71561661362648,0.74348637461662,0.79696589708328,0.8953783512115401,1.07243311405181,1.5004853550344701,2.0827008485794,3.12264593318104
673.0,0.69371664524078,0.69374511390924,0.6941862553358,0.69619143009185,0.70200049877166,0.7155208736658,0.7433873787522299,0.79686105251312,0.8952645063400201,1.0723029375076198,1.5003153849393098,2.0824871696531697,3.12235783040523
674.0,0.69362467527389,0.69365271180868,0.69409316778182,0.69609797000885,0.70190644264221,0.71542535722255,0.74328844249248,0.7967574149370099,0.8951511383056601,1.0721735954284601,1.50014772452414,2.0822737067937798,3.12207318842411
675.0,0.69353032112121,0.6935595795512199,0.69400040805339,0.6960044503211901,0.70181214809417,0.71533012390136,0.7431906834244699,0.79665370285511,0.8950380086898799,1.0720432698726599,1.49997945316135,2.08206056430935,3.12178937718272
676.0,0.69343870878219,0.69346672296524,0.69390802085399,0.69591188430786,0.7017192840576101,0.7152349948883,0.74309299886226,0.7965507209300899,0.89492535591125,1.07191455364227,1.49981324374675,2.08184857666492,3.12150763347744
677.0,0.69334560632705,0.69337493926286,0.69381572306156,0.69581949710845,0.70162630081176,0.71514049172401,0.74299582093954,0.7964489459991401,0.89481392502784,1.07178679108619,1.49964704550802,2.0816395394504,3.1212262995541002
678.0,0.69325524568557,0.6932834982871999,0.69372364878654,0.6957282423973,0.7015337347984301,0.7150470316409999,0.74289973080158,0.7963471263647,0.89470168948173,1.07165920734405,1.49948190525174,2.08142858371138,3.12094445899128
679.0,0.69316411018371,0.69319206476211,0.693632081151,0.69563663005828,0.70144152641296,0.7149538248777301,0.7428031116724,0.79624480009078,0.8945909738540601,1.07153129577636,1.49931704811751,2.08122048899531,3.12066716328263
680.0,0.69307261705398,0.69310094416141,0.69354176521301,0.69554531574249,0.70134991407394,0.71486014127731,0.74270740896463,0.7961444556713101,0.8944808542728401,1.07140550017356,1.49915474839508,2.0810131393373,3.12038836628198
681.0,0.69298189878463,0.69301119446754,0.6934515982866201,0.6954548358917201,0.70125842094421,0.71476770937442,0.74261204153299,0.79604336619377,0.8943709135055501,1.0712800323963099,1.49899071455001,2.08080619201064,3.12011350691318
682.0,0.69289219379425,0.69292137026786,0.69336093962192,0.69536465406417,0.7011681199073699,0.7146753668785,0.74251700192689,0.7959427535533901,0.89426109194755,1.07115486264228,1.49882936477661,2.0805998891592,3.1198387145996
683.0,0.69280272722244,0.6928318813443101,0.69327145814895,0.69527429342269,0.70107775926589,0.71458420157432,0.7424228712916301,0.795843064785,0.89415290951728,1.07102990150451,1.49866697564721,2.08039672672748,3.11956363543868
684.0,0.69271337985992,0.6927428096532801,0.6931821256875901,0.69518488645553,0.7009872198104801,0.71449270844459,0.74232809990644,0.7957440018653801,0.89404380321502,1.07090529799461,1.4985067006200499,2.08019150793552,3.11929152905941
685.0,0.69262439012527,0.69265365600585,0.69309405982494,0.69509661197662,0.70089781284332,0.71440131962299,0.74223455041646,0.79564474523067,0.89393591880798,1.07078206539154,1.49834708496928,2.07999000325799,3.11901996284723
686.0,0.69253647327423,0.69256484508514,0.6930053979158399,0.69500797986984,0.70080858469009,0.71431103348732,0.742141187191,0.79554699361324,0.89382863044738,1.07065975666046,1.49818786792457,2.0797879807651,3.11875042691826
687.0,0.69244927167892,0.69247715175151,0.6929179280996299,0.6949194669723501,0.70072013139724,0.71422132849693,0.7420481070876099,0.7954484224319399,0.89372172951698,1.0705370903015101,1.49802922084927,2.07958714663982,3.11848231405019
688.0,0.69236153364181,0.69239070266485,0.69282977283,0.69483214616775,0.7006316781044,0.71413141489028,0.74195628613233,0.7953518629073999,0.8936158716678599,1.0704154074192,1.49787092208862,2.07938655093312,3.11821296066045
689.0,0.69227391481399,0.6923024952411599,0.69274297356605,0.69474476575851,0.7005433440208401,0.71404202282428,0.74186345934867,0.7952547371387401,0.893509298563,1.0702933073043799,1.49771489575505,2.07918675243854,3.11794772744178
690.0,0.6921882033347999,0.69221623986959,0.69265632331371,0.69465738534927,0.7004559636116,0.7139533162117,0.7417720928788101,0.79515761137008,0.89340412616729,1.07017228007316,1.4975579790771,2.07898737117648,3.11768124625086
691.0,0.6921010017395001,0.69212938845157,0.69256989657878,0.69457077980041,0.70036923885345,0.71386423707008,0.74168080091476,0.7950611114501901,0.8932986259460399,1.07005247473716,1.4974029120057801,2.07879108190536,3.11741868779063
692.0,0.6920157074928199,0.69204375147819,0.69248370826244,0.69448453187942,0.70028221607208,0.71377679705619,0.74158973246812,0.79496555030345,0.8931940793991001,1.06993308663368,1.49724674038589,2.0785953998565603,3.1171561330556803
693.0,0.69193029403686,0.69195822626352,0.69239766895771,0.69439905881881,0.7001958489418,0.7136883735656699,0.7414998486638,0.7948702573776201,0.8930900096893299,1.06981387734413,1.4970931112766201,2.07839758321642,3.11689267680048
694.0,0.69184464216232,0.69187292456626,0.69231314957141,0.6943135857582,0.70011013746261,0.7136016637086801,0.7414101883769,0.7947750389575899,0.8929868936538601,1.0696949660778001,1.49693953618407,2.0782029815018097,3.1166331246495202
695.0,0.69175964593887,0.69178880006074,0.69222776591777,0.69422823190689,0.70002400875091,0.71351504325866,0.7413207665085699,0.79468116164207,0.8928834497928599,1.0695774555206299,1.49678684212267,2.07800851762294,3.11637313663959
696.0,0.69167572259902,0.69170399755239,0.69214375317096,0.69414383172988,0.69993931055068,0.71342857182025,0.74123150855302,0.7945876568555801,0.89278137683868,1.0694597959518402,1.49663405492901,2.07781720533967,3.11611515656113
697.0,0.69159215688705,0.69162018597126,0.69205982983112,0.69406002759933,0.69985395669937,0.71334220468997,0.7411425486207001,0.79449394345283,0.89267829060554,1.0693428814411101,1.49648251198232,2.07762429118156,3.1158580891788
698.0,0.6915076375007599,0.69153660535812,0.69197617471218,0.69397586584091,0.6997702121734599,0.71325606107711,0.74105440080165,0.79440051317214,0.8925767540931699,1.06922590732574,1.4963328577578001,2.0774340070784,3.1156024523079298
699.0,0.69142526388168,0.69145322591066,0.6918928027153,0.69389241933822,0.69968599081039,0.71317052841186,0.74096685647964,0.79430773854255,0.8924754261970499,1.06911042332649,1.4961818549782,2.07724163308739,3.11534724384546
700.0,0.69134193658828,0.69137018918991,0.6918099373579,0.69380915164947,0.69960165023803,0.71308605372905,0.74087926000356,0.7942156493663701,0.89237469434738,1.0689948797225899,1.49603306874632,2.07705293223261,3.11509443446993
701.0,0.69125896692276,0.69128803908824,0.69172689318656,0.69372648000717,0.69951909780502,0.71300174295902,0.7407920509576701,0.79412400722503,0.8922747671604101,1.06888008117675,1.4958832282572898,2.0768641531467398,3.11484079062938
702.0,0.69117599725723,0.6912053301930401,0.69164432585239,0.6936439275741499,0.69943583011627,0.71291701495647,0.74070514738559,0.79403160512447,0.89217433333396,1.06876501441001,1.49573551304638,2.07667614519596,3.11458904296159
703.0,0.69109582901,0.6911236792802801,0.69156296551227,0.69356232881546,0.69935321807861,0.7128330618143,0.74061816185712,0.79394054412841,0.8920750319957701,1.06865158677101,1.49558853171765,2.07648833468556,3.11434082314372
704.0,0.6910141110420199,0.69104236364364,0.6914816647768,0.6934800744056699,0.6992707848548799,0.71274961531162,0.74053340405225,0.7938503473997099,0.8919754624366699,1.0685382187366401,1.49544151313602,2.07630118355155,3.11408992111682
705.0,0.69093161821365,0.6909609735012,0.69139994680881,0.69339877367019,0.69918924570083,0.71266667544841,0.74044688045978,0.7937604188919,0.8918769061565299,1.06842508912086,1.4952948242425899,2.07611705362796,3.11384294554591
706.0,0.69085192680358,0.69087990373373,0.69131927192211,0.69331818819046,0.69910782575607,0.71258449554443,0.74036142230033,0.79366996884346,0.8917786478996201,1.06831213831901,1.4951495621353301,2.07593361660838,3.11359525844454
707.0,0.69077068567276,0.69080001860857,0.6912389397621099,0.69323754310607,0.6990264058113,0.71250191330909,0.74027755856513,0.7935804873704899,0.8916815221309601,1.0682007074356001,1.49500375986099,2.07574754953384,3.1133493669331
708.0,0.69069212675094,0.69072016328573,0.6911595910787499,0.69315725564956,0.69894576072692,0.71241949498653,0.7401925548911,0.79349206387996,0.89158406853675,1.06808936595916,1.4948592800647,2.07556548714637,3.11310504004359
709.0,0.6906113028526301,0.6906397119164399,0.6910797804594,0.69307708740234,0.69886529445648,0.71233804523944,0.7401086688041599,0.79340316355228,0.89148667454719,1.06797823309898,1.49471654370427,2.0753830559551703,3.11285910382866
710.0,0.69053214788436,0.69056136161088,0.6909999102354001,0.6929974555969199,0.69878500699996,0.71225689351558,0.7400251030921899,0.7933141887187901,0.89139059185981,1.06786739826202,1.49457235448062,2.07520134747028,3.11261670291423
711.0,0.69045406579971,0.69048210233449,0.69092138111591,0.69291883707046,0.69870567321777,0.7121762484312,0.7399416565895,0.79322642087936,0.8912946879863701,1.06775769591331,1.49443046748638,2.0750202648341602,3.1123760677874
712.0,0.69037508964538,0.6904030665755201,0.69084234535694,0.6928395032882599,0.6986261010169901,0.71209573745727,0.73985864222049,0.7931391894817299,0.8911989331245399,1.06764829158782,1.4942892733961302,2.07484155893325,3.11213436350226
713.0,0.6902972459793,0.69032508134841,0.69076418876647,0.69276100397109,0.69854754209518,0.71201531589031,0.73977642506361,0.79305171966552,0.8911035656929001,1.0675390958786,1.4941483400762001,2.0746614895761,3.11189445853233
714.0,0.69021964073181,0.6902474910020799,0.69068647921085,0.6926833987236,0.69846832752227,0.71193553507328,0.73969355970621,0.79296466708183,0.8910087943077001,1.0674303472042002,1.49400775507092,2.07448391243815,3.11165617778897
715.0,0.69014048576354,0.69016992300748,0.69060890376567,0.69260567426681,0.69839054346084,0.71185554563999,0.73961085826158,0.7928787767887101,0.89091399312019,1.06732258200645,1.49386782012879,2.0743046812713097,3.1114195138215996
716.0,0.6900646686553901,0.6900925263762401,0.69053150713443,0.6925281882286,0.69831228256225,0.71177689731121,0.7395303770899699,0.7927930504083599,0.89082053303718,1.06721511483192,1.4937282707542099,2.0741280727088403,3.11118220165371
717.0,0.6899875998497,0.69001547247171,0.69045431911945,0.69245094060897,0.69823479652404,0.71169756352901,0.73944906890392,0.7927065342664699,0.89072653651237,1.06710791587829,1.4935893919318899,2.07395225390791,3.11094668880105
718.0,0.68991130590438,0.68993933498859,0.69037751853466,0.69237375259399,0.69815731048583,0.7116196155548,0.7393677085638,0.79262197017669,0.89063364267349,1.06700083613395,1.49345029518008,2.07377647981047,3.11071150749921
719.0,0.68983429670333,0.68986346572637,0.69030193984508,0.69229710102081,0.6980805993080099,0.71154142916202,0.7392877936363199,0.79253688454627,0.89054098725318,1.06689524650573,1.49331372976303,2.07360190153121,3.11047780513763
720.0,0.68975847959518,0.68978676199913,0.69022549688816,0.69222146272659,0.69800341129302,0.71146282553672,0.73920708894729,0.79245193302631,0.8904485106468201,1.0667895078659,1.4931758064776601,2.0734293609857497,3.11024618893861
721.0,0.68968331813812,0.68971115350723,0.69015017151832,0.69214594364166,0.69792765378952,0.71138533949851,0.73912746459245,0.7923679798841401,0.89035639166831,1.0666841566562602,1.4930401388555699,2.07325575128197,3.1100151427090097
722.0,0.68960779905319,0.6896358802914601,0.6900749951601,0.69206982851028,0.69785124063491,0.7113089710474,0.73904804140329,0.79228353500366,0.89026468992233,1.06657934188842,1.49290353246033,2.0730843804776597,3.10978447645902
723.0,0.68953239917755,0.68956076353788,0.68999923765659,0.69199496507644,0.69777584075927,0.71123220026493,0.73896867036819,0.7922000885009699,0.8901741206645899,1.06647542119026,1.49276875890791,2.07291112840175,3.10955423116683
724.0,0.68945842981338,0.689486682415,0.68992465734481,0.69192028045654,0.69770020246505,0.71115516126155,0.73888952285051,0.79211764037609,0.8900828063488001,1.0663708448409999,1.49263424240052,2.07274095714092,3.1093247644603204
725.0,0.68938338756561,0.6894117519259401,0.6898502260446501,0.6918457746505701,0.69762551784515,0.71107952296733,0.73881155997514,0.79203468561172,0.88999262452125,1.06626740097999,1.49250043928623,2.0725710541009903,3.10909960791468
726.0,0.68930977582931,0.68933894485235,0.68977697193622,0.69177144765853,0.69755041599273,0.7110031992197,0.73873381316661,0.79195263981819,0.88990306854248,1.06616413593292,1.49236665293574,2.07240171730518,3.10887036472558
727.0,0.68923658132553,0.68926445394754,0.68970313668251,0.69169729948043,0.69747650623321,0.71092821657657,0.7386559993028601,0.7918708324432301,0.88981321454048,1.06606137752532,1.49223340302705,2.07223235070705,3.1086448617279503
728.0,0.68916255235671,0.68919087946414,0.68962948024272,0.6916244029998699,0.69740217924118,0.71085315942764,0.73857881873846,0.7917883098125401,0.8897242546081501,1.0659594535827601,1.49210096895694,2.0720642209053,3.1084205023944302
729.0,0.68908941745758,0.68911859393119,0.6895568817853901,0.69155091047286,0.69732880592346,0.71077847480773,0.73850145936012,0.79170700907707,0.8896349966525999,1.0658569037914198,1.49197018891572,2.0718985684216,3.10819778591394
730.0,0.68901759386062,0.68904563039541,0.68948358297348,0.69147753715515,0.69725519418716,0.71070399880409,0.73842415213584,0.79162664711475,0.88954636454582,1.06575560569763,1.4918384309858,2.0717309564352,3.10797534883022
731.0,0.68894463777542,0.68897358328104,0.68941125273704,0.6914050579071,0.69718259572982,0.71062947809696,0.7383472397923401,0.79154556989669,0.8894584774970999,1.06565549969673,1.49170859158039,2.07156604528427,3.10775244235992
732.0,0.6888729929924,0.68890086561441,0.68933953344821,0.6913331747055,0.6971091628074599,0.7105556577444,0.73827142268419,0.7914657145738601,0.8893706202507,1.0655547380447299,1.49157722108066,2.0714016258716503,3.10753085464239
733.0,0.68880116939544,0.68882931023836,0.68926779925823,0.69126105308532,0.69703733921051,0.71048162877559,0.73819581419229,0.7913850247859899,0.8892833292484199,1.0654549300670602,1.4914483167231,2.07123523578047,3.10731190443038
734.0,0.68872964382171,0.6887577921152099,0.6891962736845,0.69118946790695,0.69696503877639,0.71040892601013,0.73812026530504,0.7913055121898599,0.8891966044902799,1.06535544991493,1.49131809920072,2.0710720531642397,3.10709274187684
735.0,0.6886584162712001,0.68868643045425,0.68912497162818,0.69111800193786,0.69689255952835,0.71033543348312,0.7380449250340401,0.7912270873785,0.88910987973213,1.0652562379837,1.4911901243031,2.07090886309742,3.1068748794496
736.0,0.68858808279037,0.68861597776412,0.68905362486839,0.6910470724105799,0.69682103395462,0.71026308834552,0.7379708737134899,0.79114796221256,0.88902375102043,1.06515815854072,1.4910619650036,2.07074593380093,3.10665687173604
737.0,0.6885169744491499,0.68854503333568,0.68898290395736,0.69097584486007,0.6967504620552,0.71019028127193,0.73789578676223,0.79106873273849,0.88893762230873,1.06505942344665,1.49093472771346,2.07058594748377,3.10644188895821
738.0,0.68844598531723,0.68847519904375,0.68891315162181,0.6909053325653001,0.6966791152954099,0.71011853218078,0.73782197386026,0.79099011421203,0.88885205984115,1.06496158242225,1.4908078238368,2.0704239867627603,3.10622468963265
739.0,0.6883760690689,0.68840443342924,0.68884266912937,0.69083565473556,0.69660848379135,0.7100465148687299,0.73774820566177,0.7909121513366699,0.8887670636177001,1.06486332416534,1.49068133533,2.0702623128890902,3.1060103289782997
740.0,0.68830680847167,0.6883347854018199,0.6887733042240101,0.69076526165008,0.6965379118919299,0.70997500419616,0.7376736924052201,0.7908346503973,0.8886816501617399,1.06476601958274,1.49055670574307,2.07010428234934,3.10579857230186
741.0,0.68823707103729,0.68826624751091,0.68870396912097,0.69069570302963,0.69646829366683,0.70990398526191,0.73760132491588,0.7907571792602499,0.88859787583351,1.06466999650001,1.4904308319091701,2.06994564831256,3.10558450222015
742.0,0.68816757202148,0.68819700181484,0.68863421678543,0.69062685966491,0.69639873504638,0.70983378589153,0.73752811551094,0.7906801700592001,0.88851383328437,1.06457403302192,1.49030545167624,2.06978537142276,3.10537176579237
743.0,0.68809974193572,0.68812780082225,0.68856553733348,0.69055771827697,0.69632852077484,0.70976310968399,0.73745485395193,0.7906038910150501,0.8884302675724,1.06447744369506,1.49018205329775,2.0696283839643,3.10516170784831
744.0,0.68803036212921,0.6880588084459299,0.68849696218967,0.69048911333084,0.6962596774101201,0.7096924185752801,0.73738285899162,0.79052808880805,0.8883468210697101,1.0643820464611,1.4900590274482899,2.06947115063667,3.10495170205831
745.0,0.68796271085739,0.68799187988042,0.6884285807609499,0.69042056798934,0.69619095325469,0.70962300896644,0.73731018602848,0.7904522418975801,0.8882634937763201,1.06428670883178,1.4899346511811,2.06931469962,3.10474102944135
746.0,0.68789517879486,0.6879230141639701,0.6883612275123501,0.6903526186943,0.6961224079132,0.70955362915992,0.73723857849836,0.79037567973136,0.8881806433200801,1.06419268250465,1.48981282301247,2.0691605657339003,3.1045338883996
747.0,0.6878262162208499,0.6878555491566599,0.68829329311847,0.69028443098068,0.69605404138565,0.70948329567909,0.73716705292463,0.79030022025108,0.8880979716777799,1.0640979707241,1.48969041369855,2.06900518015027,3.10432723909616
748.0,0.6877599954605099,0.68778805434703,0.68822534382343,0.69021672010421,0.69598561525344,0.7094145566225,0.73709663003683,0.79022586345672,0.8880165219306899,1.06400433182716,1.48956886865198,2.06884988769888,3.10411915928125
749.0,0.6876928210258401,0.68772076815366,0.68815879523754,0.69014996290206,0.69591784477233,0.7093458920717199,0.73702555894851,0.79015070199966,0.8879342675209,1.06391060352325,1.48944787681102,2.068697091192,3.1039127223193597
750.0,0.68762516975402,0.6876535192131901,0.6880916506052,0.69008255004882,0.69585061073303,0.7092773169279,0.7369554564356801,0.7900767326354899,0.8878529965877501,1.0638176202774,1.48932695761322,2.06854236125946,3.10370916128158
751.0,0.68755912780761,0.68758735805749,0.68802526593208,0.69001603126525,0.69578313827514,0.70920890569686,0.73688553273677,0.79000188410282,0.8877722620964,1.06372439861297,1.48920696415007,2.06839041411876,3.10350435972213
752.0,0.68749237060546,0.6875215992331499,0.6879590302705699,0.68994957208633,0.6957165002822799,0.70914103090763,0.73681480437517,0.78992836177349,0.88769176602363,1.0636323988437602,1.48908670805394,2.0682392977178,3.1033022962510497
753.0,0.6874265074729901,0.68745562434196,0.6878932565450601,0.68988293409347,0.69564962387084,0.7090737968683201,0.73674508184194,0.78985498845577,0.8876113295555099,1.0635400712490002,1.48896676301956,2.06808845698833,3.1031002439558497
754.0,0.68736088275909,0.68738997727632,0.68782658874988,0.68981677293777,0.6955832839012099,0.70900616049766,0.73667576909065,0.7897813469171501,0.88753113150596,1.06344828009605,1.48884915933012,2.06793770194053,3.10289575532078
755.0,0.68729531764984,0.68732449412345,0.68776102364063,0.6897512078285201,0.69551759958267,0.7089385986328101,0.73660630732774,0.78970812261104,0.88745135068893,1.0633580684661799,1.48873037658631,2.06778736412525,3.10269634798169
756.0,0.68723005056381,0.68725926429033,0.68769663572311,0.68968617916107,0.69545185565948,0.70887215435504,0.73653820902109,0.7896361649036401,0.88737231492996,1.0632667839527101,1.48861344717442,2.06763715669512,3.10249745100736
757.0,0.68716567754745,0.68719393759965,0.68763165175914,0.6896207928657501,0.6953862905502299,0.70880578458309,0.7364690974354701,0.78956413269042,0.88729286193847,1.06317600607872,1.488495266065,2.06748747453093,3.10229768231511
758.0,0.68710052967071,0.68712889403104,0.68756648898124,0.6895563006401,0.69532090425491,0.70873889327049,0.73640114068984,0.78949159383773,0.8872148990631099,1.06308528780937,1.48837913945317,2.06734114512801,3.1020990461110998
759.0,0.68703687191009,0.6870647072792,0.6875018030405,0.6894916296005199,0.6952554583549401,0.70867317914962,0.7363324612379,0.78941994905471,0.8871356546878799,1.06299576163291,1.48826313391327,2.06719182431697,3.1019012592732897
760.0,0.6869728565216,0.68700085580348,0.68743816018104,0.68942707777023,0.69519084692001,0.70860759913921,0.7362657263875,0.7893484234809799,0.88705796003341,1.06290635466575,1.4881459679454498,2.0670462809503,3.10170394927263
761.0,0.68690818548202,0.68693731725215,0.6873735934495899,0.68936342000961,0.69512641429901,0.70854204893112,0.736197181046,0.78927704691886,0.88698008656501,1.06281706690788,1.48803053796291,2.06689780950546,3.10150874778628
762.0,0.68684434890747,0.68687269836664,0.6873102635145101,0.68929982185363,0.6950619220733599,0.70847661793231,0.73612992465496,0.78920669853687,0.8869026005268,1.06272900104522,1.48791589587926,2.0667524933815002,3.10131264105439
763.0,0.68678212165832,0.68681009858846,0.68724729120731,0.68923562765121,0.69499826431274,0.70841237902641,0.73606365174055,0.78913576900959,0.88682550191879,1.06264102458953,1.48780123889446,2.06660762429237,3.10111854597926
764.0,0.68671756982803,0.6867469027638401,0.68718416988849,0.68917268514633,0.6949343681335399,0.70834748446941,0.7359975054860101,0.78906489908695,0.8867494165897299,1.0625534057617099,1.4876873437315201,2.06646350398659,3.1009255498647597
765.0,0.6866557598114,0.6866837143898,0.6871214509010299,0.6891099214553801,0.69487100839614,0.7082827389240199,0.73593071103096,0.7889950126409501,0.8866726458072601,1.0624648034572601,1.48757522553205,2.06631886959075,3.10073118656873
766.0,0.686592400074,0.68662157654762,0.68705886602401,0.68904727697372,0.69480812549591,0.70821914076805,0.73586479574441,0.7889263480901699,0.88659596443176,1.06237769126892,1.4874618779867799,2.0661750137805903,3.10054057836532
767.0,0.6865306496620099,0.68655958771705,0.68699641525745,0.68898469209671,0.69474500417709,0.70815461874008,0.73579911142587,0.78885579109191,0.8865205645561199,1.0622912943363099,1.48734829574823,2.0660314559936497,3.10034814476966
768.0,0.68646842241287,0.68649666756391,0.68693427741527,0.6889223456382699,0.69468235969543,0.7080913335084901,0.73573354631662,0.78878761827945,0.88644540309906,1.06220445036888,1.4872358627617301,2.0658913441002302,3.1001584939658597
769.0,0.68640702962875,0.68643502891063,0.68687207996845,0.68885987997055,0.69462037086486,0.7080283910036,0.73566810041666,0.78871837258338,0.8863694369792899,1.06211844086647,1.48712515830993,2.06574811041355,3.0999683141708303
770.0,0.6863454580307,0.68637360632419,0.68681018054485,0.68879812955856,0.69455796480178,0.7079651504755,0.73560288548469,0.78864929080009,0.88629454374313,1.06203210353851,1.4870128277689199,2.06560793891549,3.0997796729207003
771.0,0.6862836480140599,0.68631189316511,0.68674950301647,0.68873679637908,0.69449567794799,0.70790147781372,0.73553854972124,0.7885812968015601,0.8862198293209,1.061946362257,1.48690246976912,2.06546613201498,3.0995925627648804
772.0,0.68622243404388,0.6862516105174999,0.6866879016160901,0.68867528438568,0.69443392753601,0.7078388631343799,0.73547356575727,0.78851357102394,0.88614553213119,1.0618621408939302,1.48679328523576,2.06532675400376,3.0994031615555198
773.0,0.68616253137588,0.68619054555892,0.68662740290164,0.68861460685729,0.69437301158905,0.7077774107456201,0.73540870845317,0.78844499588012,0.8860714137554101,1.06177687644958,1.48668361268937,2.0651882886886503,3.0992174297571102
774.0,0.68610143661499,0.68612941354513,0.68656602501869,0.68855369091033,0.69431149959564,0.7077150195837,0.73534483462572,0.7883782088756499,0.8859983682632401,1.0616922378540001,1.48657273873686,2.06504933908581,3.09902965277433
775.0,0.68604147434234,0.68606930971145,0.68650574982166,0.68849325180053,0.69425082206726,0.7076531201601001,0.7352821752429,0.7883109152317,0.8859245181083599,1.06160831451416,1.4864636659622101,2.06491093337535,3.09884438291192
776.0,0.68598008155822,0.68600951880216,0.6864459067583,0.6884333491325301,0.6941895484924301,0.70759131014347,0.7352175414562201,0.7882435470819399,0.88585087656974,1.06152364611625,1.4863553531467901,2.06477282568812,3.09866165369749
777.0,0.6859204769134499,0.68594880402088,0.68638615310192,0.68837302923202,0.6941291689872701,0.70753023028373,0.73515531420707,0.78817665576934,0.8857785761356299,1.06144019961357,1.486246984452,2.0646350868046204,3.09847747161984
778.0,0.68586087226867,0.6858891993761,0.68632653355598,0.6883133649826,0.69406932592391,0.70746864378452,0.73509197682142,0.78811056911945,0.8857063055038399,1.0613579750061,1.48613890632987,2.06449799984693,3.0982947200536697
779.0,0.6858012676239,0.68582961708307,0.6862669587135299,0.68825381994247,0.69400960206985,0.7074081003665901,0.7350288182497,0.78804472088813,0.88563340902328,1.06127500534057,1.48603186570107,2.06436062976717,3.09811082854866
780.0,0.68574339151382,0.68577126413583,0.68620769679546,0.68819433450698,0.69394981861114,0.7073471397161399,0.73496680706739,0.7879788428544899,0.8855612874030999,1.06119263172149,1.48592586256563,2.06422651931643,3.09792982041835
781.0,0.6856841444969101,0.68571201711893,0.6861485689878399,0.6881353855133,0.6938903927803,0.70728681981563,0.7349038347601801,0.78791320323944,0.88548976182937,1.06111100316047,1.48581952042877,2.06409056857228,3.09774966165423
782.0,0.68562579154968,0.6856537684798201,0.68609042465686,0.68807607889175,0.69383084774017,0.70722691714763,0.7348420172929699,0.78784771263599,0.88541823625564,1.06102833151817,1.48571274615824,2.0639570839703003,3.09756732732057
783.0,0.68556672334671,0.6855957731604501,0.68603165447711,0.6880174279212901,0.69377154111862,0.70716716349124,0.73478046804666,0.78778257966041,0.8853469192981699,1.06094682216644,1.48560789600014,2.0638216137886,3.09738908708095
784.0,0.68550866842269,0.6855369284749,0.68597288429737,0.68795949220657,0.69371271133422,0.7071075439453101,0.73471887409687,0.78771719336509,0.88527590036392,1.060865432024,1.48550185002386,2.06368818134069,3.09720899164676
785.0,0.68545126914978,0.68547903746366,0.6859154105186399,0.68790102005004,0.6936547756195001,0.70704795420169,0.7346575707197099,0.78765225410461,0.88520577549934,1.06078442931175,1.4853979125618901,2.06355606764554,3.0970329158008
786.0,0.68539333343505,0.6854213103651999,0.68585783243179,0.6878433227539,0.6935962438583301,0.70698857307434,0.7345972359180399,0.7875882089138,0.88513502478599,1.06070435047149,1.4852924887090901,2.06342323869466,3.09685406833887
787.0,0.68533468246459,0.68536383658647,0.68579979240894,0.6877850294113099,0.69353848695755,0.70692920684814,0.73453607410192,0.7875245213508599,0.88506549596786,1.0606236159801399,1.48518908396363,2.06329172849655,3.0966773964464602
788.0,0.68527847528457,0.6853063404559999,0.68574257194995,0.68772763013839,0.6934800744056699,0.7068703174591,0.73447585105896,0.78746071457862,0.8849952518939899,1.06054475903511,1.48508570343256,2.06315968930721,3.09650263562798
789.0,0.6852208971977201,0.68524897843599,0.6856857687234801,0.68767064809799,0.69342255592346,0.70681248605251,0.73441489785909,0.78739695250988,0.88492622971534,1.06046447157859,1.4849831983447,2.06302883103489,3.09632634371519
790.0,0.6851634383201499,0.68519182503223,0.68562893569469,0.68761384487152,0.69336509704589,0.70675389468669,0.7343550175428301,0.78733371198177,0.88485699892044,1.0603850781917499,1.48487900942564,2.06289776787161,3.09615216404199
791.0,0.68510764837265,0.6851356476545301,0.68557231128215,0.68755716085433,0.6933082342147799,0.70669628679752,0.73429533094167,0.78727015852928,0.8847883939743,1.06030681729316,1.48477661795914,2.06276697665452,3.09597885981202
792.0,0.68505024909973,0.6850785985589,0.68551571667194,0.6875005364418,0.69325071573257,0.70663784444332,0.7342357262968999,0.7872080206870999,0.8847185373306201,1.06022754311561,1.48467462882399,2.06263879686594,3.0958034433424397
793.0,0.68499451875686,0.68502359092235,0.68545930087566,0.68744415044784,0.6931940913200301,0.70658034086227,0.73417620360851,0.78714489936828,0.88465130329132,1.0601495504379201,1.48457292839884,2.06250897422432,3.095632776618
794.0,0.68493908643722,0.68496693670749,0.68540303409099,0.6873876452445901,0.6931374669075,0.70652343332767,0.73411703109741,0.7870829403400399,0.88458281755447,1.06007108092308,1.4844716973602698,2.06238120421767,3.09546007588505
795.0,0.6848828792571999,0.6849111020565,0.68534703552722,0.6873317956924401,0.69308173656463,0.70646625757217,0.73405877500772,0.7870199531316701,0.8845148384571001,1.0599935054779,1.4843721166252999,2.06225220113992,3.09528822824358
796.0,0.6848275065422,0.68485552817583,0.68529216945171,0.68727630376815,0.69302535057067,0.7064094543457,0.7339996472000999,0.78695841133594,0.88444679975509,1.05991601943969,1.48427171632647,2.06212559342384,3.09511832147836
797.0,0.68477225303649,0.68480020761489,0.68523617088794,0.68722063302993,0.6929695010185201,0.70635285973548,0.73394159972667,0.7868967652320801,0.88438004255294,1.05983865261077,1.48417082615196,2.06199924647808,3.09494707733392
798.0,0.6847164630889799,0.68474479019641,0.68518148362636,0.687165081501,0.69291377067565,0.70629620552062,0.73388271033763,0.7868351638317099,0.88431248068809,1.05976212024688,1.4840722233057,2.06187289208173,3.09477741271257
799.0,0.68466120958328,0.68469040840864,0.6851262599229799,0.6871103644371,0.6928584575653,0.70623975992202,0.7338248118758199,0.7867747545242301,0.8842461109161299,1.05968523025512,1.48397249914705,2.06174708530306,3.09461035579442
800.0,0.68460708856582,0.68463616818189,0.68507185578346,0.68705570697784,0.69280290603637,0.70618368685245,0.73376718908548,0.78671351075172,0.88417905569076,1.05960944294929,1.48387297056615,2.06162155419588,3.09444047883152
801.0,0.68455326557159,0.68458124250173,0.68501754105091,0.68700045347213,0.69274818897247,0.7061273455619801,0.73370952904224,0.7866524159908199,0.88411289453506,1.05953273177146,1.4837751761078801,2.06149623915553,3.09427439793944
802.0,0.68449926376342,0.6845271810889201,0.68496257066726,0.6869464516639701,0.69269329309463,0.70607161521911,0.73365212231874,0.7865922898054101,0.88404685258865,1.0594571828842099,1.48367749154567,2.0613714978098803,3.09410643205046
803.0,0.6844444274902299,0.6844724714756,0.68490870296955,0.68689256906509,0.69263881444931,0.70601679384708,0.7335958778858099,0.78653149306774,0.88398119807243,1.05938255786895,1.48357855528593,2.06124660000205,3.09394266083836
804.0,0.68439078330993,0.68441873788833,0.68485461175441,0.6868383288383401,0.6925848126411399,0.70596116781234,0.73353835940361,0.78647157549858,0.88391563296318,1.05930635333061,1.48348205909132,2.0611222833395,3.0937757715582803
805.0,0.68433713912963,0.68436509370803,0.68480096757411,0.6867845654487601,0.6925304532051,0.7059066891670199,0.73348230123519,0.78641185164451,0.88385015726089,1.05923211574554,1.48338519036769,2.0610001906752498,3.09361059218645
806.0,0.6842834949493399,0.6843114718794799,0.68474741280078,0.68673092126846,0.69247674942016,0.70585218071937,0.73342518508434,0.78635236620903,0.8837850689888,1.05915722250938,1.48328916728496,2.06087671220302,3.0934481285512403
807.0,0.6842310428619299,0.68425895273685,0.68469421565532,0.68667745590209,0.69242227077484,0.70579671859741,0.73336940258741,0.78629279136657,0.88372009992599,1.05908322334289,1.4831914808601099,2.06075561419129,3.0932839177548797
808.0,0.6841777563095,0.6842057332396501,0.6846418827772099,0.68662440776824,0.69236946105957,0.70574276149272,0.73331355303525,0.78623366355896,0.88365593552589,1.05900955200195,1.48309563100337,2.06063256412744,3.0931196510791703
809.0,0.68412429094314,0.68415336310863,0.68458892405033,0.68657106161117,0.6923158764839099,0.70568895339965,0.73325688391923,0.7861751914024301,0.88359126448631,1.0589359998703,1.48300011083483,2.06051240116357,3.09295663237571
810.0,0.6840711236,0.68410032242536,0.68453572690486,0.6865182518959,0.69226294755935,0.7056348174810401,0.73320217430591,0.7861161082982999,0.88352760672569,1.0588622093200601,1.48290479928255,2.06039217114448,3.09279471263289
811.0,0.68401902914047,0.68404733389616,0.68448393046855,0.6864658594131401,0.69220966100692,0.70558115839958,0.73314682394266,0.78605836629867,0.8834633231163,1.0587891340255702,1.48281140066683,2.0602716915309403,3.09263396635651
812.0,0.68396753072738,0.68399546295404,0.6844312697649,0.68641328811645,0.69215685129165,0.7055275291204399,0.73309122025966,0.78600028157234,0.8834002017974799,1.05871614813804,1.48271701671183,2.06015244498848,3.09247321635484
813.0,0.68391555547714,0.68394354730844,0.6843796223402,0.68636149168014,0.69210445880889,0.70547437667846,0.7330359965562799,0.78594160079956,0.8833368718624101,1.0586439669132202,1.4826223365962499,2.0600304454565,3.09231347590684
814.0,0.68386250734329,0.6838917061686499,0.68432711064815,0.68630903959274,0.6920518875121999,0.70542089641094,0.73298196494579,0.78588487207889,0.88327315449714,1.0585719645023302,1.4825283046811801,2.0599141418933797,3.09215490147471
815.0,0.6838122010231,0.68384007364511,0.68427599966526,0.6862578392028801,0.69200009107589,0.70536756515502,0.73292779177427,0.7858271151780999,0.8832103908061901,1.05849912762641,1.48243603482842,2.05979481711983,3.09199526533484
816.0,0.68376058340072,0.6837885826826,0.68422465026378,0.68620634078979,0.69194763898849,0.70531573891639,0.73287291824817,0.78576876223087,0.8831478953361499,1.05842757225036,1.48234226182103,2.0596765615045998,3.09183825552463
817.0,0.6837087869644101,0.6837370544672,0.6841726750135401,0.68615460395812,0.69189643859863,0.70526295900344,0.73281899839639,0.7857125401496801,0.88308522105216,1.05835604667663,1.4822488613426599,2.0595581270754297,3.09168100729584
818.0,0.68365877866745,0.6836866736412001,0.6841215640306401,0.6861031651496801,0.69184499979019,0.7052101492881699,0.73276517540216,0.78565502166748,0.88302293419837,1.0582857429981198,1.48215741850435,2.0594401694834197,3.09152212366461
819.0,0.683607339859,0.6836355403065599,0.68407081067562,0.6860523819923401,0.69179326295852,0.70515848696231,0.7327115312218601,0.78559891879558,0.8829615712165799,1.05821433663368,1.48206615261733,2.059325132519,3.09136719256639
820.0,0.68355745077133,0.68358532339334,0.68402014672756,0.68600171804428,0.69174194335937,0.7051060050725899,0.73265788704156,0.78554205596446,0.88289976119995,1.05814346671104,1.48197334446012,2.05920772626996,3.09121114388108
821.0,0.68350601196289,0.68353423476219,0.6839694827795001,0.6859510540962199,0.69169110059738,0.70505446195602,0.73260442912578,0.78548616170883,0.8828380405902799,1.05807253718376,1.48188285157084,2.05909259244799,3.0910553559660903
822.0,0.6834562420845001,0.6834841817617401,0.6839192658662699,0.6859005093574501,0.69164043664932,0.70500349998474,0.73255113512277,0.7854300141334499,0.88277727365493,1.05800282955169,1.48179226927459,2.05897561460733,3.0909017510712102
823.0,0.68340516090393,0.6834334880113601,0.68386884033679,0.68585002422332,0.69158977270126,0.70495215058326,0.73249872028827,0.7853745520114801,0.88271567225456,1.05793285369873,1.4817003738135,2.05886122956872,3.0907461158931198
824.0,0.68335545063018,0.68338454514741,0.68381957709789,0.68580001592636,0.69153928756713,0.70490033924579,0.7324456349015199,0.78531877696514,0.8826552927494,1.0578633248806,1.48161042854189,2.0587474741041603,3.09059411659836
825.0,0.68330597877502,0.68333395570516,0.6837696582078899,0.68575054407119,0.69148927927017,0.7048494964838,0.73239259421825,0.78526312112808,0.8825950920581801,1.05779409408569,1.4815207738429301,2.05863370373845,3.09044160321354
826.0,0.68325608968734,0.68328439444303,0.6837198138236901,0.6857007145881601,0.69143962860107,0.7047983855009,0.73234038054943,0.7852078378200501,0.8825340867042499,1.05772545933723,1.4814314860850502,2.0585204921662803,3.0902884863317
827.0,0.68320673704147,0.6832358688116,0.68367101252079,0.6856510043144199,0.69138979911804,0.70474816858768,0.73228854686021,0.78515350818634,0.88247436285018,1.05765652656555,1.4813422169536299,2.0584046468138597,3.09013647213578
828.0,0.6831584572792,0.6831864118576,0.68362133204936,0.68560218811035,0.69133961200714,0.7046975493430999,0.7322369068861,0.7850985378026899,0.88241428136825,1.05758833885192,1.48125308007001,2.0582942701876097,3.08998622745275
829.0,0.6831092238426201,0.68313715606927,0.68357279896736,0.68555265665054,0.69129067659378,0.70464816689491,0.73218417912721,0.7850432246923399,0.88235467672348,1.0575194358825601,1.48116443865001,2.05818150192499,3.0898346751928303
830.0,0.6830594539642301,0.6830878034233999,0.6835242807865101,0.6855040192604,0.69124108552932,0.7045976966619399,0.73213355243206,0.78498913347721,0.8822951614856699,1.05745139718055,1.48107605800032,2.05806868523359,3.08968349173665
831.0,0.68301135301589,0.6830395981669399,0.6834747642278599,0.68545532226562,0.6911923289299,0.7045477926731101,0.73208206146955,0.78493528068065,0.8822359442710801,1.05738294124603,1.48098780401051,2.05795679613947,3.08953480422496
832.0,0.68296247720718,0.6829916536808001,0.68342676758766,0.68540656566619,0.69114291667938,0.70449784398078,0.73203068971633,0.78488063812255,0.88217774033546,1.0573154389858201,1.48090127669274,2.05784448236227,3.08938547968864
833.0,0.68291443586349,0.68294355273246,0.68337850272655,0.68535810708999,0.6910947561264,0.70444869995117,0.7319802641868499,0.78482687473297,0.8821187317371301,1.05724874138832,1.48081362247467,2.05773552879691,3.0892370454967
834.0,0.68286663293838,0.68289570510387,0.68333059549331,0.68531012535095,0.69104623794555,0.70439901947975,0.73192902654409,0.7847733497619599,0.88205957412719,1.0571813583374,1.48072629980742,2.0576239153742697,3.0890894234180397
835.0,0.68281894922256,0.68284799903631,0.68328174948692,0.68526184558868,0.69099748134613,0.7043503075838,0.7318789362907401,0.78471972048282,0.88200184702873,1.0571146011352501,1.48064080066978,2.05751303955912,3.088941834867
836.0,0.68277126550674,0.68279917538166,0.68323405086994,0.68521410226821,0.69094920158386,0.70430114865303,0.73182778805494,0.7846671938896099,0.8819434046745299,1.05704733729362,1.48055328615009,2.05740436166524,3.08879607543349
837.0,0.68272358179092,0.6827526316046699,0.6831875294446901,0.68516641855239,0.6909013390541,0.70425264537334,0.7317780554294501,0.7846139371395101,0.88188579678535,1.05698129534721,1.4804680589586399,2.05729618296027,3.08864900842309
838.0,0.68267595767974,0.6827050521969701,0.68313986063003,0.68511879444122,0.69085353612899,0.70420429110527,0.73172807693481,0.7845617830753301,0.8818275630474,1.05691561102867,1.4803819414228199,2.05718559399247,3.08850384876132
839.0,0.68262863159179,0.6826577037572801,0.6830927580595,0.68507170677185,0.69080591201782,0.70415529608726,0.73167745769023,0.78450867533683,0.88177043199539,1.05684986710548,1.48029737360775,2.05707795172929,3.08835713937878
840.0,0.68258213996887,0.68261034041643,0.68304531276226,0.68502432107925,0.6907582879066401,0.70410741865634,0.73162861168384,0.78445664048194,0.88171342015266,1.05678430199623,1.4802125617861701,2.05697068572044,3.08821210265159
841.0,0.68253487348556,0.68256309628486,0.6829980164766299,0.68497687578201,0.6907108426094,0.70405922830104,0.73157906532287,0.78440380096435,0.8816562294959999,1.0567187368869702,1.48012658953666,2.0568631924688803,3.08806961029768
842.0,0.68248897790908,0.6825168505311,0.68295210599899,0.6849308013916,0.69066387414932,0.7040113806724501,0.73152957111597,0.7843518108129501,0.88159966468811,1.05665335059165,1.48004276305437,2.05675621703267,3.08792500570416
843.0,0.68244284391403,0.68247071653604,0.6829052418470299,0.68488407135009,0.69061714410781,0.70396369695663,0.73148020356893,0.7843010276556,0.8815428912639599,1.05658826231956,1.4799590501934201,2.0566497221589,3.0877834782004303
844.0,0.68239575624465,0.68242365866899,0.68285852670669,0.68483734130859,0.6905704140663099,0.70391617715358,0.73143190145492,0.78424833714962,0.8814864456653501,1.0565241575241,1.47987530194222,2.05654275044798,3.0876392647624
845.0,0.6823496818542399,0.68237781524658,0.68281283974647,0.68479150533676,0.69052362442016,0.70386900007724,0.73138280212879,0.7841968387365301,0.88143020868301,1.05646002292633,1.47979024983942,2.05643653869628,3.08749799057841
846.0,0.68230414390563,0.68233197182416,0.68276615440845,0.68474495410919,0.69047725200653,0.7038215100765199,0.73133351653814,0.7841465473175,0.8813739717006599,1.05639624595642,1.47970742173492,2.05633051693439,3.08735563978552
847.0,0.6822581887245099,0.68228604644536,0.6827206313609999,0.684699177742,0.6904306411743101,0.70377515256404,0.73128538578748,0.78409487009048,0.8813180327415401,1.05633148550987,1.47962457127869,2.05622454732656,3.08721460402011
848.0,0.68221145868301,0.68224055320024,0.6826751679182,0.68465280532836,0.69038486480712,0.70372815430164,0.73123749345541,0.78404472768306,0.8812628388404801,1.05626785755157,1.4795418344438,2.0561191365122697,3.087073456496
849.0,0.68216705322265,0.68219490349292,0.68262906372547,0.68460726737976,0.69033885002136,0.70368126034736,0.73118870705366,0.7839935272931999,0.88120707869529,1.0562042295932699,1.4794610291719401,2.05601575225591,3.08693461492657
850.0,0.6821214556694,0.6821494475007,0.68258376419544,0.68456226587295,0.6902932524680999,0.70363508164882,0.73114091902971,0.78394341468811,0.881152510643,1.05614086985588,1.4793786797672501,2.05591074377298,3.0867966860532703
851.0,0.68207561969757,0.6821038872003501,0.68253883719444,0.6845167875289899,0.69024759531021,0.70358836650848,0.73109323531389,0.7838923335075301,0.8810968995094299,1.05607768893241,1.47929682582616,2.05580855160951,3.08665710315108
852.0,0.68203163146972,0.68205946683883,0.6824939697980801,0.6844719052314701,0.69020193815231,0.70354269444942,0.7310456559062,0.78384259343147,0.8810423016548099,1.0560154020786199,1.47921486012637,2.05570375174284,3.08651715889573
853.0,0.68198609352111,0.68201431632041,0.68244925141334,0.68442630767822,0.6901564598083401,0.7034964710474,0.7309990748763,0.7837927639484399,0.8809871375560699,1.05595242977142,1.4791335389017999,2.0556014403700797,3.0863787792623
854.0,0.6819421648979099,0.68197005987167,0.68240454792976,0.68438154458999,0.69011157751083,0.70345097780227,0.73095151782035,0.78374207019805,0.88093289732933,1.0558903217315598,1.47905346192419,2.05549750477075,3.08624149486422
855.0,0.68189674615859,0.68192499130964,0.68235985934734,0.68433690071105,0.69006675481796,0.7034054249525,0.73090434074401,0.7836932688951401,0.88087907433509,1.0558283329009999,1.47897270880639,2.05539574474096,3.08610565215349
856.0,0.68185311555862,0.68188082426786,0.68231531977653,0.6842930316925,0.69002205133438,0.70335939526557,0.73085801303386,0.7836438715457901,0.8808252811431799,1.05576583743095,1.47889162227511,2.05529478937387,3.08596945181489
857.0,0.68180775642395,0.68183608353137,0.6822708398103701,0.68424850702285,0.68997734785079,0.70331417024135,0.73081182688474,0.78359419107437,0.88077118992805,1.0557049810886299,1.4788127467036198,2.0551932640373702,3.08583335578441
858.0,0.68176400661468,0.68179310113191,0.6822267323732301,0.68420445919036,0.6899327635765,0.70326924324035,0.7307647764682701,0.7835449874401,0.8807175457477501,1.0556434392929,1.4787323549389801,2.0550899542868097,3.08569717034697
859.0,0.68172049522399,0.68174844980239,0.6821834295988001,0.68416005373001,0.68988823890686,0.70322448015213,0.7307177260518,0.78349657356739,0.88066434860229,1.05558228492736,1.47865361906588,2.05498944595456,3.08556119352579
860.0,0.68167650699615,0.6817045360803601,0.68213947117328,0.68411618471145,0.68984419107437,0.70317961275577,0.7306717261672,0.7834475636482201,0.8806108534336001,1.05552086234092,1.4785736687481401,2.05488894507288,3.0854264982044697
861.0,0.68163287639617,0.6816618964076,0.68209558725357,0.68407267332077,0.6898005604743901,0.7031350731849599,0.73062600195407,0.7833993732929199,0.88055738806724,1.05546060204505,1.47849512100219,2.05478858202695,3.08529148995876
862.0,0.68159049749374,0.68161837011575,0.6820527464151299,0.6840289235115,0.6897568106651301,0.7030903846025399,0.7305801585316599,0.78335031867027,0.8805043697357099,1.0553995370864802,1.47841725312173,2.05469103902578,3.0851584598422
863.0,0.68154716491699,0.68157499283552,0.68200893700122,0.6839860677719101,0.6897124648094101,0.70304578542709,0.73053428530693,0.78330224752426,0.8804522156715301,1.0553394556045501,1.4783380068838499,2.05459095537662,3.08502607420086
864.0,0.6815032958984301,0.68153151869773,0.68196631968021,0.6839424371719299,0.68966954946517,0.70300126075744,0.73048891872167,0.78325442969799,0.8803995251655501,1.0552788972854599,1.47826010920107,2.05449148640036,3.08489336445927
865.0,0.68146002292633,0.68148911744356,0.6819227337837199,0.68389964103698,0.68962579965591,0.70295724272727,0.73044319450855,0.7832057625055301,0.88034784793853,1.05521917343139,1.47818294540047,2.05439180880784,3.0847600139677502
866.0,0.6814180612564,0.68144595623016,0.68188019096851,0.68385624885559,0.68958300352096,0.7029139101505201,0.73039887100458,0.7831580787897099,0.88029512763023,1.05515921115875,1.47810564562678,2.05429548025131,3.08462969958782
867.0,0.68137592077255,0.68140276521444,0.6818377226591099,0.6838139891624401,0.68953955173492,0.702869951725,0.73035350441932,0.7831113785505199,0.88024348020553,1.05509996414184,1.47802865505218,2.0541962645947898,3.08449819684028
868.0,0.68133294582366,0.68136060237884,0.68179459869861,0.68377065658569,0.68949675559997,0.70282611250877,0.7303081303834901,0.78306382894515,0.8801911175251,1.0550404489040301,1.47795172594487,2.05409773439168,3.0843661352992
869.0,0.68129086494445,0.6813186928629801,0.68175227940082,0.6837281584739601,0.68945389986038,0.70278340578079,0.73026399314403,0.7830165177583601,0.8801399767398801,1.0549818277359,1.47787531092762,2.0540016926825,3.08423691242933
870.0,0.68124747276306,0.6812757179141,0.6817103326320599,0.68368619680404,0.68941122293472,0.7027396708726801,0.7302187308669,0.78297020494937,0.8800886273384,1.0549226999282801,1.47779875807464,2.05390325933694,3.08410678431391
871.0,0.68120563030242,0.68123366683721,0.68166844546794,0.68364435434341,0.68936920166015,0.7026969790458599,0.73017471283674,0.78292296826839,0.8800367414951301,1.05486443638801,1.47772279754281,2.05380759015679,3.08397792652249
872.0,0.6811636686325,0.6811918541789,0.68162669241428,0.68360239267349,0.6893268227577201,0.70265434682369,0.73013067245483,0.7828766107559201,0.87998589873313,1.0548054277896801,1.4776472151279398,2.05371194705367,3.08384779095649
873.0,0.68112194538116,0.68115013092756,0.68158484995365,0.68356013298034,0.68928492069244,0.702610835433,0.7300859093666,0.7828295230865401,0.87993520498275,1.0547465980052901,1.47757126018404,2.05361437052488,3.08371905982494
874.0,0.6810804605484,0.6811084896326,0.6815432608127501,0.683518409729,0.68924230337142,0.70256866514682,0.73004300147295,0.7827825695276199,0.8798844516277301,1.05468881130218,1.47749530524015,2.05351927503943,3.08359161019325
875.0,0.6810387969017,0.681067019701,0.68150155246257,0.68347722291946,0.68920046091079,0.70252625644207,0.72999835014343,0.78273652493953,0.8798339664936001,1.05463197827339,1.47742018476128,2.05342427268624,3.08346372470259
876.0,0.680997133255,0.68102548271417,0.6814599931240001,0.6834357380867,0.68915873765945,0.70248320698738,0.7299545183777799,0.7826916873455001,0.87978327274322,1.05457326769828,1.47734661959111,2.05332977324724,3.08333633840084
877.0,0.68095713853836,0.68098500370979,0.68141885101795,0.68339413404464,0.6891171336174,0.7024409770965501,0.7299119755625699,0.78264483809471,0.8797340691089599,1.05451595783233,1.4772716220468198,2.05323577299714,3.08320905268192
878.0,0.68091583251953,0.68094370514154,0.68137852847576,0.68335264921188,0.68907630443573,0.70239907503128,0.7298684120178199,0.7825992852449399,0.87968391180038,1.05445924401283,1.47719649784266,2.05314057320356,3.08308370411396
879.0,0.68087530136108,0.68090321868658,0.6813374012708601,0.6833117008209201,0.68903475999832,0.70235733687877,0.72982498258352,0.7825536280870401,0.8796336650848301,1.0544021129608099,1.4771236423403,2.0530473254621,3.08295711502432
880.0,0.68083411455154,0.68086201697587,0.6812960803508701,0.68327158689498,0.6889938116073601,0.70231561362743,0.7297815978527,0.78250789642333,0.87958490848541,1.05434465408325,1.47704937122762,2.05295315384864,3.08283093199133
881.0,0.68079286813735,0.68082196265459,0.68125517666339,0.68323022127151,0.6889524459838801,0.70227390527725,0.72973945736885,0.78246358036994,0.8795349001884399,1.05428764224052,1.47697696462273,2.05285937339067,3.0827059559524
882.0,0.68075269460678,0.68078091740608,0.68121543526649,0.68318951129913,0.68891149759292,0.70223234593868,0.7296961918473199,0.78241817653179,0.8794852197170199,1.0542326271533902,1.4769029505550801,2.0527659617364398,3.08258171007037
883.0,0.6807130575179999,0.68074095994234,0.68117456138134,0.68314963579177,0.68887144327163,0.70219112932682,0.7296539992094,0.78237280249595,0.8794366419315299,1.05417573451995,1.47683057561516,2.0526728183031,3.0824584625661298
884.0,0.6806730031967101,0.68070089817047,0.68113496899604,0.68310898542404,0.6888302564620901,0.70214959979057,0.72961094230413,0.7823286354541701,0.87938821315765,1.05411985516548,1.47675688378512,2.05258201807737,3.08233468234539
885.0,0.68063193559646,0.6806610301136901,0.6810942441225,0.68306916952133,0.68879026174545,0.70210920274257,0.72956901043653,0.78228339552879,0.87933868169784,1.05406391620635,1.47668527066707,2.05248944088816,3.0822107940912202
886.0,0.6805934309959399,0.6806201711297,0.68105466663837,0.6830294132232599,0.68874961137771,0.7020681649446401,0.72952686250209,0.7822393625974601,0.87929040193557,1.05400750041007,1.47661181725561,2.0523965023458,3.08208741620183
887.0,0.68055343627929,0.68058127909898,0.68101517856121,0.6829890012741,0.688709795475,0.70202721655368,0.7294851168990101,0.78219535946846,0.87924215197563,1.05395296216011,1.47654036432504,2.0523066855967,3.08196455240249
888.0,0.68051266670227,0.68054182082414,0.68097501993179,0.68294978141784,0.68866938352584,0.7019869983196201,0.72944236546754,0.78215055167675,0.87919318675994,1.05389750003814,1.4764694459736298,2.05221441760659,3.08184202015399
889.0,0.68047428131103,0.6805021315813,0.6809356063604299,0.6829102039337099,0.68863010406494,0.70194607973098,0.72940064966678,0.7821075618267,0.87914535403251,1.05384230613708,1.47639799676835,2.05212474614381,3.08172115683555
890.0,0.68043464422225,0.6804626360535599,0.6808965653180999,0.682870388031,0.68858969211578,0.7019063681364,0.72935994714498,0.7820628434419601,0.87909722328186,1.0537868440151201,1.47632539831101,2.05203265696763,3.08160112053155
891.0,0.68039500713348,0.6804230362176801,0.68085758388042,0.68283087015151,0.68855017423629,0.70186561346054,0.72931834310293,0.78201910853385,0.8790495395660399,1.05373254418373,1.4762547686696,2.05194325000047,3.08148062974214
892.0,0.68035674095153,0.68038457632064,0.68081839382648,0.68279200792312,0.6885110735893201,0.70182606577873,0.72927695512771,0.78197644650936,0.8790018558502101,1.05367842316627,1.47618399560451,2.05185455083847,3.0813584588468004
893.0,0.6803171634674,0.6803453639149599,0.6807795166969299,0.68275308609008,0.68847209215164,0.70178577303886,0.72923658043146,0.7819318622350601,0.87895461916923,1.05362343788146,1.47611375711858,2.05176542326807,3.08123881369829
894.0,0.6802791953086801,0.6803070679306901,0.6807407736778199,0.68271428346633,0.6884327530860901,0.7017462849617,0.72919530421495,0.78188849985599,0.87890708446502,1.0535696744918799,1.47604367323219,2.0516744814813097,3.0811199322342797
895.0,0.68023967742919,0.6802678778767499,0.6807020306587199,0.68267554044723,0.68839383125305,0.7017066925764,0.72915481775999,0.7818460464477499,0.8788607716560299,1.05351567268371,1.4759736228734202,2.05158565565943,3.08100001141428
896.0,0.68020176887512,0.68022961169481,0.68066342175006,0.68263679742813,0.68835425376892,0.70166662335395,0.72911372780799,0.78180360794067,0.87881368398666,1.05346190929412,1.4759037364274201,2.05149750038981,3.08088072761893
897.0,0.6801625490188501,0.68019057810306,0.6806251257658,0.6825982928276,0.68831551074981,0.70162735879421,0.7290726155042601,0.7817603796720499,0.87876656651496,1.0534082949161498,1.4758342970162601,2.05140910670161,3.08076471462845
898.0,0.6801247000694199,0.6801526993513101,0.6805866062641099,0.6825596094131401,0.68827760219573,0.7015883475542001,0.72903232276439,0.78171727061271,0.87872067093849,1.05335474014282,1.47576479800045,2.05132120475173,3.08064507693052
899.0,0.68008691072463,0.68011470139026,0.68054804205894,0.6825211048126201,0.68823891878128,0.70154942572116,0.7289924025535499,0.78167504072189,0.8786737918853701,1.05330145359039,1.47569701634347,2.05123328790068,3.08052830770611
900.0,0.68004781007766,0.68007690459489,0.68050996959209,0.6824831366538999,0.68820035457611,0.7015106678009,0.72895236313343,0.78163218498229,0.87862694263458,1.0532491505146,1.47562812268733,2.05114590749144,3.08041049167513
901.0,0.68001103401184,0.68003894388675,0.68047268688678,0.6824454665184,0.68816232681274,0.70147188007831,0.7289116829633701,0.7815902531146999,0.8785812258720299,1.0531959831714601,1.47555895894765,2.05105840787291,3.08029494062066
902.0,0.67997360229492,0.68000028282403,0.68043462932109,0.6824075579643201,0.68812376260757,0.70143318176269,0.72887182980775,0.78154823184013,0.87853586673736,1.05314263701438,1.4754902627319,2.0509715154767,3.0801785737275997
903.0,0.67993456125259,0.67996365576982,0.68039672076702,0.68236970901489,0.68808585405349,0.7013944536447501,0.728833027184,0.7815063893795,0.87848922610282,1.05308961868286,1.4754230882972401,2.0508865788578903,3.08006109669804
904.0,0.67989808320999,0.67992603778839,0.68035952746868,0.68233221769332,0.68804830312728,0.70135587453842,0.72879247367382,0.7814646512269899,0.87844401597976,1.0530377626419,1.4753549285233,2.05079992488026,3.07994750514626
905.0,0.67986071109771,0.67988836765289,0.68032176792621,0.68229442834854,0.68801039457321,0.7013172507286001,0.72875378280878,0.78142294287681,0.8783988058566999,1.0529856681823702,1.47528652660548,2.05071304738521,3.0798301510512798
906.0,0.67982280254364,0.67985083162784,0.6802849322557399,0.68225753307342,0.68797260522842,0.70127917826175,0.72871427983045,0.78138133883476,0.8783526122570001,1.0529339313507,1.47522034682333,2.05062640830874,3.0797150991857003
907.0,0.67978549003601,0.6798145622014999,0.68024726212024,0.68221992254257,0.68793565034866,0.70124171674251,0.72867469489574,0.7813399285078,0.8783075213432299,1.05288219451904,1.4751519691199,2.0505426824092803,3.07960269600152
908.0,0.67974919080734,0.67977710813283,0.68021087348461,0.6821830868720999,0.68789803981781,0.7012037038803101,0.72863633185625,0.78129839897155,0.8782626092433901,1.05283057689666,1.47508587688207,2.05045669525861,3.0794877782464
909.0,0.67971295118331,0.6797397956251999,0.68017333745956,0.68214565515518,0.68786114454269,0.70116525888442,0.72859700769186,0.78125780820846,0.8782176673412301,1.05277904868125,1.4750181566923801,2.0503730103373496,3.07937484979629
910.0,0.67967569828033,0.6797035112977,0.68013677000999,0.68210935592651,0.68782359361648,0.70112738013267,0.72855876386165,0.78121665120124,0.8781730234622901,1.0527276992797798,1.47495300136506,2.05028714612126,3.07926061749458
911.0,0.67963814735412,0.67966639995574,0.6801006048917699,0.68207275867462,0.6877868771553,0.70109046995639,0.72851952165365,0.78117626905441,0.87812855839729,1.05267706513404,1.47488535195589,2.05020385608077,3.07914710789918
912.0,0.67960196733474,0.6796302050352,0.6800642460584599,0.68203538656234,0.68775010108947,0.7010526955127699,0.72848135977983,0.78113603591918,0.8780837953090599,1.0526258945465,1.47481999546289,2.05012083798646,3.0790350548923
913.0,0.6795650124549799,0.6795941889286,0.6800271719694101,0.68199932575225,0.6877127289772,0.70101594924926,0.7284422367811201,0.78109495341777,0.8780393898486999,1.0525756180286399,1.47475458122789,2.05003586784005,3.07892252877354
914.0,0.67952919006347,0.67955826222896,0.67999087274074,0.68196326494216,0.6876766085624599,0.7009781897068,0.72840433567762,0.78105401992797,0.87799510359764,1.05252456665039,1.4746877979487099,2.04995259642601,3.0788117125630303
915.0,0.67949312925338,0.67952216416597,0.67995496094226,0.68192690610885,0.68764007091522,0.70094162225723,0.7283663526177401,0.7810139954090101,0.8779518902301701,1.05247437953948,1.47462267614901,2.0498700067400897,3.07870018109679
916.0,0.67945724725723,0.6794862970709801,0.67991904914379,0.68189096450805,0.68760406970977,0.7009049952030101,0.72832755744457,0.7809740304946801,0.8779076933860701,1.05242371559143,1.4745582714676801,2.04978789761662,3.07858861982822
917.0,0.67942148447036,0.6794505342841101,0.67988327145576,0.68185436725616,0.68756729364395,0.70086741447448,0.7282906249165501,0.78093416988849,0.87786385416984,1.05237355828285,1.47449349425733,2.04970356076955,3.07847804576158
918.0,0.6793857216835,0.67941477149724,0.67984750866889,0.68181854486465,0.68753147125244,0.70083135366439,0.72825193405151,0.78089427947998,0.8778207600116701,1.0523235797882,1.47442727908492,2.04962155222892,3.0783674791455202
919.0,0.67934995889663,0.67937900871038,0.67981174588203,0.68178278207778,0.68749511241912,0.7007949054241099,0.72821430861949,0.78085467219352,0.87777692079544,1.05227422714233,1.47436295263469,2.04953905940055,3.078258972615
920.0,0.67931431531906,0.67934335023164,0.67977614700794,0.68174707889556,0.6874593496322601,0.7007578164339,0.72817748785018,0.78081496059894,0.87773403525352,1.05222454667091,1.4742990266531701,2.04945741966366,3.07814861088991
921.0,0.67927879095077,0.6793079152703201,0.67974041402339,0.68171215057373,0.6874235868453901,0.70072138309478,0.7281398773193299,0.78077536821365,0.8776904046535401,1.05217492580413,1.47423489391803,2.04937587305903,3.07803992927074
922.0,0.67924314737319,0.67927232384681,0.6797052174806499,0.68167656660079,0.6873878836631699,0.70068544149398,0.72810231149196,0.78073668479919,0.87764790654182,1.05212569236755,1.47417098656296,2.0492950156331,3.07793240621685
923.0,0.67920857667922,0.67923673987388,0.67966969311237,0.6816414594650201,0.68735265731811,0.7006496191024699,0.72806496173143,0.78069639205932,0.8776046633720299,1.05207619071006,1.4741072282195,2.04921383783221,3.07782254368066
924.0,0.67917323112487,0.67920147627592,0.67963533103466,0.68160599470138,0.68731707334518,0.70061379671096,0.7280284911394099,0.7806579917669201,0.87756198644638,1.05202782154083,1.4740436207503,2.0491349585354297,3.0777143724262697
925.0,0.6791391968727101,0.67916706204414,0.67960016429424,0.6815710067749,0.68728226423263,0.7005780339241,0.72799137234687,0.7806184291839501,0.8775196671485901,1.05197954177856,1.47398070245981,2.0490545630455,3.07760768011212
926.0,0.67910385131835,0.6791318282485,0.67956514656543,0.68153637647628,0.6872472167015,0.7005422860383901,0.72795394062995,0.78058022260665,0.8774765729904099,1.05193018913269,1.47391745261847,2.04897347092628,3.07750043272972
927.0,0.6790696382522501,0.67909753322601,0.67953093349933,0.68150156736373,0.68721181154251,0.70050656795501,0.72791771590709,0.78054094314575,0.8774347007274599,1.0518814325332602,1.4738558512181,2.04889326542615,3.07739076390862
928.0,0.67903417348861,0.67906329035758,0.6794960051774901,0.68146616220474,0.6871768236160201,0.70047086477279,0.72788064926862,0.78050300478935,0.87739238142967,1.05183327198028,1.4737929571419899,2.04881509020924,3.0772862099111
929.0,0.67899996042251,0.67902813106775,0.67946107685565,0.68143218755722,0.68714219331741,0.70043532550334,0.7278444468974999,0.7804639339447,0.87735065817832,1.05178546905517,1.47373050823807,2.04873474687337,3.07717925310134
930.0,0.67896634340286,0.67899413406848,0.67942729592323,0.6813973784446701,0.6871073842048601,0.70040018856525,0.72780854254961,0.7804267257452,0.87730875611305,1.05173656344413,1.47366723418235,2.04865482449531,3.07707240059971
931.0,0.6789321899414,0.67896002531051,0.6793925166129999,0.68136346340179,0.68707257509231,0.70036575198173,0.72777262330055,0.78038766980171,0.8772670328616999,1.05168887972831,1.47360545583069,2.04857762530446,3.07696896418929
932.0,0.67889708280563,0.67892611771821,0.6793587654829001,0.68132883310317,0.68703860044479,0.70033067464828,0.72773674130439,0.78034989535808,0.8772254884243,1.0516411960124898,1.4735444411635399,2.04849792271852,3.0768616460263702
933.0,0.67886316776275,0.6788911968469601,0.67932514846324,0.68129497766494,0.68700397014617,0.70029520988464,0.7277006655931401,0.78031226992607,0.8771837651729499,1.0515947043895701,1.47348228096961,2.0484205186367,3.07675816118717
934.0,0.67882966995239,0.6788575425744,0.6792905181646299,0.68126052618026,0.6869700551033,0.70026126503944,0.72766490280628,0.78027427196502,0.87714263796806,1.05154705047607,1.4734204486012399,2.04834109917283,3.07665258273482
935.0,0.67879563570022,0.67882467806339,0.6792571991682,0.68122720718383,0.6869354844093299,0.70022636651992,0.72762914001941,0.78023663163185,0.87710103392601,1.0514998435974099,1.47336046397686,2.0482641533017096,3.07654862478375
936.0,0.67876183986663,0.6787898689508399,0.67922265827655,0.68119275569915,0.68690174818038,0.70019140839576,0.72759369015693,0.78019903600215,0.87706071138381,1.0514531433582301,1.47329821437597,2.04818741232156,3.07644556090235
937.0,0.67872834205627,0.67875629663467,0.67918927967548,0.68115919828414,0.6868679523468,0.7001576423645,0.72755804657936,0.7801614403724599,0.87701958417892,1.0514060258865299,1.47323869541287,2.04810873791575,3.07634018361568
938.0,0.67869466543197,0.67872354388237,0.67915610969066,0.6811260581016501,0.68683356046676,0.70012280344963,0.72752244025468,0.78012397885322,0.8769788146018901,1.0513596832752201,1.47317686676979,2.0480321981012803,3.0762380175292403
939.0,0.67866230010986,0.67869012057781,0.67912308871746,0.68109250068664,0.68680042028427,0.70008909702301,0.7274868190288499,0.7800874710083,0.8769384920597,1.05131259560585,1.47311769798398,2.04795598238706,3.07613604888319
940.0,0.67862862348556,0.67865654081106,0.6790897250175401,0.6810594797134399,0.6867668032646099,0.70005431771278,0.72745149582624,0.78005002439022,0.87689766287803,1.05126568675041,1.47305630892515,2.04787970334291,3.0760309025645203
941.0,0.67859494686126,0.67862297594547,0.6790557652711801,0.68102568387985,0.6867329478263801,0.7000207453966101,0.72741696238517,0.7800126522779399,0.8768566846847501,1.05121970176696,1.47299729101359,2.0478040985762997,3.07593074440956
942.0,0.67856270074844,0.67859055846929,0.67902295291423,0.6809923052787701,0.6866994500160201,0.6999870985746299,0.72738172858953,0.77997624874114,0.8768169283866801,1.0511736869811998,1.47293628007173,2.04772578179836,3.07582823559641
943.0,0.67852908372879,0.67855724692344,0.67899005115032,0.6809594631195001,0.68666642904281,0.69995293021202,0.72734756767749,0.77993920445442,0.87677752971649,1.05112782120704,1.4728772472590201,2.04765022918581,3.07572755217552
944.0,0.67849707603454,0.67852491140365,0.67895717918872,0.6809265613555899,0.6866335272789,0.6999194175004899,0.72731321305036,0.7799029350280701,0.8767367303371401,1.05108213424682,1.47281841188669,2.04757494106888,3.07562567293643
945.0,0.67846351861953,0.67849168181419,0.67892448604106,0.68089371919631,0.68660056591033,0.6998859494924501,0.7272780612111001,0.77986693382263,0.8766971230506799,1.05103647708892,1.47275785543024,2.04749963060021,3.07552391663193
946.0,0.67843157052993,0.67845942825078,0.67889182269573,0.68086111545562,0.68656772375106,0.69985188543796,0.7272429615259101,0.7798306941986,0.8766570687294001,1.05099073052406,1.47269921377301,2.04742436856031,3.0754235684871603
947.0,0.67839831113815,0.67842652648687,0.67885906994342,0.68082839250564,0.68653494119644,0.69981887936592,0.72720887511968,0.77979385852813,0.8766175210475899,1.05094516277313,1.47264091670513,2.04734929651021,3.07532450929284
948.0,0.67836636304855,0.67839435487985,0.67882746458053,0.68079614639282,0.68650221824646,0.69978557527065,0.7271749228239,0.7797579467296599,0.8765783905982901,1.05090072751045,1.47258253023028,2.04727671295404,3.0752241909503897
949.0,0.6783344745635901,0.6783623024821199,0.67879490554332,0.68076354265213,0.6864696145057599,0.6997526288032501,0.72714097052812,0.7797219157218901,0.8765392601490001,1.05085441470146,1.4725228268653099,2.04720176011323,3.0751257315278
950.0,0.67830127477645,0.67833016067743,0.67876271903514,0.68073171377182,0.68643683195114,0.69971974194049,0.72710701078176,0.77968613803386,0.87650027871131,1.0508100092411,1.47246467508375,2.04712759703397,3.07502442970871
951.0,0.67827051877975,0.67829736322164,0.67873023450374,0.68069964647293,0.6864041686058,0.69968695938587,0.7270733863115301,0.779650375247,0.8764603734016401,1.050764888525,1.4724066182971,2.0470530614256797,3.07492519915103
952.0,0.6782373189926101,0.6782653555274,0.67869812250137,0.68066722154617,0.68637216091156,0.69965417683124,0.72703949362039,0.7796146273612901,0.87642142176628,1.05072057247161,1.47234875895082,2.0469789430499,3.07482852786779
953.0,0.67820554971694,0.67823459953069,0.67866675555706,0.68063521385192,0.6863396167755099,0.69962139427661,0.7270056828856399,0.77957913279533,0.87638276815414,1.05067560076713,1.4722914118319699,2.0469068922102402,3.07472954690456
954.0,0.67817401885986,0.67820197343826,0.67863471806049,0.6806035637855501,0.68630790710449,0.69958870112895,0.72697214037179,0.77954351902008,0.8763439357280699,1.05063250660896,1.4722338579595,2.04683301597833,3.07463129982352
955.0,0.67814201116561,0.67817022651433,0.67860275506973,0.68057173490524,0.68627589941024,0.69955609738826,0.72693843394517,0.77950881421566,0.8763052821159301,1.05058753490448,1.47217652201652,2.04675921052694,3.07453315332531
956.0,0.67811030149459,0.6781393364071799,0.67857183516025,0.68053990602493,0.68624401092529,0.69952382147312,0.72690489143133,0.77947327494621,0.8762665987014701,1.05054369568824,1.47211946733295,2.0466881170868803,3.07443541660904
957.0,0.67807984352111,0.6781076788902201,0.6785399466753,0.68050837516784,0.6862123608589099,0.69949123263359,0.72687247395515,0.77943794429302,0.8762291967868799,1.05049967765808,1.47206213325262,2.0466145612299402,3.07433727383613
958.0,0.67804843187332,0.67807622253894,0.6785088032484,0.68047666549682,0.6861805319786,0.6994597762823099,0.72683879733085,0.77940249443054,0.87619048357009,1.05045506358146,1.47200543247163,2.04654361307621,3.07424116507172
959.0,0.6780164837837199,0.67804464697837,0.67847700417041,0.68044573068618,0.68614882230758,0.69942766427993,0.72680646926164,0.7793682068586301,0.8761524260044,1.05041244626045,1.47194869443774,2.0464702732860998,3.0741457343101497
960.0,0.67798513174057,0.6780140921473501,0.6784465759992501,0.68041408061981,0.6861177682876499,0.69939517974853,0.72677310556173,0.77933314442634,0.87611410021781,1.05036854743957,1.47189207747578,2.0463993512094,3.07404971122741
961.0,0.67795497179031,0.67798267304897,0.67841486632823,0.68038320541381,0.6860860586166301,0.69936421513557,0.72674082964658,0.77929899096488,0.87607708573341,1.0503252446651399,1.47183672711253,2.04632875323295,3.07395298033952
962.0,0.6779236793518,0.67795147001743,0.6783842146396599,0.6803520917892399,0.68605518341064,0.69933213293552,0.7267075404524801,0.7792645841836899,0.87603905797004,1.05028161406517,1.4717803187668301,2.0462557747959997,3.07385732606053
963.0,0.67789340019226,0.67792008072137,0.67835360765457,0.68032139539718,0.68602353334426,0.69930025935173,0.72667534649372,0.7792296111583701,0.87600085139274,1.0502392351627299,1.4717241600155802,2.04618588835001,3.07376185059547
964.0,0.67786157131195,0.67788968235254,0.678322032094,0.68029057979583,0.6859927773475599,0.6992690265178599,0.7266421765089001,0.77919542789459,0.87596398591995,1.05019569396972,1.47166785039007,2.04611566662788,3.07366774603724
965.0,0.67783051729202,0.67785961180925,0.67829184234142,0.68025916814804,0.6859619617462099,0.69923704862594,0.7266102284193,0.7791615426540299,0.8759261071681901,1.05015286803245,1.47161207161843,2.04604329541325,3.07357248291373
966.0,0.6778002977371199,0.67782931029796,0.67826135456562,0.68022900819778,0.6859304904937701,0.69920627772808,0.72657706588506,0.77912756800651,0.87588945031166,1.05011057853698,1.47155780531466,2.0459731966256998,3.07347895577549
967.0,0.67777031660079,0.67779823392629,0.67823024094104,0.68019837141036,0.68590021133422,0.69917446374893,0.72654505074024,0.77909281849861,0.87585180997848,1.05006751418113,1.47150208801031,2.04590351134538,3.07338382303714
968.0,0.67774015665054,0.67776801437139,0.67819984257221,0.68016755580902,0.68586957454681,0.69914385676383,0.72651328891515,0.77905897796154,0.87581497430801,1.05002531409263,1.47144638560712,2.04583405330777,3.07329009100794
969.0,0.67771023511886,0.6777370795607499,0.6781698167324001,0.68013751506805,0.68583869934082,0.69911205768585,0.7264811694622,0.77902603149414,0.8757776916026999,1.0499832928180601,1.47139251045882,2.04576430097222,3.07319781929254
970.0,0.67767930030822,0.67770717293024,0.67813983559608,0.68010693788528,0.68580812215805,0.69908179342746,0.72644942253828,0.77899156510829,0.87574124336242,1.04994121193885,1.47133730910718,2.04569470882415,3.07310361042618
971.0,0.67764943838119,0.67767703533172,0.6781098991632399,0.6800770163536,0.68577802181243,0.69905020296573,0.726417735219,0.77895875275135,0.8757047951221401,1.04989936947822,1.47128329984843,2.0456259027123402,3.07301149144768
972.0,0.6776193380355799,0.67764715105295,0.67808000743389,0.6800470352172799,0.6857476234436,0.69901965558528,0.72638580203056,0.77892519533634,0.8756676316261199,1.04985761642456,1.4712283853441401,2.04555664956569,3.07291735336184
973.0,0.67758953571319,0.67761734873056,0.67804984748363,0.68001717329025,0.68571764230728,0.69898957014083,0.72635420411825,0.77889156341552,0.87563130259513,1.04981473088264,1.47117510624229,2.04548774287104,3.0728270635008803
974.0,0.6775597333908,0.67758753895759,0.67802004516124,0.67998737096786,0.68568694591522,0.69895908236503,0.72632257640361,0.7788581550121301,0.87559530138969,1.04977419972419,1.47112001106143,2.04541879147291,3.0727328993380003
975.0,0.67752993106842,0.6775577440857801,0.67799024283885,0.67995756864547,0.6856570839881799,0.6989279538393,0.72629096359014,0.77882480621337,0.8755591511726301,1.04973247647285,1.47106739878654,2.04535077512264,3.07264231145381
976.0,0.6775003671646099,0.67752802371978,0.67796079814434,0.67992776632308,0.68562716245651,0.69889748096466,0.72625947743654,0.7787923514842899,0.87552335858345,1.0496908724308,1.47101262211799,2.04528182744979,3.07255053520202
977.0,0.67747068405151,0.67749847471714,0.67793108522891,0.67989802360534,0.6855973601341201,0.69886748492717,0.72622895240783,0.77875903248786,0.87548714876174,1.04964962601661,1.47095989063382,2.04521327465772,3.07245828956365
978.0,0.6774420142173699,0.67746883630752,0.67790143191814,0.67986840009689,0.6855676770210201,0.69883757829666,0.72619842737913,0.77872651815414,0.87545135617256,1.0496080815792,1.4709068033844201,2.0451455116271897,3.07236938551068
979.0,0.67741227149963,0.67744010686874,0.67787180840969,0.6798387169837901,0.68553793430328,0.6988076120615,0.72616712003946,0.77869346737861,0.87541559338569,1.04956683516502,1.4708526302129,2.04507947713136,3.0722787715494597
980.0,0.6773828268051101,0.67741072177886,0.67784257233142,0.67980915307998,0.6855089664459201,0.69877779483795,0.72613579034805,0.77866123616695,0.87537986040115,1.04952645301818,1.47080065496265,2.04501177370548,3.07218787446618
981.0,0.6773532032966599,0.67738110572099,0.67781415581703,0.67978006601333,0.6854793429374599,0.69874750077724,0.72610450536012,0.77862811088562,0.87534454464912,1.0494853258132901,1.4707477353513199,2.04494347795844,3.07209721207618
982.0,0.67732375860214,0.67735263705253,0.67778460681438,0.67975121736526,0.68545013666152,0.69871769845485,0.72607416659593,0.7785968631505901,0.87530881166458,1.04944503307342,1.4706940613687,2.04487559571862,3.07200780138373
983.0,0.6772952079772899,0.6773232743144,0.67775554955005,0.6797221899032501,0.6854205727577201,0.69868838787078,0.7260439917445101,0.77856375277042,0.8752734363079001,1.04940477013587,1.47064175270497,2.0448107682168404,3.07191706448793
984.0,0.67726582288742,0.67729404568672,0.6777263432741101,0.67969286441802,0.68539106845855,0.6986586004495601,0.7260137349367101,0.77853193879127,0.8752379119396201,1.04936382174491,1.47058996930718,2.04474275186657,3.07182942703366
985.0,0.67723786830902,0.6772656738758001,0.67769809067249,0.67966389656066,0.6853620409965501,0.69862896203994,0.72598280757665,0.77849981188774,0.87520271539688,1.04932391643524,1.47053787857294,2.04467768967151,3.07173948734998
986.0,0.67720955610275,0.67723640054464,0.6776690483093201,0.67963570356369,0.68533337116241,0.69859926402568,0.72595256567001,0.77846705913543,0.87516835331916,1.04928374290466,1.47048635222017,2.04461058229208,3.0716525837779
987.0,0.67718023061752,0.6772082224488201,0.67764014005661,0.6796064376830999,0.6853044033050499,0.69856965541839,0.7259225770831099,0.7784360647201499,0.87513318657875,1.0492441952228502,1.47043298184871,2.04454582929611,3.0715625770390003
988.0,0.67715102434158,0.67718003690242,0.6776121109724,0.6795783042907699,0.68527549505233,0.69854035973548,0.72589161247015,0.7784033268690099,0.8750981986522599,1.04920336604118,1.47038135677576,2.04447895288467,3.07147520780563
989.0,0.6771227717399501,0.6771509945392601,0.67758293449878,0.67954951524734,0.68524694442749,0.69851188361644,0.7258617877960201,0.77837167680263,0.87506395578384,1.04916441440582,1.4703300278633802,2.04441431909799,3.0713880211114803
990.0,0.6770951151847799,0.67712271213531,0.67755512893199,0.67952078580856,0.68521803617477,0.69848276674747,0.72583182156085,0.77834078669548,0.87502914667129,1.0491249859333,1.47027866356074,2.04434804990887,3.07129926607012
991.0,0.6770669221878001,0.67709480971097,0.67752631008625,0.6794928908347999,0.6851900815963701,0.69845324754714,0.72580200433731,0.77830919623374,0.8749953508377,1.04908537864685,1.47022761963307,2.04428377002477,3.07121140509843
992.0,0.67703777551651,0.67706678807735,0.67749886214733,0.6794641613960201,0.68516129255294,0.69842429459095,0.7257722169160801,0.7782775163650499,0.8749604225158599,1.04904571175575,1.4701766744256,2.04421941563487,3.07112535461783
993.0,0.67700958251953,0.67703782767057,0.67747013270854,0.6794362664222701,0.68513256311416,0.69839583337306,0.72574242204427,0.77824601531028,0.87492671608924,1.04900619387626,1.47012575343251,2.04415283352136,3.0710380710661402
994.0,0.6769830584526,0.67700990289449,0.67744246125221,0.6794084310531601,0.68510466814041,0.69836682081222,0.72571278363466,0.77821540832519,0.87489205598831,1.04896771907806,1.47007468156516,2.04408916458487,3.07095229253172
995.0,0.67695391178131,0.67698292434215,0.6774148195981899,0.67937994003295,0.6850759983062701,0.69833792746067,0.72568414360284,0.77818410098552,0.87485837936401,1.0489284992218,1.4700239673256799,2.04402515664696,3.07086535543203
996.0,0.6769260764122,0.67695429176092,0.67738623917102,0.6793525815010001,0.68504816293716,0.69831007719039,0.72565452009439,0.77815276384353,0.8748240172863001,1.04888927936553,1.46997351571917,2.04396194964647,3.07078007236123
997.0,0.67689961194992,0.6769264340400599,0.6773590147495201,0.6793240904808,0.68502038717269,0.69828107953071,0.72562506794929,0.77812135219573,0.87479037046432,1.0488509237766201,1.46992331929504,2.04389595612883,3.07069338113069
998.0,0.67687052488327,0.67689955979585,0.67733138799667,0.67929637432098,0.684992313385,0.69825328886508,0.7255964130163101,0.77809102833271,0.8747569620609199,1.04881179332733,1.46987293846905,2.04383248463273,3.0706096775829703
999.0,0.6768426895141599,0.67687101662158,0.67730323970317,0.67926919460296,0.68496459722518,0.69822445511817,0.72556681931018,0.77806064486503,0.87472268939018,1.04877361655235,1.46982421539723,2.0437693521380402,3.0705238319933397
1000.0,0.67681628465652,0.67684414237737,0.67727574706077,0.67924159765243,0.68493682146072,0.6981968283653199,0.72553747147321,0.77802956104278,0.8746894001960701,1.04873538017272,1.4697743337601399,2.04370626434683,3.07044010236859
